GRID_ID,topic,x_label,y_label,x_val,y_val,bivar_class,respondents,color
Y-8,Safety,Safety marks,Night Lights,203.252033,30.109861,3-3,25,#3b4994
S-9,Safety,Safety marks,Night Lights,357.142857,21.708472,3-3,5,#3b4994
AJ-14,Safety,Safety marks,Night Lights,0.0,5.166548,1-1,0,#e8e8e8
T-6,Safety,Safety marks,Night Lights,0.607995,13.000104,1-2,4,#ace4e4
P-25,Safety,Safety marks,Night Lights,0.0,10.148125,1-2,0,#ace4e4
V-17,Safety,Safety marks,Night Lights,1555.555556,38.397084,3-3,14,#3b4994
Z-11,Safety,Safety marks,Night Lights,0.0,14.419834,1-2,0,#ace4e4
X-19,Safety,Safety marks,Night Lights,0.0,16.171875,1-2,0,#ace4e4
AE-17,Safety,Safety marks,Night Lights,,9.895,1-2,1,#ace4e4
Z-7,Safety,Safety marks,Night Lights,806.451613,26.005694,3-3,25,#3b4994
R-9,Safety,Safety marks,Night Lights,0.0,12.0625,1-2,0,#ace4e4
AB-10,Safety,Safety marks,Night Lights,41.677453,18.579028,3-2,161,#8c62aa
AJ-12,Safety,Safety marks,Night Lights,,5.676833,1-1,1,#e8e8e8
M-24,Safety,Safety marks,Night Lights,0.0,3.009896,1-1,0,#e8e8e8
M-13,Safety,Safety marks,Night Lights,0.657678,27.767778,1-3,2,#5ac8c8
R-20,Safety,Safety marks,Night Lights,68.329016,22.160278,3-3,211,#3b4994
AB-18,Safety,Safety marks,Night Lights,0.538648,13.020834,1-2,2,#ace4e4
Y-13,Safety,Safety marks,Night Lights,19.351056,31.867639,2-3,99,#5698b9
U-19,Safety,Safety marks,Night Lights,14.580093,18.88375,2-2,75,#a5b4c2
K-16,Safety,Safety marks,Night Lights,1.2463,32.666945,1-3,8,#5ac8c8
X-13,Safety,Safety marks,Night Lights,18.748804,34.747604,2-3,98,#5698b9
L-25,Safety,Safety marks,Night Lights,,3.491979,1-1,0,#e8e8e8
U-20,Safety,Safety marks,Night Lights,,6.761389,1-1,23,#e8e8e8
P-17,Safety,Safety marks,Night Lights,12.17862,29.437222,2-3,9,#5698b9
I-14,Safety,Safety marks,Night Lights,12.592593,22.222917,2-3,34,#5698b9
AH-15,Safety,Safety marks,Night Lights,,2.385139,1-1,0,#e8e8e8
I-7,Safety,Safety marks,Night Lights,,3.324167,1-1,0,#e8e8e8
G-8,Safety,Safety marks,Night Lights,,25.77125,1-3,0,#5ac8c8
X-3,Safety,Safety marks,Night Lights,,7.741111,1-2,1,#ace4e4
O-11,Safety,Safety marks,Night Lights,4.927212,29.884375,2-3,22,#5698b9
Q-15,Safety,Safety marks,Night Lights,,11.212917,1-2,0,#ace4e4
Q-8,Safety,Safety marks,Night Lights,23.255814,11.935833,2-2,5,#a5b4c2
U-8,Safety,Safety marks,Night Lights,75.257732,22.995416,3-3,73,#3b4994
I-8,Safety,Safety marks,Night Lights,0.0,8.180625,1-2,0,#ace4e4
L-10,Safety,Safety marks,Night Lights,27.027027,6.269861,2-1,1,#dfb0d6
AE-15,Safety,Safety marks,Night Lights,,10.037361,1-2,0,#ace4e4
AE-16,Safety,Safety marks,Night Lights,23.255814,21.498195,2-3,2,#5698b9
AD-9,Safety,Safety marks,Night Lights,,26.425695,1-3,26,#5ac8c8
Z-16,Safety,Safety marks,Night Lights,2142.857143,13.533611,3-2,15,#8c62aa
W-3,Safety,Safety marks,Night Lights,0.951475,6.968472,1-1,2,#e8e8e8
U-22,Safety,Safety marks,Night Lights,,5.296528,1-1,0,#e8e8e8
J-17,Safety,Safety marks,Night Lights,0.566412,15.238611,1-2,2,#ace4e4
AF-12,Safety,Safety marks,Night Lights,30.425963,11.551806,3-2,15,#8c62aa
L-22,Safety,Safety marks,Night Lights,,2.395417,1-1,0,#e8e8e8
P-7,Safety,Safety marks,Night Lights,0.0,15.834028,1-2,0,#ace4e4
AF-20,Safety,Safety marks,Night Lights,,5.024167,1-1,0,#e8e8e8
AI-7,Safety,Safety marks,Night Lights,,9.886667,1-2,1,#ace4e4
AK-16,Safety,Safety marks,Night Lights,,1.965,1-1,0,#e8e8e8
AM-11,Safety,Safety marks,Night Lights,0.0,2.139583,1-1,0,#e8e8e8
S-21,Safety,Safety marks,Night Lights,333.333333,5.925833,3-1,1,#be64ac
W-13,Safety,Safety marks,Night Lights,795.698925,60.649028,3-3,74,#3b4994
AI-14,Safety,Safety marks,Night Lights,,4.406945,1-1,1,#e8e8e8
K-11,Safety,Safety marks,Night Lights,27.972028,23.960521,2-3,4,#5698b9
S-6,Safety,Safety marks,Night Lights,4.024145,18.575417,2-2,2,#a5b4c2
R-17,Safety,Safety marks,Night Lights,425.925926,36.439999,3-3,46,#3b4994
S-5,Safety,Safety marks,Night Lights,,4.860238,1-1,0,#e8e8e8
Z-17,Safety,Safety marks,Night Lights,18.101761,28.25375,2-3,37,#5698b9
AD-6,Safety,Safety marks,Night Lights,0.0,4.559444,1-1,0,#e8e8e8
N-7,Safety,Safety marks,Night Lights,,7.572083,1-2,0,#ace4e4
AB-17,Safety,Safety marks,Night Lights,,13.433889,1-2,41,#ace4e4
X-9,Safety,Safety marks,Night Lights,338.129496,24.423666,3-3,47,#3b4994
L-13,Safety,Safety marks,Night Lights,25.78019,28.738889,2-3,19,#5698b9
Z-8,Safety,Safety marks,Night Lights,,36.179584,1-3,8,#5ac8c8
Z-6,Safety,Safety marks,Night Lights,13.899049,19.23875,2-2,57,#a5b4c2
L-20,Safety,Safety marks,Night Lights,,5.202778,1-1,0,#e8e8e8
AD-15,Safety,Safety marks,Night Lights,181.818182,13.947638,3-2,14,#8c62aa
F-15,Safety,Safety marks,Night Lights,,4.385833,1-1,0,#e8e8e8
AA-20,Safety,Safety marks,Night Lights,,4.408333,1-1,0,#e8e8e8
V-7,Safety,Safety marks,Night Lights,,21.489583,1-3,3,#5ac8c8
AA-15,Safety,Safety marks,Night Lights,7.712082,17.861666,2-2,15,#a5b4c2
R-21,Safety,Safety marks,Night Lights,900.0,18.964001,3-2,9,#8c62aa
AA-18,Safety,Safety marks,Night Lights,1.869159,14.176111,1-2,5,#ace4e4
O-15,Safety,Safety marks,Night Lights,,12.787166,1-2,3,#ace4e4
T-21,Safety,Safety marks,Night Lights,37.735849,6.86125,3-1,6,#be64ac
L-11,Safety,Safety marks,Night Lights,13.392857,20.151459,2-2,15,#a5b4c2
X-15,Safety,Safety marks,Night Lights,1.069709,34.100417,1-3,6,#5ac8c8
I-9,Safety,Safety marks,Night Lights,0.0,12.271945,1-2,0,#ace4e4
O-24,Safety,Safety marks,Night Lights,,6.124167,1-1,2,#e8e8e8
AI-12,Safety,Safety marks,Night Lights,166.666667,5.963055,3-1,1,#be64ac
L-23,Safety,Safety marks,Night Lights,,1.554167,1-1,0,#e8e8e8
J-7,Safety,Safety marks,Night Lights,,2.335833,1-1,0,#e8e8e8
AI-13,Safety,Safety marks,Night Lights,0.0,3.034167,1-1,0,#e8e8e8
AH-13,Safety,Safety marks,Night Lights,,4.990625,1-1,0,#e8e8e8
AA-16,Safety,Safety marks,Night Lights,0.908816,12.534166,1-2,6,#ace4e4
N-14,Safety,Safety marks,Night Lights,18.080668,16.799833,2-2,13,#a5b4c2
V-18,Safety,Safety marks,Night Lights,0.0,13.675278,1-2,0,#ace4e4
N-23,Safety,Safety marks,Night Lights,9.541985,7.788611,2-2,5,#a5b4c2
Q-17,Safety,Safety marks,Night Lights,560.0,22.473472,3-3,14,#3b4994
AK-18,Safety,Safety marks,Night Lights,,2.625833,1-1,0,#e8e8e8
I-11,Safety,Safety marks,Night Lights,,14.703438,1-2,0,#ace4e4
N-8,Safety,Safety marks,Night Lights,0.0,3.765833,1-1,0,#e8e8e8
AA-12,Safety,Safety marks,Night Lights,0.0,48.842499,1-3,0,#5ac8c8
AE-13,Safety,Safety marks,Night Lights,,6.085417,1-1,0,#e8e8e8
S-23,Safety,Safety marks,Night Lights,13.285024,4.381333,2-1,11,#dfb0d6
H-13,Safety,Safety marks,Night Lights,,5.859444,1-1,2,#e8e8e8
AC-11,Safety,Safety marks,Night Lights,1068.181818,19.579583,3-2,47,#8c62aa
T-11,Safety,Safety marks,Night Lights,42.819149,55.830694,3-3,161,#3b4994
F-14,Safety,Safety marks,Night Lights,0.0,3.575833,1-1,0,#e8e8e8
Z-15,Safety,Safety marks,Night Lights,4.292929,26.174722,2-3,17,#5698b9
J-15,Safety,Safety marks,Night Lights,11.111111,38.885416,2-3,4,#5698b9
Y-10,Safety,Safety marks,Night Lights,14.989293,35.809027,2-3,21,#5698b9
AD-12,Safety,Safety marks,Night Lights,19.783025,15.186528,2-2,31,#a5b4c2
U-15,Safety,Safety marks,Night Lights,291.338583,58.336944,3-3,74,#3b4994
L-14,Safety,Safety marks,Night Lights,172.413793,30.377222,3-3,5,#3b4994
AE-5,Safety,Safety marks,Night Lights,0.432526,13.397334,1-2,2,#ace4e4
AH-7,Safety,Safety marks,Night Lights,,17.110834,1-2,0,#ace4e4
AA-17,Safety,Safety marks,Night Lights,32.514031,30.911832,3-3,168,#3b4994
R-15,Safety,Safety marks,Night Lights,1080.0,42.716249,3-3,27,#3b4994
AA-10,Safety,Safety marks,Night Lights,1692.307692,20.555694,3-2,22,#8c62aa
U-13,Safety,Safety marks,Night Lights,4421.052632,36.077361,3-3,84,#3b4994
AJ-8,Safety,Safety marks,Night Lights,,3.371667,1-1,0,#e8e8e8
Y-3,Safety,Safety marks,Night Lights,,2.662083,1-1,0,#e8e8e8
P-18,Safety,Safety marks,Night Lights,0.0,14.815595,1-2,0,#ace4e4
L-18,Safety,Safety marks,Night Lights,,6.212024,1-1,0,#e8e8e8
AL-19,Safety,Safety marks,Night Lights,,2.246667,1-1,0,#e8e8e8
I-13,Safety,Safety marks,Night Lights,9.090909,15.34875,2-2,70,#a5b4c2
M-16,Safety,Safety marks,Night Lights,107.913669,13.419444,3-2,15,#8c62aa
S-17,Safety,Safety marks,Night Lights,,27.092222,1-3,6,#5ac8c8
W-10,Safety,Safety marks,Night Lights,26.089626,34.576389,2-3,85,#5698b9
W-8,Safety,Safety marks,Night Lights,10.311871,25.328889,2-3,41,#5698b9
T-12,Safety,Safety marks,Night Lights,109500.0,70.867708,3-3,438,#3b4994
AG-7,Safety,Safety marks,Night Lights,0.0,9.660417,1-2,0,#ace4e4
X-11,Safety,Safety marks,Night Lights,405.405405,27.055833,3-3,15,#3b4994
O-6,Safety,Safety marks,Night Lights,1.38217,10.990417,1-2,2,#ace4e4
T-22,Safety,Safety marks,Night Lights,,4.511528,1-1,2,#e8e8e8
O-23,Safety,Safety marks,Night Lights,,5.862917,1-1,1,#e8e8e8
K-8,Safety,Safety marks,Night Lights,,3.700625,1-1,0,#e8e8e8
AE-12,Safety,Safety marks,Night Lights,266.666667,12.177222,3-2,4,#8c62aa
Q-26,Safety,Safety marks,Night Lights,,2.173333,1-1,0,#e8e8e8
AH-14,Safety,Safety marks,Night Lights,,2.25875,1-1,0,#e8e8e8
M-15,Safety,Safety marks,Night Lights,16.238438,43.42625,2-3,79,#5698b9
G-15,Safety,Safety marks,Night Lights,,23.218333,1-3,0,#5ac8c8
AA-9,Safety,Safety marks,Night Lights,34.65704,34.903611,3-3,48,#3b4994
W-5,Safety,Safety marks,Night Lights,0.0,9.623541,1-2,0,#ace4e4
Z-13,Safety,Safety marks,Night Lights,17.660044,39.561354,2-3,24,#5698b9
AG-14,Safety,Safety marks,Night Lights,,5.772083,1-1,0,#e8e8e8
W-18,Safety,Safety marks,Night Lights,0.0,8.704861,1-2,0,#ace4e4
W-11,Safety,Safety marks,Night Lights,8.396306,28.267916,2-3,50,#5698b9
AH-21,Safety,Safety marks,Night Lights,0.0,2.93,1-1,0,#e8e8e8
AG-9,Safety,Safety marks,Night Lights,0.805616,16.100694,1-2,7,#ace4e4
X-12,Safety,Safety marks,Night Lights,25.306122,24.805972,2-3,31,#5698b9
AD-20,Safety,Safety marks,Night Lights,,5.549583,1-1,0,#e8e8e8
G-12,Safety,Safety marks,Night Lights,,,1-1,0,#e8e8e8
AK-7,Safety,Safety marks,Night Lights,,,1-1,0,#e8e8e8
H-8,Safety,Safety marks,Night Lights,,,1-1,0,#e8e8e8
K-23,Safety,Safety marks,Night Lights,,,1-1,0,#e8e8e8
K-7,Safety,Safety marks,Night Lights,,,1-1,0,#e8e8e8
E-10,Safety,Safety marks,Night Lights,,,1-1,0,#e8e8e8
I-18,Safety,Safety marks,Night Lights,,,1-1,0,#e8e8e8
E-14,Safety,Safety marks,Night Lights,,,1-1,0,#e8e8e8
O-26,Safety,Safety marks,Night Lights,,,1-1,0,#e8e8e8
Y-18,Safety,Safety marks,Night Lights,27.624309,29.758889,2-3,10,#5698b9
R-23,Safety,Safety marks,Night Lights,,2.943889,1-1,2,#e8e8e8
Y-12,Safety,Safety marks,Night Lights,8.992806,29.235521,2-3,40,#5698b9
P-22,Safety,Safety marks,Night Lights,16.129032,8.307778,2-2,2,#a5b4c2
AC-6,Safety,Safety marks,Night Lights,250.0,11.005938,3-2,1,#8c62aa
AJ-15,Safety,Safety marks,Night Lights,,6.2725,1-1,0,#e8e8e8
J-14,Safety,Safety marks,Night Lights,17.028868,26.861528,2-3,105,#5698b9
Q-13,Safety,Safety marks,Night Lights,74.252137,35.364166,3-3,278,#3b4994
AE-14,Safety,Safety marks,Night Lights,0.0,7.59625,1-2,0,#ace4e4
L-21,Safety,Safety marks,Night Lights,500.0,3.459667,3-1,1,#be64ac
AH-9,Safety,Safety marks,Night Lights,,19.0825,1-2,33,#ace4e4
P-21,Safety,Safety marks,Night Lights,0.0,8.9295,1-2,0,#ace4e4
AH-19,Safety,Safety marks,Night Lights,0.0,6.423472,1-1,0,#e8e8e8
T-17,Safety,Safety marks,Night Lights,5.858029,29.416528,2-3,17,#5698b9
J-8,Safety,Safety marks,Night Lights,,3.287778,1-1,0,#e8e8e8
AF-9,Safety,Safety marks,Night Lights,275.862069,26.281667,3-3,8,#3b4994
AC-10,Safety,Safety marks,Night Lights,11.456628,13.000694,2-2,14,#a5b4c2
Z-3,Safety,Safety marks,Night Lights,,3.584722,1-1,0,#e8e8e8
U-4,Safety,Safety marks,Night Lights,,4.546667,1-1,3,#e8e8e8
AE-18,Safety,Safety marks,Night Lights,0.0,5.271528,1-1,0,#e8e8e8
M-20,Safety,Safety marks,Night Lights,1.218027,8.29625,1-2,1,#ace4e4
Q-6,Safety,Safety marks,Night Lights,3.30033,7.428472,2-2,1,#a5b4c2
L-24,Safety,Safety marks,Night Lights,,2.38625,1-1,0,#e8e8e8
AA-3,Safety,Safety marks,Night Lights,0.0,6.043958,1-1,0,#e8e8e8
AD-11,Safety,Safety marks,Night Lights,,9.459861,1-2,7,#ace4e4
X-10,Safety,Safety marks,Night Lights,130.434783,41.495139,3-3,33,#3b4994
K-21,Safety,Safety marks,Night Lights,,2.3325,1-1,0,#e8e8e8
N-19,Safety,Safety marks,Night Lights,0.0,12.493472,1-2,0,#ace4e4
G-16,Safety,Safety marks,Night Lights,,20.271667,1-2,0,#ace4e4
U-16,Safety,Safety marks,Night Lights,30.939649,44.143473,3-3,81,#3b4994
Z-12,Safety,Safety marks,Night Lights,38.26087,24.740555,3-3,22,#3b4994
M-9,Safety,Safety marks,Night Lights,,7.178056,1-2,1,#ace4e4
J-16,Safety,Safety marks,Night Lights,34000.0,33.054722,3-3,34,#3b4994
G-10,Safety,Safety marks,Night Lights,,11.144792,1-2,0,#ace4e4
AB-14,Safety,Safety marks,Night Lights,521.73913,52.450972,3-3,12,#3b4994
AH-8,Safety,Safety marks,Night Lights,,35.347917,1-3,0,#5ac8c8
L-16,Safety,Safety marks,Night Lights,7.887324,32.600833,2-3,42,#5698b9
AI-8,Safety,Safety marks,Night Lights,1.506024,14.421528,1-2,7,#ace4e4
AL-11,Safety,Safety marks,Night Lights,0.0,6.360833,1-1,0,#e8e8e8
AF-11,Safety,Safety marks,Night Lights,,16.43875,1-2,5,#ace4e4
K-20,Safety,Safety marks,Night Lights,0.0,2.039167,1-1,0,#e8e8e8
M-8,Safety,Safety marks,Night Lights,,4.080556,1-1,0,#e8e8e8
AA-2,Safety,Safety marks,Night Lights,,4.0075,1-1,0,#e8e8e8
AF-6,Safety,Safety marks,Night Lights,,5.509583,1-1,0,#e8e8e8
AB-6,Safety,Safety marks,Night Lights,,5.667262,1-1,2,#e8e8e8
AB-16,Safety,Safety marks,Night Lights,,8.746111,1-2,13,#ace4e4
S-19,Safety,Safety marks,Night Lights,58.650066,21.223472,3-3,358,#3b4994
AG-8,Safety,Safety marks,Night Lights,17.766497,25.470972,2-3,7,#5698b9
Q-20,Safety,Safety marks,Night Lights,,14.734722,1-2,28,#ace4e4
AA-5,Safety,Safety marks,Night Lights,4.017305,12.508472,2-2,13,#a5b4c2
S-11,Safety,Safety marks,Night Lights,142.016807,82.689721,3-3,169,#3b4994
J-10,Safety,Safety marks,Night Lights,,5.8275,1-1,0,#e8e8e8
I-20,Safety,Safety marks,Night Lights,,2.921667,1-1,0,#e8e8e8
AI-11,Safety,Safety marks,Night Lights,142.857143,3.559861,3-1,3,#be64ac
Y-7,Safety,Safety marks,Night Lights,1.347709,39.378055,1-3,11,#5ac8c8
AB-11,Safety,Safety marks,Night Lights,13.834847,17.485833,2-2,32,#a5b4c2
R-6,Safety,Safety marks,Night Lights,,5.370714,1-1,2,#e8e8e8
Q-7,Safety,Safety marks,Night Lights,120.0,11.990278,3-2,3,#8c62aa
Y-5,Safety,Safety marks,Night Lights,171.232877,17.608889,3-2,25,#8c62aa
AD-19,Safety,Safety marks,Night Lights,0.0,5.687778,1-1,0,#e8e8e8
T-9,Safety,Safety marks,Night Lights,,29.969028,1-3,82,#5ac8c8
N-17,Safety,Safety marks,Night Lights,0.0,9.861528,1-2,0,#ace4e4
AJ-21,Safety,Safety marks,Night Lights,,5.369167,1-1,0,#e8e8e8
T-14,Safety,Safety marks,Night Lights,49.258728,39.765417,3-3,103,#3b4994
U-21,Safety,Safety marks,Night Lights,1.036269,5.260694,1-1,1,#e8e8e8
J-18,Safety,Safety marks,Night Lights,,11.400694,1-2,0,#ace4e4
K-18,Safety,Safety marks,Night Lights,,5.334762,1-1,0,#e8e8e8
E-9,Safety,Safety marks,Night Lights,,4.225667,1-1,0,#e8e8e8
K-19,Safety,Safety marks,Night Lights,,2.739167,1-1,0,#e8e8e8
AC-15,Safety,Safety marks,Night Lights,15500.0,18.537639,3-2,31,#8c62aa
F-10,Safety,Safety marks,Night Lights,,20.932708,1-3,0,#5ac8c8
K-13,Safety,Safety marks,Night Lights,55.379747,19.417222,3-2,35,#8c62aa
U-17,Safety,Safety marks,Night Lights,25.333333,38.184306,2-3,19,#5698b9
Q-22,Safety,Safety marks,Night Lights,0.0,8.661944,1-2,0,#ace4e4
V-8,Safety,Safety marks,Night Lights,15.772871,30.0725,2-3,35,#5698b9
V-16,Safety,Safety marks,Night Lights,14.504597,65.06625,2-3,71,#5698b9
AG-16,Safety,Safety marks,Night Lights,0.0,4.027083,1-1,0,#e8e8e8
M-21,Safety,Safety marks,Night Lights,,6.65375,1-1,7,#e8e8e8
O-16,Safety,Safety marks,Night Lights,250.0,11.941806,3-2,3,#8c62aa
AK-20,Safety,Safety marks,Night Lights,,7.553333,1-2,0,#ace4e4
Z-4,Safety,Safety marks,Night Lights,,6.474167,1-1,3,#e8e8e8
G-9,Safety,Safety marks,Night Lights,0.0,113.014584,1-3,0,#5ac8c8
AH-12,Safety,Safety marks,Night Lights,2.369668,8.535139,1-2,4,#ace4e4
AB-4,Safety,Safety marks,Night Lights,0.596303,5.31,1-1,1,#e8e8e8
W-15,Safety,Safety marks,Night Lights,218.181818,50.765277,3-3,12,#3b4994
K-12,Safety,Safety marks,Night Lights,2.619515,19.354305,1-2,8,#ace4e4
R-7,Safety,Safety marks,Night Lights,4.45236,21.2075,2-3,5,#5698b9
AG-20,Safety,Safety marks,Night Lights,0.0,2.872222,1-1,0,#e8e8e8
AC-14,Safety,Safety marks,Night Lights,29.372497,23.288194,3-3,66,#3b4994
Q-23,Safety,Safety marks,Night Lights,14.084507,8.534583,2-2,2,#a5b4c2
AA-11,Safety,Safety marks,Night Lights,,22.412778,1-3,3,#5ac8c8
AH-18,Safety,Safety marks,Night Lights,,4.660833,1-1,0,#e8e8e8
AB-9,Safety,Safety marks,Night Lights,481.481481,14.180833,3-2,26,#8c62aa
AK-17,Safety,Safety marks,Night Lights,,1.740833,1-1,0,#e8e8e8
T-8,Safety,Safety marks,Night Lights,18.867925,16.754583,2-2,9,#a5b4c2
N-21,Safety,Safety marks,Night Lights,,7.534444,1-2,0,#ace4e4
X-17,Safety,Safety marks,Night Lights,10.444643,60.212334,2-3,35,#5698b9
O-12,Safety,Safety marks,Night Lights,1.070435,21.98,1-3,5,#5ac8c8
I-16,Safety,Safety marks,Night Lights,,8.766,1-2,0,#ace4e4
R-22,Safety,Safety marks,Night Lights,2.61233,6.043472,1-1,5,#e8e8e8
S-14,Safety,Safety marks,Night Lights,5.597015,32.59375,2-3,30,#5698b9
T-7,Safety,Safety marks,Night Lights,,18.701667,1-2,4,#ace4e4
V-23,Safety,Safety marks,Night Lights,,6.754792,1-1,0,#e8e8e8
T-24,Safety,Safety marks,Night Lights,,3.345278,1-1,1,#e8e8e8
S-13,Safety,Safety marks,Night Lights,144.622991,35.115833,3-3,117,#3b4994
AJ-18,Safety,Safety marks,Night Lights,,1.859861,1-1,0,#e8e8e8
AK-8,Safety,Safety marks,Night Lights,,5.135278,1-1,0,#e8e8e8
H-18,Safety,Safety marks,Night Lights,,12.605,1-2,0,#ace4e4
AM-12,Safety,Safety marks,Night Lights,,2.538472,1-1,0,#e8e8e8
AF-10,Safety,Safety marks,Night Lights,1272.727273,22.300278,3-3,14,#3b4994
N-13,Safety,Safety marks,Night Lights,1777.777778,21.990694,3-3,16,#3b4994
I-15,Safety,Safety marks,Night Lights,158.536585,28.155972,3-3,13,#3b4994
N-15,Safety,Safety marks,Night Lights,1.753873,22.459167,1-3,6,#5ac8c8
S-7,Safety,Safety marks,Night Lights,3.957575,29.23,2-3,25,#5698b9
S-12,Safety,Safety marks,Night Lights,76.937984,69.516041,3-3,397,#3b4994
P-19,Safety,Safety marks,Night Lights,,8.364286,1-2,1,#ace4e4
L-17,Safety,Safety marks,Night Lights,9.99001,17.126111,2-2,30,#a5b4c2
P-11,Safety,Safety marks,Night Lights,6.944444,37.106806,2-3,4,#5698b9
AG-13,Safety,Safety marks,Night Lights,0.0,5.0425,1-1,0,#e8e8e8
AN-12,Safety,Safety marks,Night Lights,0.0,1.479861,1-1,0,#e8e8e8
AJ-13,Safety,Safety marks,Night Lights,8.097166,9.159762,2-2,8,#a5b4c2
K-15,Safety,Safety marks,Night Lights,23.50081,34.716667,2-3,58,#5698b9
AH-11,Safety,Safety marks,Night Lights,50.955414,6.296528,3-1,8,#be64ac
AC-16,Safety,Safety marks,Night Lights,23.69338,16.610833,2-2,34,#a5b4c2
S-4,Safety,Safety marks,Night Lights,,2.284167,1-1,0,#e8e8e8
AJ-11,Safety,Safety marks,Night Lights,0.0,2.312917,1-1,0,#e8e8e8
AC-7,Safety,Safety marks,Night Lights,0.0,9.504861,1-2,0,#ace4e4
R-10,Safety,Safety marks,Night Lights,21.001616,39.830278,2-3,13,#5698b9
AH-17,Safety,Safety marks,Night Lights,,3.349028,1-1,1,#e8e8e8
AD-7,Safety,Safety marks,Night Lights,,7.149271,1-2,0,#ace4e4
N-22,Safety,Safety marks,Night Lights,14.972145,18.185139,2-2,86,#a5b4c2
Q-9,Safety,Safety marks,Night Lights,7.174103,28.624444,2-3,41,#5698b9
V-6,Safety,Safety marks,Night Lights,,7.139583,1-2,2,#ace4e4
P-16,Safety,Safety marks,Night Lights,14.084507,7.903472,2-2,1,#a5b4c2
AG-19,Safety,Safety marks,Night Lights,0.0,5.930208,1-1,0,#e8e8e8
O-18,Safety,Safety marks,Night Lights,0.0,13.881458,1-2,0,#ace4e4
G-14,Safety,Safety marks,Night Lights,,5.19625,1-1,2,#e8e8e8
Y-6,Safety,Safety marks,Night Lights,191.977077,43.615625,3-3,67,#3b4994
G-11,Safety,Safety marks,Night Lights,,9.325208,1-2,0,#ace4e4
P-10,Safety,Safety marks,Night Lights,59.233449,27.078055,3-3,17,#3b4994
X-4,Safety,Safety marks,Night Lights,,10.947,1-2,5,#ace4e4
O-5,Safety,Safety marks,Night Lights,35.714286,3.871528,3-1,1,#be64ac
AB-5,Safety,Safety marks,Night Lights,0.0,6.565,1-1,0,#e8e8e8
R-11,Safety,Safety marks,Night Lights,,48.925695,1-3,35,#5ac8c8
Q-21,Safety,Safety marks,Night Lights,,10.256806,1-2,14,#ace4e4
U-9,Safety,Safety marks,Night Lights,5.076142,37.256111,2-3,26,#5698b9
V-24,Safety,Safety marks,Night Lights,,,1-1,0,#e8e8e8
AL-17,Safety,Safety marks,Night Lights,,,1-1,0,#e8e8e8
R-5,Safety,Safety marks,Night Lights,,,1-1,0,#e8e8e8
D-9,Safety,Safety marks,Night Lights,,,1-1,0,#e8e8e8
X-22,Safety,Safety marks,Night Lights,,,1-1,0,#e8e8e8
AA-6,Safety,Safety marks,Night Lights,,8.656458,1-2,24,#ace4e4
AF-13,Safety,Safety marks,Night Lights,,8.04875,1-2,0,#ace4e4
L-9,Safety,Safety marks,Night Lights,0.0,6.594722,1-1,0,#e8e8e8
AM-13,Safety,Safety marks,Night Lights,5.947324,8.144167,2-2,14,#a5b4c2
O-8,Safety,Safety marks,Night Lights,0.0,4.636944,1-1,0,#e8e8e8
K-14,Safety,Safety marks,Night Lights,4.237288,26.873194,2-3,5,#5698b9
P-9,Safety,Safety marks,Night Lights,7.082153,14.112083,2-2,10,#a5b4c2
P-12,Safety,Safety marks,Night Lights,1777.777778,30.264583,3-3,32,#3b4994
AF-5,Safety,Safety marks,Night Lights,,13.665,1-2,0,#ace4e4
O-13,Safety,Safety marks,Night Lights,22.359041,22.686389,2-3,69,#5698b9
AI-17,Safety,Safety marks,Night Lights,,2.567778,1-1,0,#e8e8e8
H-16,Safety,Safety marks,Night Lights,0.0,12.847778,1-2,0,#ace4e4
AK-9,Safety,Safety marks,Night Lights,,3.958056,1-1,0,#e8e8e8
W-22,Safety,Safety marks,Night Lights,,6.726666,1-1,0,#e8e8e8
AE-8,Safety,Safety marks,Night Lights,,11.673194,1-2,2,#ace4e4
X-6,Safety,Safety marks,Night Lights,0.0,16.341354,1-2,0,#ace4e4
H-11,Safety,Safety marks,Night Lights,,33.11125,1-3,0,#5ac8c8
V-12,Safety,Safety marks,Night Lights,59.556787,30.531979,3-3,129,#3b4994
T-20,Safety,Safety marks,Night Lights,,12.939167,1-2,55,#ace4e4
K-10,Safety,Safety marks,Night Lights,428.571429,8.638,3-2,9,#8c62aa
AB-19,Safety,Safety marks,Night Lights,1.148106,5.731111,1-1,1,#e8e8e8
AE-11,Safety,Safety marks,Night Lights,29.692471,9.281667,3-2,28,#8c62aa
Q-16,Safety,Safety marks,Night Lights,6.916996,30.754028,2-3,14,#5698b9
Z-18,Safety,Safety marks,Night Lights,39.096438,32.796389,3-3,45,#3b4994
AC-13,Safety,Safety marks,Night Lights,3.751563,25.509643,2-3,9,#5698b9
AE-10,Safety,Safety marks,Night Lights,5.75496,13.918611,2-2,38,#a5b4c2
T-5,Safety,Safety marks,Night Lights,3.732736,4.379722,2-1,10,#dfb0d6
P-20,Safety,Safety marks,Night Lights,0.0,10.63375,1-2,0,#ace4e4
AJ-16,Safety,Safety marks,Night Lights,,2.2825,1-1,0,#e8e8e8
AG-17,Safety,Safety marks,Night Lights,0.317058,13.434861,1-2,2,#ace4e4
T-19,Safety,Safety marks,Night Lights,21.430727,20.643542,2-3,71,#5698b9
I-10,Safety,Safety marks,Night Lights,,41.914305,1-3,8,#5ac8c8
AL-13,Safety,Safety marks,Night Lights,0.133708,8.500278,1-2,1,#ace4e4
T-18,Safety,Safety marks,Night Lights,37.691402,24.212917,3-3,64,#3b4994
Q-24,Safety,Safety marks,Night Lights,,8.579444,1-2,0,#ace4e4
AJ-17,Safety,Safety marks,Night Lights,333.333333,2.517222,3-1,1,#be64ac
V-11,Safety,Safety marks,Night Lights,61.661226,35.112222,3-3,170,#3b4994
M-23,Safety,Safety marks,Night Lights,,3.805167,1-1,2,#e8e8e8
H-12,Safety,Safety marks,Night Lights,,14.87125,1-2,0,#ace4e4
R-16,Safety,Safety marks,Night Lights,7.831969,26.537083,2-3,22,#5698b9
K-9,Safety,Safety marks,Night Lights,,6.627361,1-1,0,#e8e8e8
AC-5,Safety,Safety marks,Night Lights,,3.378611,1-1,0,#e8e8e8
T-23,Safety,Safety marks,Night Lights,,3.664722,1-1,2,#e8e8e8
J-9,Safety,Safety marks,Night Lights,0.0,4.491667,1-1,0,#e8e8e8
T-13,Safety,Safety marks,Night Lights,29.746835,44.641667,3-3,94,#3b4994
AI-19,Safety,Safety marks,Night Lights,,7.719028,1-2,1,#ace4e4
P-24,Safety,Safety marks,Night Lights,2.244309,11.640139,1-2,7,#ace4e4
Z-9,Safety,Safety marks,Night Lights,79.510703,27.167083,3-3,52,#3b4994
AM-10,Safety,Safety marks,Night Lights,,5.343333,1-1,0,#e8e8e8
P-6,Safety,Safety marks,Night Lights,0.0,8.056833,1-2,0,#ace4e4
AF-8,Safety,Safety marks,Night Lights,,8.604028,1-2,0,#ace4e4
AJ-10,Safety,Safety marks,Night Lights,,4.029167,1-1,0,#e8e8e8
X-18,Safety,Safety marks,Night Lights,13.849544,32.553611,2-3,88,#5698b9
X-5,Safety,Safety marks,Night Lights,0.0,14.933889,1-2,0,#ace4e4
W-21,Safety,Safety marks,Night Lights,,11.309722,1-2,3,#ace4e4
AA-13,Safety,Safety marks,Night Lights,,63.891806,1-3,3,#5ac8c8
O-19,Safety,Safety marks,Night Lights,,5.971389,1-1,0,#e8e8e8
AC-18,Safety,Safety marks,Night Lights,,5.361944,1-1,0,#e8e8e8
AC-4,Safety,Safety marks,Night Lights,500.0,3.124167,3-1,1,#be64ac
AI-18,Safety,Safety marks,Night Lights,0.0,2.806667,1-1,0,#e8e8e8
AB-15,Safety,Safety marks,Night Lights,433.15508,32.910278,3-3,81,#3b4994
L-26,Safety,Safety marks,Night Lights,,4.4875,1-1,0,#e8e8e8
M-14,Safety,Safety marks,Night Lights,458.333333,14.691111,3-2,11,#8c62aa
U-18,Safety,Safety marks,Night Lights,2.403542,26.680119,1-3,19,#5ac8c8
N-9,Safety,Safety marks,Night Lights,2.421308,6.089306,1-1,1,#e8e8e8
P-14,Safety,Safety marks,Night Lights,5.614035,19.839722,2-2,8,#a5b4c2
Y-9,Safety,Safety marks,Night Lights,13.405178,40.344166,2-3,102,#5698b9
N-20,Safety,Safety marks,Night Lights,,5.34375,1-1,0,#e8e8e8
J-20,Safety,Safety marks,Night Lights,0.0,2.646667,1-1,0,#e8e8e8
N-12,Safety,Safety marks,Night Lights,2.838787,22.54875,2-3,19,#5698b9
W-20,Safety,Safety marks,Night Lights,9000.0,20.600972,3-2,9,#8c62aa
AC-9,Safety,Safety marks,Night Lights,747.252747,25.102639,3-3,136,#3b4994
F-9,Safety,Safety marks,Night Lights,,37.174444,1-3,0,#5ac8c8
L-19,Safety,Safety marks,Night Lights,,12.569722,1-2,0,#ace4e4
AA-14,Safety,Safety marks,Night Lights,32.786885,28.152667,3-3,2,#3b4994
Y-21,Safety,Safety marks,Night Lights,,5.84,1-1,0,#e8e8e8
AE-19,Safety,Safety marks,Night Lights,0.0,6.051667,1-1,0,#e8e8e8
AI-10,Safety,Safety marks,Night Lights,,4.609861,1-1,0,#e8e8e8
O-21,Safety,Safety marks,Night Lights,47.619048,16.604306,3-2,9,#8c62aa
Q-5,Safety,Safety marks,Night Lights,,3.09125,1-1,0,#e8e8e8
AD-8,Safety,Safety marks,Night Lights,1.143293,10.754028,1-2,3,#ace4e4
O-14,Safety,Safety marks,Night Lights,5.128205,22.015694,2-3,6,#5698b9
AF-7,Safety,Safety marks,Night Lights,,2.703194,1-1,0,#e8e8e8
AI-9,Safety,Safety marks,Night Lights,0.765697,9.31125,1-2,3,#ace4e4
Q-19,Safety,Safety marks,Night Lights,5.578801,17.353472,2-2,12,#a5b4c2
Y-17,Safety,Safety marks,Night Lights,46.511628,34.516667,3-3,98,#3b4994
V-14,Safety,Safety marks,Night Lights,739.534884,68.867915,3-3,159,#3b4994
R-12,Safety,Safety marks,Night Lights,20.967291,64.898125,2-3,75,#5698b9
AC-19,Safety,Safety marks,Night Lights,,6.284792,1-1,0,#e8e8e8
V-15,Safety,Safety marks,Night Lights,98.086124,40.233333,3-3,41,#3b4994
AD-13,Safety,Safety marks,Night Lights,,13.588125,1-2,5,#ace4e4
AH-20,Safety,Safety marks,Night Lights,,5.108958,1-1,0,#e8e8e8
AE-9,Safety,Safety marks,Night Lights,530.81761,48.898056,3-3,422,#3b4994
P-13,Safety,Safety marks,Night Lights,26.604974,26.359306,2-3,92,#5698b9
V-9,Safety,Safety marks,Night Lights,20.73255,26.44875,2-3,30,#5698b9
X-7,Safety,Safety marks,Night Lights,2.874743,38.733889,2-3,7,#5698b9
W-4,Safety,Safety marks,Night Lights,0.0,5.611806,1-1,0,#e8e8e8
AJ-9,Safety,Safety marks,Night Lights,0.0,6.283611,1-1,0,#e8e8e8
V-5,Safety,Safety marks,Night Lights,125.0,3.843194,3-1,2,#be64ac
AH-10,Safety,Safety marks,Night Lights,0.0,9.118194,1-2,0,#ace4e4
Y-16,Safety,Safety marks,Night Lights,4.789272,32.694028,2-3,15,#5698b9
S-22,Safety,Safety marks,Night Lights,0.0,2.627222,1-1,0,#e8e8e8
AA-8,Safety,Safety marks,Night Lights,0.0,13.25375,1-2,0,#ace4e4
AG-12,Safety,Safety marks,Night Lights,12.587413,7.998194,2-2,9,#a5b4c2
V-20,Safety,Safety marks,Night Lights,49.893086,24.035556,3-3,140,#3b4994
U-23,Safety,Safety marks,Night Lights,,2.970833,1-1,0,#e8e8e8
G-13,Safety,Safety marks,Night Lights,1.298701,6.302083,1-1,1,#e8e8e8
AG-15,Safety,Safety marks,Night Lights,0.0,2.333,1-1,0,#e8e8e8
AE-6,Safety,Safety marks,Night Lights,,4.986042,1-1,0,#e8e8e8
AF-16,Safety,Safety marks,Night Lights,333.333333,7.171667,3-2,1,#8c62aa
V-22,Safety,Safety marks,Night Lights,210.526316,6.421806,3-1,4,#be64ac
L-12,Safety,Safety marks,Night Lights,,14.9775,1-2,3,#ace4e4
S-8,Safety,Safety marks,Night Lights,2.111932,13.531389,1-2,2,#ace4e4
H-17,Safety,Safety marks,Night Lights,,10.3655,1-2,0,#ace4e4
U-5,Safety,Safety marks,Night Lights,,13.436875,1-2,44,#ace4e4
W-16,Safety,Safety marks,Night Lights,4.892368,52.829028,2-3,15,#5698b9
R-24,Safety,Safety marks,Night Lights,,2.4025,1-1,0,#e8e8e8
AL-12,Safety,Safety marks,Night Lights,,3.665556,1-1,0,#e8e8e8
M-11,Safety,Safety marks,Night Lights,5.057168,24.173437,2-3,23,#5698b9
AB-20,Safety,Safety marks,Night Lights,,8.912084,1-2,1,#ace4e4
AB-7,Safety,Safety marks,Night Lights,9.21659,12.565,2-2,2,#a5b4c2
J-13,Safety,Safety marks,Night Lights,6.057782,32.084583,2-3,13,#5698b9
O-22,Safety,Safety marks,Night Lights,30.30303,6.982917,3-2,2,#8c62aa
F-11,Safety,Safety marks,Night Lights,,3.480833,1-1,0,#e8e8e8
T-15,Safety,Safety marks,Night Lights,7.155635,48.422778,2-3,28,#5698b9
O-10,Safety,Safety marks,Night Lights,1.495513,30.859027,1-3,3,#5ac8c8
K-17,Safety,Safety marks,Night Lights,90.909091,9.312857,3-2,2,#8c62aa
AK-10,Safety,Safety marks,Night Lights,,4.743056,1-1,0,#e8e8e8
AN-11,Safety,Safety marks,Night Lights,,1.735,1-1,0,#e8e8e8
M-22,Safety,Safety marks,Night Lights,38.461538,7.122917,3-2,1,#8c62aa
AB-13,Safety,Safety marks,Night Lights,,56.120104,1-3,3,#5ac8c8
J-12,Safety,Safety marks,Night Lights,9.296149,24.653333,2-3,7,#5698b9
H-10,Safety,Safety marks,Night Lights,,45.728751,1-3,0,#5ac8c8
P-5,Safety,Safety marks,Night Lights,,5.266666,1-1,0,#e8e8e8
AH-16,Safety,Safety marks,Night Lights,,2.473333,1-1,0,#e8e8e8
U-10,Safety,Safety marks,Night Lights,10.354041,39.122917,2-3,62,#5698b9
R-14,Safety,Safety marks,Night Lights,69.466882,41.402362,3-3,129,#3b4994
O-17,Safety,Safety marks,Night Lights,78.60262,30.564444,3-3,36,#3b4994
O-7,Safety,Safety marks,Night Lights,1.494768,12.950972,1-2,2,#ace4e4
F-13,Safety,Safety marks,Night Lights,,6.565833,1-1,0,#e8e8e8
AO-12,Safety,Safety marks,Night Lights,,1.5025,1-1,0,#e8e8e8
N-10,Safety,Safety marks,Night Lights,3.406627,21.237778,2-3,11,#5698b9
AK-12,Safety,Safety marks,Night Lights,,7.52375,1-2,13,#ace4e4
X-14,Safety,Safety marks,Night Lights,343.558282,27.810139,3-3,56,#3b4994
T-16,Safety,Safety marks,Night Lights,5.573055,36.41139,2-3,23,#5698b9
AL-10,Safety,Safety marks,Night Lights,,6.899167,1-1,0,#e8e8e8
AC-17,Safety,Safety marks,Night Lights,1.35532,7.8625,1-2,6,#ace4e4
V-21,Safety,Safety marks,Night Lights,12.483281,13.979861,2-2,28,#a5b4c2
N-16,Safety,Safety marks,Night Lights,66.666667,13.747361,3-2,1,#8c62aa
AJ-19,Safety,Safety marks,Night Lights,0.0,3.300556,1-1,0,#e8e8e8
AD-5,Safety,Safety marks,Night Lights,,4.0175,1-1,1,#e8e8e8
AG-11,Safety,Safety marks,Night Lights,380.952381,6.601805,3-1,8,#be64ac
S-16,Safety,Safety marks,Night Lights,9.136592,23.827639,2-3,20,#5698b9
AA-4,Safety,Safety marks,Night Lights,,10.556806,1-2,4,#ace4e4
J-11,Safety,Safety marks,Night Lights,6.377551,19.435417,2-2,5,#a5b4c2
V-3,Safety,Safety marks,Night Lights,,2.873333,1-1,0,#e8e8e8
S-10,Safety,Safety marks,Night Lights,3.757911,41.927916,2-3,19,#5698b9
W-6,Safety,Safety marks,Night Lights,4.651163,15.080139,2-2,2,#a5b4c2
N-18,Safety,Safety marks,Night Lights,0.403551,33.642292,1-3,1,#5ac8c8
AD-16,Safety,Safety marks,Night Lights,1000.0,25.714306,3-3,36,#3b4994
Q-25,Safety,Safety marks,Night Lights,,4.153333,1-1,0,#e8e8e8
AE-7,Safety,Safety marks,Night Lights,,6.948333,1-1,0,#e8e8e8
M-10,Safety,Safety marks,Night Lights,12.647555,31.140139,2-3,15,#5698b9
U-12,Safety,Safety marks,Night Lights,12.840381,37.644688,2-3,58,#5698b9
K-24,Safety,Safety marks,Night Lights,,7.080833,1-2,0,#ace4e4
X-21,Safety,Safety marks,Night Lights,0.0,13.303542,1-2,0,#ace4e4
O-25,Safety,Safety marks,Night Lights,0.0,6.414722,1-1,0,#e8e8e8
N-11,Safety,Safety marks,Night Lights,2.790698,28.335972,2-3,15,#5698b9
Y-11,Safety,Safety marks,Night Lights,5.663717,23.304445,2-3,16,#5698b9
I-12,Safety,Safety marks,Night Lights,,24.243,1-3,9,#5ac8c8
M-18,Safety,Safety marks,Night Lights,,27.260521,1-3,0,#5ac8c8
AD-17,Safety,Safety marks,Night Lights,,14.204306,1-2,12,#ace4e4
N-26,Safety,Safety marks,Night Lights,,2.840833,1-1,0,#e8e8e8
W-14,Safety,Safety marks,Night Lights,586.206897,40.117834,3-3,34,#3b4994
H-9,Safety,Safety marks,Night Lights,,45.492916,1-3,0,#5ac8c8
AC-8,Safety,Safety marks,Night Lights,3.787879,7.387222,2-2,1,#a5b4c2
AL-14,Safety,Safety marks,Night Lights,,7.1925,1-2,0,#ace4e4
P-26,Safety,Safety marks,Night Lights,,2.596667,1-1,0,#e8e8e8
P-8,Safety,Safety marks,Night Lights,17.994859,9.694583,2-2,7,#a5b4c2
AF-17,Safety,Safety marks,Night Lights,3.789314,15.920417,2-2,10,#a5b4c2
Y-20,Safety,Safety marks,Night Lights,111.111111,4.287361,3-1,1,#be64ac
AG-10,Safety,Safety marks,Night Lights,28.301887,8.142833,3-2,3,#8c62aa
L-15,Safety,Safety marks,Night Lights,26.315789,33.144723,2-3,16,#5698b9
AK-11,Safety,Safety marks,Night Lights,,3.295972,1-1,3,#e8e8e8
X-16,Safety,Safety marks,Night Lights,123.966942,39.916389,3-3,15,#3b4994
AA-19,Safety,Safety marks,Night Lights,0.0,6.531111,1-1,0,#e8e8e8
D-10,Safety,Safety marks,Night Lights,,4.716667,1-1,0,#e8e8e8
S-15,Safety,Safety marks,Night Lights,200.0,24.352084,3-3,22,#3b4994
Q-14,Safety,Safety marks,Night Lights,3.377111,29.129722,2-3,9,#5698b9
Y-15,Safety,Safety marks,Night Lights,184.210526,12.7925,3-2,14,#8c62aa
Z-5,Safety,Safety marks,Night Lights,94.78673,15.944722,3-2,20,#8c62aa
AK-19,Safety,Safety marks,Night Lights,,3.849,1-1,0,#e8e8e8
AG-18,Safety,Safety marks,Night Lights,,6.813194,1-1,0,#e8e8e8
Z-10,Safety,Safety marks,Night Lights,54.276316,27.220973,3-3,33,#3b4994
AC-3,Safety,Safety marks,Night Lights,,2.5475,1-1,0,#e8e8e8
U-7,Safety,Safety marks,Night Lights,43.390105,24.301667,3-3,107,#3b4994
X-20,Safety,Safety marks,Night Lights,0.0,12.145417,1-2,0,#ace4e4
AA-7,Safety,Safety marks,Night Lights,0.0,11.251667,1-2,0,#ace4e4
AD-14,Safety,Safety marks,Night Lights,,6.3375,1-1,8,#e8e8e8
AJ-20,Safety,Safety marks,Night Lights,,4.608833,1-1,0,#e8e8e8
O-9,Safety,Safety marks,Night Lights,0.138812,15.321833,1-2,1,#ace4e4
S-20,Safety,Safety marks,Night Lights,4.776462,19.655834,2-2,25,#a5b4c2
P-23,Safety,Safety marks,Night Lights,,6.4945,1-1,1,#e8e8e8
J-21,Safety,Safety marks,Night Lights,0.0,2.215,1-1,0,#e8e8e8
AI-20,Safety,Safety marks,Night Lights,0.0,4.850833,1-1,0,#e8e8e8
W-7,Safety,Safety marks,Night Lights,17.88846,25.6775,2-3,51,#5698b9
AF-14,Safety,Safety marks,Night Lights,,9.33875,1-2,1,#ace4e4
AC-12,Safety,Safety marks,Night Lights,400.0,22.173611,3-3,12,#3b4994
N-24,Safety,Safety marks,Night Lights,,2.840139,1-1,0,#e8e8e8
W-17,Safety,Safety marks,Night Lights,1.286587,20.649583,1-3,8,#5ac8c8
Q-12,Safety,Safety marks,Night Lights,2076.923077,36.194895,3-3,27,#3b4994
AK-15,Safety,Safety marks,Night Lights,,1.805833,1-1,0,#e8e8e8
N-6,Safety,Safety marks,Night Lights,0.0,3.288833,1-1,0,#e8e8e8
S-18,Safety,Safety marks,Night Lights,3.676471,17.036562,2-2,11,#a5b4c2
P-15,Safety,Safety marks,Night Lights,9.493671,18.728611,2-2,6,#a5b4c2
Z-20,Safety,Safety marks,Night Lights,0.0,5.547,1-1,0,#e8e8e8
AD-10,Safety,Safety marks,Night Lights,53.865132,23.202638,3-3,262,#3b4994
V-10,Safety,Safety marks,Night Lights,19666.666667,35.920556,3-3,59,#3b4994
V-13,Safety,Safety marks,Night Lights,5.102041,46.090001,2-3,24,#5698b9
U-11,Safety,Safety marks,Night Lights,48.868313,40.623,3-3,190,#3b4994
Q-10,Safety,Safety marks,Night Lights,8875.0,45.537361,3-3,71,#3b4994
AI-16,Safety,Safety marks,Night Lights,6.493506,3.590667,2-1,3,#dfb0d6
M-12,Safety,Safety marks,Night Lights,44.753086,26.240833,3-3,29,#3b4994
R-18,Safety,Safety marks,Night Lights,0.706964,20.631805,1-3,2,#5ac8c8
Q-18,Safety,Safety marks,Night Lights,10.830325,16.222188,2-2,3,#a5b4c2
R-19,Safety,Safety marks,Night Lights,17.186793,17.822396,2-2,38,#a5b4c2
AF-19,Safety,Safety marks,Night Lights,,5.155833,1-1,0,#e8e8e8
Z-19,Safety,Safety marks,Night Lights,0.59312,15.069687,1-2,1,#ace4e4
H-15,Safety,Safety marks,Night Lights,78.26087,27.490694,3-3,9,#3b4994
M-25,Safety,Safety marks,Night Lights,0.0,2.536389,1-1,0,#e8e8e8
AB-12,Safety,Safety marks,Night Lights,28.037383,42.094166,2-3,6,#5698b9
AI-15,Safety,Safety marks,Night Lights,0.0,2.686111,1-1,0,#e8e8e8
R-8,Safety,Safety marks,Night Lights,20.737327,14.434722,2-2,9,#a5b4c2
R-13,Safety,Safety marks,Night Lights,30.499676,41.339001,3-3,94,#3b4994
V-4,Safety,Safety marks,Night Lights,,2.717778,1-1,0,#e8e8e8
Q-11,Safety,Safety marks,Night Lights,13.401404,39.726111,2-3,21,#5698b9
H-14,Safety,Safety marks,Night Lights,3000.0,8.759028,3-2,24,#8c62aa
Y-19,Safety,Safety marks,Night Lights,17.045455,9.032812,2-2,3,#a5b4c2
W-19,Safety,Safety marks,Night Lights,0.532765,21.76625,1-3,1,#5ac8c8
AK-13,Safety,Safety marks,Night Lights,,7.354479,1-2,1,#ace4e4
W-12,Safety,Safety marks,Night Lights,99.29078,34.685209,3-3,14,#3b4994
U-14,Safety,Safety marks,Night Lights,17.521446,32.467084,2-3,96,#5698b9
W-9,Safety,Safety marks,Night Lights,47.213779,37.697917,3-3,233,#3b4994
AN-13,Safety,Safety marks,Night Lights,,1.731042,1-1,0,#e8e8e8
AF-18,Safety,Safety marks,Night Lights,,12.438334,1-2,3,#ace4e4
O-20,Safety,Safety marks,Night Lights,0.0,5.784583,1-1,0,#e8e8e8
T-10,Safety,Safety marks,Night Lights,55000.0,41.458749,3-3,110,#3b4994
AB-8,Safety,Safety marks,Night Lights,,8.027639,1-2,1,#ace4e4
N-25,Safety,Safety marks,Night Lights,0.0,7.011071,1-2,0,#ace4e4
U-6,Safety,Safety marks,Night Lights,,19.071111,1-2,40,#ace4e4
X-8,Safety,Safety marks,Night Lights,45.779685,28.326945,3-3,64,#3b4994
I-17,Safety,Safety marks,Night Lights,0.0,14.274405,1-2,0,#ace4e4
V-19,Safety,Safety marks,Night Lights,36.190476,21.77375,3-3,19,#3b4994
S-24,Safety,Safety marks,Night Lights,,3.07,1-1,0,#e8e8e8
AF-15,Safety,Safety marks,Night Lights,,4.874583,1-1,0,#e8e8e8
Z-14,Safety,Safety marks,Night Lights,8.307827,32.279444,2-3,38,#5698b9
M-17,Safety,Safety marks,Night Lights,2.304147,8.279167,1-2,1,#ace4e4
Y-14,Safety,Safety marks,Night Lights,,40.122917,1-3,28,#5ac8c8
Z-21,Safety,Safety marks,Night Lights,0.0,5.903125,1-1,0,#e8e8e8
AD-18,Safety,Safety marks,Night Lights,0.0,6.840139,1-1,0,#e8e8e8
Y-4,Safety,Safety marks,Night Lights,0.0,6.517639,1-1,0,#e8e8e8
N-5,Safety,Safety marks,Night Lights,,2.385,1-1,0,#e8e8e8
M-19,Safety,Safety marks,Night Lights,0.0,16.890278,1-2,0,#ace4e4
AO-11,Safety,Safety marks,Night Lights,,,1-1,0,#e8e8e8
W-2,Safety,Safety marks,Night Lights,,,1-1,2,#e8e8e8
E-8,Safety,Safety marks,Night Lights,,,1-1,0,#e8e8e8
AI-21,Safety,Safety marks,Night Lights,,,1-1,0,#e8e8e8
M-6,Safety,Safety marks,Night Lights,,,1-1,0,#e8e8e8
T-4,Safety,Safety marks,Night Lights,,,1-1,0,#e8e8e8
AE-4,Safety,Safety marks,Night Lights,,,1-1,0,#e8e8e8
I-19,Safety,Safety marks,Night Lights,,,1-1,0,#e8e8e8
J-19,Safety,Safety marks,Night Lights,,,1-1,0,#e8e8e8
Y-2,Safety,Safety marks,Night Lights,,,1-1,0,#e8e8e8
K-25,Safety,Safety marks,Night Lights,,,1-1,0,#e8e8e8
AD-4,Safety,Safety marks,Night Lights,,,1-1,0,#e8e8e8
AK-14,Safety,Safety marks,Night Lights,,,1-1,0,#e8e8e8
Y-8,Proudness,Proud marks,Night Lights,36.0,30.11,3-3,36,#3b4994
S-9,Proudness,Proud marks,Night Lights,142.0,21.708,3-3,142,#3b4994
AJ-14,Proudness,Proud marks,Night Lights,2.0,5.167,1-1,2,#e8e8e8
T-6,Proudness,Proud marks,Night Lights,,13.0,1-2,0,#ace4e4
P-25,Proudness,Proud marks,Night Lights,1.0,10.148,1-2,1,#ace4e4
V-17,Proudness,Proud marks,Night Lights,35.0,38.397,3-3,35,#3b4994
Z-11,Proudness,Proud marks,Night Lights,24.0,14.42,3-2,24,#8c62aa
X-19,Proudness,Proud marks,Night Lights,2.0,16.172,1-2,2,#ace4e4
AE-17,Proudness,Proud marks,Night Lights,1.0,9.895,1-2,1,#ace4e4
Z-7,Proudness,Proud marks,Night Lights,14.0,26.006,2-3,14,#5698b9
R-9,Proudness,Proud marks,Night Lights,71.0,12.062,3-2,71,#8c62aa
AB-10,Proudness,Proud marks,Night Lights,132.0,18.579,3-2,132,#8c62aa
AJ-12,Proudness,Proud marks,Night Lights,2.0,5.677,1-1,2,#e8e8e8
M-24,Proudness,Proud marks,Night Lights,1.0,3.01,1-1,1,#e8e8e8
M-13,Proudness,Proud marks,Night Lights,3.0,27.768,2-3,3,#5698b9
R-20,Proudness,Proud marks,Night Lights,76.0,22.16,3-3,76,#3b4994
AB-18,Proudness,Proud marks,Night Lights,81.0,13.021,3-2,81,#8c62aa
Y-13,Proudness,Proud marks,Night Lights,15.0,31.868,2-3,15,#5698b9
U-19,Proudness,Proud marks,Night Lights,27.0,18.884,3-2,27,#8c62aa
K-16,Proudness,Proud marks,Night Lights,,32.667,1-3,0,#5ac8c8
X-13,Proudness,Proud marks,Night Lights,98.0,34.748,3-3,98,#3b4994
L-25,Proudness,Proud marks,Night Lights,,3.492,1-1,0,#e8e8e8
U-20,Proudness,Proud marks,Night Lights,114.0,6.761,3-1,114,#be64ac
P-17,Proudness,Proud marks,Night Lights,5.0,29.437,2-3,5,#5698b9
I-14,Proudness,Proud marks,Night Lights,10.0,22.223,2-3,10,#5698b9
AH-15,Proudness,Proud marks,Night Lights,,2.385,1-1,0,#e8e8e8
I-7,Proudness,Proud marks,Night Lights,,3.324,1-1,0,#e8e8e8
G-8,Proudness,Proud marks,Night Lights,,25.771,1-3,0,#5ac8c8
X-3,Proudness,Proud marks,Night Lights,2.0,7.741,1-2,2,#ace4e4
O-11,Proudness,Proud marks,Night Lights,41.0,29.884,3-3,41,#3b4994
Q-15,Proudness,Proud marks,Night Lights,62.0,11.213,3-2,62,#8c62aa
Q-8,Proudness,Proud marks,Night Lights,20.0,11.936,3-2,20,#8c62aa
U-8,Proudness,Proud marks,Night Lights,42.0,22.995,3-3,42,#3b4994
I-8,Proudness,Proud marks,Night Lights,1.0,8.181,1-2,1,#ace4e4
L-10,Proudness,Proud marks,Night Lights,41.0,6.27,3-1,41,#be64ac
AE-15,Proudness,Proud marks,Night Lights,,10.037,1-2,0,#ace4e4
AE-16,Proudness,Proud marks,Night Lights,,21.498,1-3,0,#5ac8c8
AD-9,Proudness,Proud marks,Night Lights,22.0,26.426,3-3,22,#3b4994
Z-16,Proudness,Proud marks,Night Lights,40.0,13.534,3-2,40,#8c62aa
W-3,Proudness,Proud marks,Night Lights,6.0,6.968,2-1,6,#dfb0d6
U-22,Proudness,Proud marks,Night Lights,2.0,5.297,1-1,2,#e8e8e8
J-17,Proudness,Proud marks,Night Lights,7.0,15.239,2-2,7,#a5b4c2
AF-12,Proudness,Proud marks,Night Lights,8.0,11.552,2-2,8,#a5b4c2
L-22,Proudness,Proud marks,Night Lights,3.0,2.395,2-1,3,#dfb0d6
P-7,Proudness,Proud marks,Night Lights,4.0,15.834,2-2,4,#a5b4c2
AF-20,Proudness,Proud marks,Night Lights,,5.024,1-1,0,#e8e8e8
AI-7,Proudness,Proud marks,Night Lights,,9.887,1-2,0,#ace4e4
AK-16,Proudness,Proud marks,Night Lights,,1.965,1-1,0,#e8e8e8
AM-11,Proudness,Proud marks,Night Lights,3.0,2.14,2-1,3,#dfb0d6
S-21,Proudness,Proud marks,Night Lights,39.0,5.926,3-1,39,#be64ac
W-13,Proudness,Proud marks,Night Lights,25.0,60.649,3-3,25,#3b4994
AI-14,Proudness,Proud marks,Night Lights,3.0,4.407,2-1,3,#dfb0d6
K-11,Proudness,Proud marks,Night Lights,10.0,23.961,2-3,10,#5698b9
S-6,Proudness,Proud marks,Night Lights,20.0,18.575,3-2,20,#8c62aa
R-17,Proudness,Proud marks,Night Lights,16.0,36.44,3-3,16,#3b4994
S-5,Proudness,Proud marks,Night Lights,15.0,4.86,2-1,15,#dfb0d6
Z-17,Proudness,Proud marks,Night Lights,12.0,28.254,2-3,12,#5698b9
AD-6,Proudness,Proud marks,Night Lights,,4.559,1-1,0,#e8e8e8
N-7,Proudness,Proud marks,Night Lights,,7.572,1-2,0,#ace4e4
AB-17,Proudness,Proud marks,Night Lights,50.0,13.434,3-2,50,#8c62aa
X-9,Proudness,Proud marks,Night Lights,98.0,24.424,3-3,98,#3b4994
L-13,Proudness,Proud marks,Night Lights,3.0,28.739,2-3,3,#5698b9
Z-8,Proudness,Proud marks,Night Lights,,36.18,1-3,0,#5ac8c8
Z-6,Proudness,Proud marks,Night Lights,37.0,19.239,3-2,37,#8c62aa
L-20,Proudness,Proud marks,Night Lights,,5.203,1-1,0,#e8e8e8
AD-15,Proudness,Proud marks,Night Lights,28.0,13.948,3-2,28,#8c62aa
F-15,Proudness,Proud marks,Night Lights,,4.386,1-1,0,#e8e8e8
AA-20,Proudness,Proud marks,Night Lights,,4.408,1-1,0,#e8e8e8
V-7,Proudness,Proud marks,Night Lights,55.0,21.49,3-3,55,#3b4994
AA-15,Proudness,Proud marks,Night Lights,33.0,17.862,3-2,33,#8c62aa
R-21,Proudness,Proud marks,Night Lights,20.0,18.964,3-2,20,#8c62aa
AA-18,Proudness,Proud marks,Night Lights,47.0,14.176,3-2,47,#8c62aa
O-15,Proudness,Proud marks,Night Lights,5.0,12.787,2-2,5,#a5b4c2
T-21,Proudness,Proud marks,Night Lights,5.0,6.861,2-1,5,#dfb0d6
L-11,Proudness,Proud marks,Night Lights,24.0,20.151,3-2,24,#8c62aa
X-15,Proudness,Proud marks,Night Lights,86.0,34.1,3-3,86,#3b4994
I-9,Proudness,Proud marks,Night Lights,,12.272,1-2,0,#ace4e4
O-24,Proudness,Proud marks,Night Lights,,6.124,1-1,0,#e8e8e8
AI-12,Proudness,Proud marks,Night Lights,3.0,5.963,2-1,3,#dfb0d6
L-23,Proudness,Proud marks,Night Lights,1.0,1.554,1-1,1,#e8e8e8
J-7,Proudness,Proud marks,Night Lights,1.0,2.336,1-1,1,#e8e8e8
AI-13,Proudness,Proud marks,Night Lights,5.0,3.034,2-1,5,#dfb0d6
AH-13,Proudness,Proud marks,Night Lights,1.0,4.991,1-1,1,#e8e8e8
AA-16,Proudness,Proud marks,Night Lights,62.0,12.534,3-2,62,#8c62aa
N-14,Proudness,Proud marks,Night Lights,47.0,16.8,3-2,47,#8c62aa
V-18,Proudness,Proud marks,Night Lights,22.0,13.675,3-2,22,#8c62aa
N-23,Proudness,Proud marks,Night Lights,44.0,7.789,3-2,44,#8c62aa
Q-17,Proudness,Proud marks,Night Lights,43.0,22.473,3-3,43,#3b4994
AK-18,Proudness,Proud marks,Night Lights,1.0,2.626,1-1,1,#e8e8e8
I-11,Proudness,Proud marks,Night Lights,,14.703,1-2,0,#ace4e4
N-8,Proudness,Proud marks,Night Lights,3.0,3.766,2-1,3,#dfb0d6
AA-12,Proudness,Proud marks,Night Lights,2.0,48.842,1-3,2,#5ac8c8
AE-13,Proudness,Proud marks,Night Lights,2.0,6.085,2-1,2,#dfb0d6
S-23,Proudness,Proud marks,Night Lights,17.0,4.381,3-1,17,#be64ac
H-13,Proudness,Proud marks,Night Lights,8.0,5.859,2-1,8,#dfb0d6
AC-11,Proudness,Proud marks,Night Lights,25.0,19.58,3-2,25,#8c62aa
T-11,Proudness,Proud marks,Night Lights,37.0,55.831,3-3,37,#3b4994
F-14,Proudness,Proud marks,Night Lights,,3.576,1-1,0,#e8e8e8
Z-15,Proudness,Proud marks,Night Lights,16.0,26.175,3-3,16,#3b4994
J-15,Proudness,Proud marks,Night Lights,6.0,38.885,2-3,6,#5698b9
Y-10,Proudness,Proud marks,Night Lights,20.0,35.809,3-3,20,#3b4994
AD-12,Proudness,Proud marks,Night Lights,29.0,15.187,3-2,29,#8c62aa
U-15,Proudness,Proud marks,Night Lights,38.0,58.337,3-3,38,#3b4994
L-14,Proudness,Proud marks,Night Lights,2.0,30.377,2-3,2,#5698b9
AE-5,Proudness,Proud marks,Night Lights,2.0,13.397,2-2,2,#a5b4c2
AH-7,Proudness,Proud marks,Night Lights,,17.111,1-2,0,#ace4e4
AA-17,Proudness,Proud marks,Night Lights,39.0,30.912,3-3,39,#3b4994
R-15,Proudness,Proud marks,Night Lights,37.0,42.716,3-3,37,#3b4994
AA-10,Proudness,Proud marks,Night Lights,35.0,20.556,3-2,35,#8c62aa
U-13,Proudness,Proud marks,Night Lights,421.0,36.077,3-3,421,#3b4994
AJ-8,Proudness,Proud marks,Night Lights,,3.372,1-1,0,#e8e8e8
Y-3,Proudness,Proud marks,Night Lights,,2.662,1-1,0,#e8e8e8
P-18,Proudness,Proud marks,Night Lights,8.0,14.816,2-2,8,#a5b4c2
L-18,Proudness,Proud marks,Night Lights,,6.212,1-1,0,#e8e8e8
AL-19,Proudness,Proud marks,Night Lights,,2.247,1-1,0,#e8e8e8
I-13,Proudness,Proud marks,Night Lights,92.0,15.349,3-2,92,#8c62aa
M-16,Proudness,Proud marks,Night Lights,43.0,13.419,3-2,43,#8c62aa
S-17,Proudness,Proud marks,Night Lights,5.0,27.092,2-3,5,#5698b9
W-10,Proudness,Proud marks,Night Lights,27.0,34.576,3-3,27,#3b4994
W-8,Proudness,Proud marks,Night Lights,30.0,25.329,3-3,30,#3b4994
T-12,Proudness,Proud marks,Night Lights,166.0,70.868,3-3,166,#3b4994
AG-7,Proudness,Proud marks,Night Lights,,9.66,1-2,0,#ace4e4
X-11,Proudness,Proud marks,Night Lights,7.0,27.056,2-3,7,#5698b9
O-6,Proudness,Proud marks,Night Lights,1.0,10.99,1-2,1,#ace4e4
T-22,Proudness,Proud marks,Night Lights,4.0,4.512,2-1,4,#dfb0d6
O-23,Proudness,Proud marks,Night Lights,,5.863,1-1,0,#e8e8e8
K-8,Proudness,Proud marks,Night Lights,,3.701,1-1,0,#e8e8e8
AE-12,Proudness,Proud marks,Night Lights,,12.177,1-2,0,#ace4e4
Q-26,Proudness,Proud marks,Night Lights,,2.173,1-1,0,#e8e8e8
AH-14,Proudness,Proud marks,Night Lights,,2.259,1-1,0,#e8e8e8
M-15,Proudness,Proud marks,Night Lights,42.0,43.426,3-3,42,#3b4994
G-15,Proudness,Proud marks,Night Lights,,23.218,1-3,0,#5ac8c8
AA-9,Proudness,Proud marks,Night Lights,10.0,34.904,2-3,10,#5698b9
W-5,Proudness,Proud marks,Night Lights,2.0,9.624,2-2,2,#a5b4c2
Z-13,Proudness,Proud marks,Night Lights,7.0,39.561,2-3,7,#5698b9
AG-14,Proudness,Proud marks,Night Lights,,5.772,1-1,0,#e8e8e8
W-18,Proudness,Proud marks,Night Lights,40.0,8.705,3-2,40,#8c62aa
W-11,Proudness,Proud marks,Night Lights,46.0,28.268,3-3,46,#3b4994
AH-21,Proudness,Proud marks,Night Lights,,2.93,1-1,0,#e8e8e8
AG-9,Proudness,Proud marks,Night Lights,8.0,16.101,2-2,8,#a5b4c2
X-12,Proudness,Proud marks,Night Lights,5.0,24.806,2-3,5,#5698b9
AD-20,Proudness,Proud marks,Night Lights,,5.55,1-1,0,#e8e8e8
Y-18,Proudness,Proud marks,Night Lights,3.0,29.759,2-3,3,#5698b9
R-23,Proudness,Proud marks,Night Lights,4.0,2.944,2-1,4,#dfb0d6
Y-12,Proudness,Proud marks,Night Lights,42.0,29.236,3-3,42,#3b4994
P-22,Proudness,Proud marks,Night Lights,,8.308,1-2,0,#ace4e4
AC-6,Proudness,Proud marks,Night Lights,5.0,11.006,2-2,5,#a5b4c2
AJ-15,Proudness,Proud marks,Night Lights,4.0,6.273,2-1,4,#dfb0d6
J-14,Proudness,Proud marks,Night Lights,15.0,26.862,2-3,15,#5698b9
Q-13,Proudness,Proud marks,Night Lights,50.0,35.364,3-3,50,#3b4994
AE-14,Proudness,Proud marks,Night Lights,8.0,7.596,2-2,8,#a5b4c2
L-21,Proudness,Proud marks,Night Lights,1.0,3.46,1-1,1,#e8e8e8
AH-9,Proudness,Proud marks,Night Lights,10.0,19.083,2-2,10,#a5b4c2
P-21,Proudness,Proud marks,Night Lights,,8.93,1-2,0,#ace4e4
AH-19,Proudness,Proud marks,Night Lights,,6.423,1-1,0,#e8e8e8
T-17,Proudness,Proud marks,Night Lights,,29.417,1-3,0,#5ac8c8
J-8,Proudness,Proud marks,Night Lights,,3.288,1-1,0,#e8e8e8
AF-9,Proudness,Proud marks,Night Lights,40.0,26.282,3-3,40,#3b4994
AC-10,Proudness,Proud marks,Night Lights,412.0,13.001,3-2,412,#8c62aa
Z-3,Proudness,Proud marks,Night Lights,,3.585,1-1,0,#e8e8e8
U-4,Proudness,Proud marks,Night Lights,3.0,4.547,2-1,3,#dfb0d6
AE-18,Proudness,Proud marks,Night Lights,1.0,5.272,1-1,1,#e8e8e8
M-20,Proudness,Proud marks,Night Lights,3.0,8.296,2-2,3,#a5b4c2
Q-6,Proudness,Proud marks,Night Lights,67.0,7.428,3-2,67,#8c62aa
L-24,Proudness,Proud marks,Night Lights,,2.386,1-1,0,#e8e8e8
AA-3,Proudness,Proud marks,Night Lights,5.0,6.044,2-1,5,#dfb0d6
AD-11,Proudness,Proud marks,Night Lights,152.0,9.46,3-2,152,#8c62aa
X-10,Proudness,Proud marks,Night Lights,12.0,41.495,2-3,12,#5698b9
K-21,Proudness,Proud marks,Night Lights,,2.332,1-1,0,#e8e8e8
N-19,Proudness,Proud marks,Night Lights,,12.493,1-2,0,#ace4e4
G-16,Proudness,Proud marks,Night Lights,,20.272,1-2,0,#ace4e4
U-16,Proudness,Proud marks,Night Lights,9.0,44.143,2-3,9,#5698b9
Z-12,Proudness,Proud marks,Night Lights,5.0,24.741,2-3,5,#5698b9
M-9,Proudness,Proud marks,Night Lights,7.0,7.178,2-2,7,#a5b4c2
J-16,Proudness,Proud marks,Night Lights,18.0,33.055,3-3,18,#3b4994
G-10,Proudness,Proud marks,Night Lights,,11.145,1-2,0,#ace4e4
AB-14,Proudness,Proud marks,Night Lights,5.0,52.451,2-3,5,#5698b9
AH-8,Proudness,Proud marks,Night Lights,,35.348,1-3,0,#5ac8c8
L-16,Proudness,Proud marks,Night Lights,87.0,32.601,3-3,87,#3b4994
AI-8,Proudness,Proud marks,Night Lights,2.0,14.422,2-2,2,#a5b4c2
AL-11,Proudness,Proud marks,Night Lights,6.0,6.361,2-1,6,#dfb0d6
AF-11,Proudness,Proud marks,Night Lights,8.0,16.439,2-2,8,#a5b4c2
K-20,Proudness,Proud marks,Night Lights,2.0,2.039,2-1,2,#dfb0d6
M-8,Proudness,Proud marks,Night Lights,1.0,4.081,1-1,1,#e8e8e8
AA-2,Proudness,Proud marks,Night Lights,,4.008,1-1,0,#e8e8e8
AF-6,Proudness,Proud marks,Night Lights,1.0,5.51,1-1,1,#e8e8e8
AB-6,Proudness,Proud marks,Night Lights,8.0,5.667,2-1,8,#dfb0d6
AB-16,Proudness,Proud marks,Night Lights,64.0,8.746,3-2,64,#8c62aa
S-19,Proudness,Proud marks,Night Lights,20.0,21.223,3-3,20,#3b4994
AG-8,Proudness,Proud marks,Night Lights,,25.471,1-3,0,#5ac8c8
Q-20,Proudness,Proud marks,Night Lights,36.0,14.735,3-2,36,#8c62aa
AA-5,Proudness,Proud marks,Night Lights,24.0,12.508,3-2,24,#8c62aa
S-11,Proudness,Proud marks,Night Lights,225.0,82.69,3-3,225,#3b4994
J-10,Proudness,Proud marks,Night Lights,9.0,5.827,2-1,9,#dfb0d6
I-20,Proudness,Proud marks,Night Lights,,2.922,1-1,0,#e8e8e8
AI-11,Proudness,Proud marks,Night Lights,1.0,3.56,1-1,1,#e8e8e8
Y-7,Proudness,Proud marks,Night Lights,42.0,39.378,3-3,42,#3b4994
AB-11,Proudness,Proud marks,Night Lights,7.0,17.486,2-2,7,#a5b4c2
R-6,Proudness,Proud marks,Night Lights,18.0,5.371,3-1,18,#be64ac
Q-7,Proudness,Proud marks,Night Lights,23.0,11.99,3-2,23,#8c62aa
Y-5,Proudness,Proud marks,Night Lights,,17.609,1-2,0,#ace4e4
AD-19,Proudness,Proud marks,Night Lights,,5.688,1-1,0,#e8e8e8
T-9,Proudness,Proud marks,Night Lights,9.0,29.969,2-3,9,#5698b9
N-17,Proudness,Proud marks,Night Lights,17.0,9.862,3-2,17,#8c62aa
AJ-21,Proudness,Proud marks,Night Lights,,5.369,1-1,0,#e8e8e8
T-14,Proudness,Proud marks,Night Lights,30.0,39.765,3-3,30,#3b4994
U-21,Proudness,Proud marks,Night Lights,3.0,5.261,2-1,3,#dfb0d6
J-18,Proudness,Proud marks,Night Lights,,11.401,1-2,0,#ace4e4
K-18,Proudness,Proud marks,Night Lights,,5.335,1-1,0,#e8e8e8
E-9,Proudness,Proud marks,Night Lights,,4.226,1-1,0,#e8e8e8
K-19,Proudness,Proud marks,Night Lights,,2.739,1-1,0,#e8e8e8
AC-15,Proudness,Proud marks,Night Lights,15.0,18.538,2-2,15,#a5b4c2
F-10,Proudness,Proud marks,Night Lights,,20.933,1-3,0,#5ac8c8
K-13,Proudness,Proud marks,Night Lights,65.0,19.417,3-2,65,#8c62aa
U-17,Proudness,Proud marks,Night Lights,2.0,38.184,2-3,2,#5698b9
Q-22,Proudness,Proud marks,Night Lights,3.0,8.662,2-2,3,#a5b4c2
V-8,Proudness,Proud marks,Night Lights,27.0,30.072,3-3,27,#3b4994
V-16,Proudness,Proud marks,Night Lights,4.0,65.066,2-3,4,#5698b9
AG-16,Proudness,Proud marks,Night Lights,1.0,4.027,1-1,1,#e8e8e8
M-21,Proudness,Proud marks,Night Lights,2.0,6.654,2-1,2,#dfb0d6
O-16,Proudness,Proud marks,Night Lights,41.0,11.942,3-2,41,#8c62aa
AK-20,Proudness,Proud marks,Night Lights,,7.553,1-2,0,#ace4e4
Z-4,Proudness,Proud marks,Night Lights,3.0,6.474,2-1,3,#dfb0d6
G-9,Proudness,Proud marks,Night Lights,5.0,113.015,2-3,5,#5698b9
AH-12,Proudness,Proud marks,Night Lights,3.0,8.535,2-2,3,#a5b4c2
AB-4,Proudness,Proud marks,Night Lights,3.0,5.31,2-1,3,#dfb0d6
W-15,Proudness,Proud marks,Night Lights,25.0,50.765,3-3,25,#3b4994
K-12,Proudness,Proud marks,Night Lights,55.0,19.354,3-2,55,#8c62aa
R-7,Proudness,Proud marks,Night Lights,27.0,21.207,3-3,27,#3b4994
AG-20,Proudness,Proud marks,Night Lights,,2.872,1-1,0,#e8e8e8
AC-14,Proudness,Proud marks,Night Lights,46.0,23.288,3-3,46,#3b4994
Q-23,Proudness,Proud marks,Night Lights,5.0,8.535,2-2,5,#a5b4c2
AA-11,Proudness,Proud marks,Night Lights,1.0,22.413,1-3,1,#5ac8c8
AH-18,Proudness,Proud marks,Night Lights,,4.661,1-1,0,#e8e8e8
AB-9,Proudness,Proud marks,Night Lights,36.0,14.181,3-2,36,#8c62aa
AK-17,Proudness,Proud marks,Night Lights,,1.741,1-1,0,#e8e8e8
T-8,Proudness,Proud marks,Night Lights,13.0,16.755,2-2,13,#a5b4c2
N-21,Proudness,Proud marks,Night Lights,12.0,7.534,2-2,12,#a5b4c2
X-17,Proudness,Proud marks,Night Lights,58.0,60.212,3-3,58,#3b4994
O-12,Proudness,Proud marks,Night Lights,7.0,21.98,2-3,7,#5698b9
I-16,Proudness,Proud marks,Night Lights,6.0,8.766,2-2,6,#a5b4c2
R-22,Proudness,Proud marks,Night Lights,5.0,6.043,2-1,5,#dfb0d6
S-14,Proudness,Proud marks,Night Lights,120.0,32.594,3-3,120,#3b4994
T-7,Proudness,Proud marks,Night Lights,15.0,18.702,3-2,15,#8c62aa
V-23,Proudness,Proud marks,Night Lights,,6.755,1-1,0,#e8e8e8
T-24,Proudness,Proud marks,Night Lights,,3.345,1-1,0,#e8e8e8
S-13,Proudness,Proud marks,Night Lights,218.0,35.116,3-3,218,#3b4994
AJ-18,Proudness,Proud marks,Night Lights,,1.86,1-1,0,#e8e8e8
AK-8,Proudness,Proud marks,Night Lights,,5.135,1-1,0,#e8e8e8
H-18,Proudness,Proud marks,Night Lights,,12.605,1-2,0,#ace4e4
AM-12,Proudness,Proud marks,Night Lights,13.0,2.538,2-1,13,#dfb0d6
AF-10,Proudness,Proud marks,Night Lights,10.0,22.3,2-3,10,#5698b9
N-13,Proudness,Proud marks,Night Lights,20.0,21.991,3-3,20,#3b4994
I-15,Proudness,Proud marks,Night Lights,2.0,28.156,2-3,2,#5698b9
N-15,Proudness,Proud marks,Night Lights,11.0,22.459,2-3,11,#5698b9
S-7,Proudness,Proud marks,Night Lights,36.0,29.23,3-3,36,#3b4994
S-12,Proudness,Proud marks,Night Lights,117.0,69.516,3-3,117,#3b4994
P-19,Proudness,Proud marks,Night Lights,5.0,8.364,2-2,5,#a5b4c2
L-17,Proudness,Proud marks,Night Lights,24.0,17.126,3-2,24,#8c62aa
P-11,Proudness,Proud marks,Night Lights,83.0,37.107,3-3,83,#3b4994
AG-13,Proudness,Proud marks,Night Lights,6.0,5.043,2-1,6,#dfb0d6
AN-12,Proudness,Proud marks,Night Lights,2.0,1.48,2-1,2,#dfb0d6
AJ-13,Proudness,Proud marks,Night Lights,9.0,9.16,2-2,9,#a5b4c2
K-15,Proudness,Proud marks,Night Lights,52.0,34.717,3-3,52,#3b4994
AH-11,Proudness,Proud marks,Night Lights,9.0,6.297,2-1,9,#dfb0d6
AC-16,Proudness,Proud marks,Night Lights,4.0,16.611,2-2,4,#a5b4c2
S-4,Proudness,Proud marks,Night Lights,6.0,2.284,2-1,6,#dfb0d6
AJ-11,Proudness,Proud marks,Night Lights,15.0,2.313,3-1,15,#be64ac
AC-7,Proudness,Proud marks,Night Lights,,9.505,1-2,0,#ace4e4
R-10,Proudness,Proud marks,Night Lights,51.0,39.83,3-3,51,#3b4994
AH-17,Proudness,Proud marks,Night Lights,,3.349,1-1,0,#e8e8e8
AD-7,Proudness,Proud marks,Night Lights,1.0,7.149,1-2,1,#ace4e4
N-22,Proudness,Proud marks,Night Lights,20.0,18.185,3-2,20,#8c62aa
Q-9,Proudness,Proud marks,Night Lights,27.0,28.624,3-3,27,#3b4994
V-6,Proudness,Proud marks,Night Lights,10.0,7.14,2-2,10,#a5b4c2
P-16,Proudness,Proud marks,Night Lights,44.0,7.903,3-2,44,#8c62aa
AG-19,Proudness,Proud marks,Night Lights,,5.93,1-1,0,#e8e8e8
O-18,Proudness,Proud marks,Night Lights,2.0,13.881,2-2,2,#a5b4c2
G-14,Proudness,Proud marks,Night Lights,2.0,5.196,2-1,2,#dfb0d6
Y-6,Proudness,Proud marks,Night Lights,11.0,43.616,2-3,11,#5698b9
G-11,Proudness,Proud marks,Night Lights,,9.325,1-2,0,#ace4e4
P-10,Proudness,Proud marks,Night Lights,57.0,27.078,3-3,57,#3b4994
X-4,Proudness,Proud marks,Night Lights,23.0,10.947,3-2,23,#8c62aa
O-5,Proudness,Proud marks,Night Lights,3.0,3.872,2-1,3,#dfb0d6
AB-5,Proudness,Proud marks,Night Lights,2.0,6.565,2-1,2,#dfb0d6
R-11,Proudness,Proud marks,Night Lights,214.0,48.926,3-3,214,#3b4994
Q-21,Proudness,Proud marks,Night Lights,23.0,10.257,3-2,23,#8c62aa
U-9,Proudness,Proud marks,Night Lights,40.0,37.256,3-3,40,#3b4994
AA-6,Proudness,Proud marks,Night Lights,95.0,8.656,3-2,95,#8c62aa
AF-13,Proudness,Proud marks,Night Lights,,8.049,1-2,0,#ace4e4
L-9,Proudness,Proud marks,Night Lights,6.0,6.595,2-1,6,#dfb0d6
AM-13,Proudness,Proud marks,Night Lights,,8.144,1-2,0,#ace4e4
O-8,Proudness,Proud marks,Night Lights,12.0,4.637,2-1,12,#dfb0d6
K-14,Proudness,Proud marks,Night Lights,3.0,26.873,2-3,3,#5698b9
P-9,Proudness,Proud marks,Night Lights,51.0,14.112,3-2,51,#8c62aa
P-12,Proudness,Proud marks,Night Lights,71.0,30.265,3-3,71,#3b4994
AF-5,Proudness,Proud marks,Night Lights,2.0,13.665,2-2,2,#a5b4c2
O-13,Proudness,Proud marks,Night Lights,14.0,22.686,2-3,14,#5698b9
AI-17,Proudness,Proud marks,Night Lights,,2.568,1-1,0,#e8e8e8
H-16,Proudness,Proud marks,Night Lights,1.0,12.848,1-2,1,#ace4e4
AK-9,Proudness,Proud marks,Night Lights,,3.958,1-1,0,#e8e8e8
W-22,Proudness,Proud marks,Night Lights,,6.727,1-1,0,#e8e8e8
AE-8,Proudness,Proud marks,Night Lights,8.0,11.673,2-2,8,#a5b4c2
X-6,Proudness,Proud marks,Night Lights,,16.341,1-2,0,#ace4e4
H-11,Proudness,Proud marks,Night Lights,1.0,33.111,1-3,1,#5ac8c8
V-12,Proudness,Proud marks,Night Lights,196.0,30.532,3-3,196,#3b4994
T-20,Proudness,Proud marks,Night Lights,55.0,12.939,3-2,55,#8c62aa
K-10,Proudness,Proud marks,Night Lights,90.0,8.638,3-2,90,#8c62aa
AB-19,Proudness,Proud marks,Night Lights,1.0,5.731,1-1,1,#e8e8e8
AE-11,Proudness,Proud marks,Night Lights,209.0,9.282,3-2,209,#8c62aa
Q-16,Proudness,Proud marks,Night Lights,14.0,30.754,2-3,14,#5698b9
Z-18,Proudness,Proud marks,Night Lights,40.0,32.796,3-3,40,#3b4994
AC-13,Proudness,Proud marks,Night Lights,13.0,25.51,2-3,13,#5698b9
AE-10,Proudness,Proud marks,Night Lights,228.0,13.919,3-2,228,#8c62aa
T-5,Proudness,Proud marks,Night Lights,78.0,4.38,3-1,78,#be64ac
P-20,Proudness,Proud marks,Night Lights,2.0,10.634,2-2,2,#a5b4c2
AJ-16,Proudness,Proud marks,Night Lights,,2.283,1-1,0,#e8e8e8
AG-17,Proudness,Proud marks,Night Lights,4.0,13.435,2-2,4,#a5b4c2
T-19,Proudness,Proud marks,Night Lights,36.0,20.644,3-3,36,#3b4994
I-10,Proudness,Proud marks,Night Lights,5.0,41.914,2-3,5,#5698b9
AL-13,Proudness,Proud marks,Night Lights,3.0,8.5,2-2,3,#a5b4c2
T-18,Proudness,Proud marks,Night Lights,19.0,24.213,3-3,19,#3b4994
Q-24,Proudness,Proud marks,Night Lights,,8.579,1-2,0,#ace4e4
AJ-17,Proudness,Proud marks,Night Lights,,2.517,1-1,0,#e8e8e8
V-11,Proudness,Proud marks,Night Lights,126.0,35.112,3-3,126,#3b4994
M-23,Proudness,Proud marks,Night Lights,2.0,3.805,2-1,2,#dfb0d6
H-12,Proudness,Proud marks,Night Lights,,14.871,1-2,0,#ace4e4
R-16,Proudness,Proud marks,Night Lights,126.0,26.537,3-3,126,#3b4994
K-9,Proudness,Proud marks,Night Lights,7.0,6.627,2-1,7,#dfb0d6
AC-5,Proudness,Proud marks,Night Lights,,3.379,1-1,0,#e8e8e8
T-23,Proudness,Proud marks,Night Lights,2.0,3.665,2-1,2,#dfb0d6
J-9,Proudness,Proud marks,Night Lights,,4.492,1-1,0,#e8e8e8
T-13,Proudness,Proud marks,Night Lights,158.0,44.642,3-3,158,#3b4994
AI-19,Proudness,Proud marks,Night Lights,1.0,7.719,1-2,1,#ace4e4
P-24,Proudness,Proud marks,Night Lights,3.0,11.64,2-2,3,#a5b4c2
Z-9,Proudness,Proud marks,Night Lights,33.0,27.167,3-3,33,#3b4994
AM-10,Proudness,Proud marks,Night Lights,,5.343,1-1,0,#e8e8e8
P-6,Proudness,Proud marks,Night Lights,5.0,8.057,2-2,5,#a5b4c2
AF-8,Proudness,Proud marks,Night Lights,,8.604,1-2,0,#ace4e4
AJ-10,Proudness,Proud marks,Night Lights,1.0,4.029,1-1,1,#e8e8e8
X-18,Proudness,Proud marks,Night Lights,18.0,32.554,3-3,18,#3b4994
X-5,Proudness,Proud marks,Night Lights,,14.934,1-2,0,#ace4e4
W-21,Proudness,Proud marks,Night Lights,,11.31,1-2,0,#ace4e4
AA-13,Proudness,Proud marks,Night Lights,,63.892,1-3,0,#5ac8c8
O-19,Proudness,Proud marks,Night Lights,1.0,5.971,1-1,1,#e8e8e8
AC-18,Proudness,Proud marks,Night Lights,5.0,5.362,2-1,5,#dfb0d6
AC-4,Proudness,Proud marks,Night Lights,3.0,3.124,2-1,3,#dfb0d6
AI-18,Proudness,Proud marks,Night Lights,,2.807,1-1,0,#e8e8e8
AB-15,Proudness,Proud marks,Night Lights,5.0,32.91,2-3,5,#5698b9
L-26,Proudness,Proud marks,Night Lights,,4.488,1-1,0,#e8e8e8
M-14,Proudness,Proud marks,Night Lights,8.0,14.691,2-2,8,#a5b4c2
U-18,Proudness,Proud marks,Night Lights,3.0,26.68,2-3,3,#5698b9
N-9,Proudness,Proud marks,Night Lights,2.0,6.089,2-1,2,#dfb0d6
P-14,Proudness,Proud marks,Night Lights,23.0,19.84,3-2,23,#8c62aa
Y-9,Proudness,Proud marks,Night Lights,3.0,40.344,2-3,3,#5698b9
N-20,Proudness,Proud marks,Night Lights,1.0,5.344,1-1,1,#e8e8e8
J-20,Proudness,Proud marks,Night Lights,,2.647,1-1,0,#e8e8e8
N-12,Proudness,Proud marks,Night Lights,133.0,22.549,3-3,133,#3b4994
W-20,Proudness,Proud marks,Night Lights,9.0,20.601,2-2,9,#a5b4c2
AC-9,Proudness,Proud marks,Night Lights,23.0,25.103,3-3,23,#3b4994
F-9,Proudness,Proud marks,Night Lights,,37.174,1-3,0,#5ac8c8
L-19,Proudness,Proud marks,Night Lights,,12.57,1-2,0,#ace4e4
AA-14,Proudness,Proud marks,Night Lights,3.0,28.153,2-3,3,#5698b9
Y-21,Proudness,Proud marks,Night Lights,,5.84,1-1,0,#e8e8e8
AE-19,Proudness,Proud marks,Night Lights,,6.052,1-1,0,#e8e8e8
AI-10,Proudness,Proud marks,Night Lights,3.0,4.61,2-1,3,#dfb0d6
O-21,Proudness,Proud marks,Night Lights,1.0,16.604,1-2,1,#ace4e4
Q-5,Proudness,Proud marks,Night Lights,31.0,3.091,3-1,31,#be64ac
AD-8,Proudness,Proud marks,Night Lights,4.0,10.754,2-2,4,#a5b4c2
O-14,Proudness,Proud marks,Night Lights,24.0,22.016,3-3,24,#3b4994
AF-7,Proudness,Proud marks,Night Lights,,2.703,1-1,0,#e8e8e8
AI-9,Proudness,Proud marks,Night Lights,2.0,9.311,2-2,2,#a5b4c2
Q-19,Proudness,Proud marks,Night Lights,49.0,17.353,3-2,49,#8c62aa
Y-17,Proudness,Proud marks,Night Lights,55.0,34.517,3-3,55,#3b4994
V-14,Proudness,Proud marks,Night Lights,35.0,68.868,3-3,35,#3b4994
R-12,Proudness,Proud marks,Night Lights,274.0,64.898,3-3,274,#3b4994
AC-19,Proudness,Proud marks,Night Lights,5.0,6.285,2-1,5,#dfb0d6
V-15,Proudness,Proud marks,Night Lights,9.0,40.233,2-3,9,#5698b9
AD-13,Proudness,Proud marks,Night Lights,7.0,13.588,2-2,7,#a5b4c2
AH-20,Proudness,Proud marks,Night Lights,2.0,5.109,2-1,2,#dfb0d6
AE-9,Proudness,Proud marks,Night Lights,55.0,48.898,3-3,55,#3b4994
P-13,Proudness,Proud marks,Night Lights,25.0,26.359,3-3,25,#3b4994
V-9,Proudness,Proud marks,Night Lights,49.0,26.449,3-3,49,#3b4994
X-7,Proudness,Proud marks,Night Lights,22.0,38.734,3-3,22,#3b4994
W-4,Proudness,Proud marks,Night Lights,,5.612,1-1,0,#e8e8e8
AJ-9,Proudness,Proud marks,Night Lights,,6.284,1-1,0,#e8e8e8
V-5,Proudness,Proud marks,Night Lights,,3.843,1-1,0,#e8e8e8
AH-10,Proudness,Proud marks,Night Lights,3.0,9.118,2-2,3,#a5b4c2
Y-16,Proudness,Proud marks,Night Lights,16.0,32.694,3-3,16,#3b4994
S-22,Proudness,Proud marks,Night Lights,24.0,2.627,3-1,24,#be64ac
AA-8,Proudness,Proud marks,Night Lights,4.0,13.254,2-2,4,#a5b4c2
AG-12,Proudness,Proud marks,Night Lights,3.0,7.998,2-2,3,#a5b4c2
V-20,Proudness,Proud marks,Night Lights,14.0,24.036,2-3,14,#5698b9
U-23,Proudness,Proud marks,Night Lights,,2.971,1-1,0,#e8e8e8
G-13,Proudness,Proud marks,Night Lights,10.0,6.302,2-1,10,#dfb0d6
AG-15,Proudness,Proud marks,Night Lights,,2.333,1-1,0,#e8e8e8
AE-6,Proudness,Proud marks,Night Lights,6.0,4.986,2-1,6,#dfb0d6
AF-16,Proudness,Proud marks,Night Lights,4.0,7.172,2-2,4,#a5b4c2
V-22,Proudness,Proud marks,Night Lights,9.0,6.422,2-1,9,#dfb0d6
L-12,Proudness,Proud marks,Night Lights,141.0,14.978,3-2,141,#8c62aa
S-8,Proudness,Proud marks,Night Lights,33.0,13.531,3-2,33,#8c62aa
H-17,Proudness,Proud marks,Night Lights,,10.365,1-2,0,#ace4e4
U-5,Proudness,Proud marks,Night Lights,19.0,13.437,3-2,19,#8c62aa
W-16,Proudness,Proud marks,Night Lights,18.0,52.829,3-3,18,#3b4994
R-24,Proudness,Proud marks,Night Lights,19.0,2.402,3-1,19,#be64ac
AL-12,Proudness,Proud marks,Night Lights,3.0,3.666,2-1,3,#dfb0d6
M-11,Proudness,Proud marks,Night Lights,13.0,24.173,2-3,13,#5698b9
AB-20,Proudness,Proud marks,Night Lights,,8.912,1-2,0,#ace4e4
AB-7,Proudness,Proud marks,Night Lights,1.0,12.565,1-2,1,#ace4e4
J-13,Proudness,Proud marks,Night Lights,25.0,32.085,3-3,25,#3b4994
O-22,Proudness,Proud marks,Night Lights,2.0,6.983,2-2,2,#a5b4c2
F-11,Proudness,Proud marks,Night Lights,,3.481,1-1,0,#e8e8e8
T-15,Proudness,Proud marks,Night Lights,21.0,48.423,3-3,21,#3b4994
O-10,Proudness,Proud marks,Night Lights,11.0,30.859,2-3,11,#5698b9
K-17,Proudness,Proud marks,Night Lights,26.0,9.313,3-2,26,#8c62aa
AK-10,Proudness,Proud marks,Night Lights,,4.743,1-1,0,#e8e8e8
AN-11,Proudness,Proud marks,Night Lights,,1.735,1-1,0,#e8e8e8
M-22,Proudness,Proud marks,Night Lights,8.0,7.123,2-2,8,#a5b4c2
AB-13,Proudness,Proud marks,Night Lights,1.0,56.12,1-3,1,#5ac8c8
J-12,Proudness,Proud marks,Night Lights,,24.653,1-3,0,#5ac8c8
H-10,Proudness,Proud marks,Night Lights,,45.729,1-3,0,#5ac8c8
P-5,Proudness,Proud marks,Night Lights,,5.267,1-1,0,#e8e8e8
AH-16,Proudness,Proud marks,Night Lights,,2.473,1-1,0,#e8e8e8
U-10,Proudness,Proud marks,Night Lights,86.0,39.123,3-3,86,#3b4994
R-14,Proudness,Proud marks,Night Lights,218.0,41.402,3-3,218,#3b4994
O-17,Proudness,Proud marks,Night Lights,,30.564,1-3,0,#5ac8c8
O-7,Proudness,Proud marks,Night Lights,6.0,12.951,2-2,6,#a5b4c2
F-13,Proudness,Proud marks,Night Lights,4.0,6.566,2-1,4,#dfb0d6
AO-12,Proudness,Proud marks,Night Lights,,1.503,1-1,0,#e8e8e8
N-10,Proudness,Proud marks,Night Lights,6.0,21.238,2-3,6,#5698b9
AK-12,Proudness,Proud marks,Night Lights,10.0,7.524,2-2,10,#a5b4c2
X-14,Proudness,Proud marks,Night Lights,28.0,27.81,3-3,28,#3b4994
T-16,Proudness,Proud marks,Night Lights,9.0,36.411,2-3,9,#5698b9
AL-10,Proudness,Proud marks,Night Lights,,6.899,1-1,0,#e8e8e8
AC-17,Proudness,Proud marks,Night Lights,9.0,7.862,2-2,9,#a5b4c2
V-21,Proudness,Proud marks,Night Lights,84.0,13.98,3-2,84,#8c62aa
N-16,Proudness,Proud marks,Night Lights,12.0,13.747,2-2,12,#a5b4c2
AJ-19,Proudness,Proud marks,Night Lights,2.0,3.301,2-1,2,#dfb0d6
AD-5,Proudness,Proud marks,Night Lights,11.0,4.017,2-1,11,#dfb0d6
AG-11,Proudness,Proud marks,Night Lights,7.0,6.602,2-1,7,#dfb0d6
S-16,Proudness,Proud marks,Night Lights,9.0,23.828,2-3,9,#5698b9
AA-4,Proudness,Proud marks,Night Lights,3.0,10.557,2-2,3,#a5b4c2
J-11,Proudness,Proud marks,Night Lights,2.0,19.435,2-2,2,#a5b4c2
V-3,Proudness,Proud marks,Night Lights,,2.873,1-1,0,#e8e8e8
S-10,Proudness,Proud marks,Night Lights,109.0,41.928,3-3,109,#3b4994
W-6,Proudness,Proud marks,Night Lights,49.0,15.08,3-2,49,#8c62aa
N-18,Proudness,Proud marks,Night Lights,,33.642,1-3,0,#5ac8c8
AD-16,Proudness,Proud marks,Night Lights,2.0,25.714,2-3,2,#5698b9
Q-25,Proudness,Proud marks,Night Lights,,4.153,1-1,0,#e8e8e8
AE-7,Proudness,Proud marks,Night Lights,5.0,6.948,2-1,5,#dfb0d6
M-10,Proudness,Proud marks,Night Lights,9.0,31.14,2-3,9,#5698b9
U-12,Proudness,Proud marks,Night Lights,251.0,37.645,3-3,251,#3b4994
K-24,Proudness,Proud marks,Night Lights,,7.081,1-2,0,#ace4e4
X-21,Proudness,Proud marks,Night Lights,,13.304,1-2,0,#ace4e4
O-25,Proudness,Proud marks,Night Lights,,6.415,1-1,0,#e8e8e8
N-11,Proudness,Proud marks,Night Lights,6.0,28.336,2-3,6,#5698b9
Y-11,Proudness,Proud marks,Night Lights,98.0,23.304,3-3,98,#3b4994
I-12,Proudness,Proud marks,Night Lights,1.0,24.243,1-3,1,#5ac8c8
M-18,Proudness,Proud marks,Night Lights,1.0,27.261,1-3,1,#5ac8c8
AD-17,Proudness,Proud marks,Night Lights,10.0,14.204,2-2,10,#a5b4c2
N-26,Proudness,Proud marks,Night Lights,,2.841,1-1,0,#e8e8e8
W-14,Proudness,Proud marks,Night Lights,25.0,40.118,3-3,25,#3b4994
H-9,Proudness,Proud marks,Night Lights,,45.493,1-3,0,#5ac8c8
AC-8,Proudness,Proud marks,Night Lights,13.0,7.387,2-2,13,#a5b4c2
AL-14,Proudness,Proud marks,Night Lights,4.0,7.192,2-2,4,#a5b4c2
P-26,Proudness,Proud marks,Night Lights,,2.597,1-1,0,#e8e8e8
P-8,Proudness,Proud marks,Night Lights,51.0,9.695,3-2,51,#8c62aa
AF-17,Proudness,Proud marks,Night Lights,8.0,15.92,2-2,8,#a5b4c2
Y-20,Proudness,Proud marks,Night Lights,,4.287,1-1,0,#e8e8e8
AG-10,Proudness,Proud marks,Night Lights,35.0,8.143,3-2,35,#8c62aa
L-15,Proudness,Proud marks,Night Lights,8.0,33.145,2-3,8,#5698b9
AK-11,Proudness,Proud marks,Night Lights,7.0,3.296,2-1,7,#dfb0d6
X-16,Proudness,Proud marks,Night Lights,4.0,39.916,2-3,4,#5698b9
AA-19,Proudness,Proud marks,Night Lights,,6.531,1-1,0,#e8e8e8
D-10,Proudness,Proud marks,Night Lights,,4.717,1-1,0,#e8e8e8
S-15,Proudness,Proud marks,Night Lights,116.0,24.352,3-3,116,#3b4994
Q-14,Proudness,Proud marks,Night Lights,17.0,29.13,3-3,17,#3b4994
Y-15,Proudness,Proud marks,Night Lights,28.0,12.793,3-2,28,#8c62aa
Z-5,Proudness,Proud marks,Night Lights,46.0,15.945,3-2,46,#8c62aa
AK-19,Proudness,Proud marks,Night Lights,1.0,3.849,1-1,1,#e8e8e8
AG-18,Proudness,Proud marks,Night Lights,15.0,6.813,3-1,15,#be64ac
Z-10,Proudness,Proud marks,Night Lights,121.0,27.221,3-3,121,#3b4994
AC-3,Proudness,Proud marks,Night Lights,1.0,2.547,1-1,1,#e8e8e8
U-7,Proudness,Proud marks,Night Lights,5.0,24.302,2-3,5,#5698b9
X-20,Proudness,Proud marks,Night Lights,5.0,12.145,2-2,5,#a5b4c2
AA-7,Proudness,Proud marks,Night Lights,11.0,11.252,2-2,11,#a5b4c2
AD-14,Proudness,Proud marks,Night Lights,28.0,6.337,3-1,28,#be64ac
AJ-20,Proudness,Proud marks,Night Lights,1.0,4.609,1-1,1,#e8e8e8
O-9,Proudness,Proud marks,Night Lights,27.0,15.322,3-2,27,#8c62aa
S-20,Proudness,Proud marks,Night Lights,53.0,19.656,3-2,53,#8c62aa
P-23,Proudness,Proud marks,Night Lights,9.0,6.495,2-1,9,#dfb0d6
J-21,Proudness,Proud marks,Night Lights,,2.215,1-1,0,#e8e8e8
AI-20,Proudness,Proud marks,Night Lights,,4.851,1-1,0,#e8e8e8
W-7,Proudness,Proud marks,Night Lights,17.0,25.677,3-3,17,#3b4994
AF-14,Proudness,Proud marks,Night Lights,5.0,9.339,2-2,5,#a5b4c2
AC-12,Proudness,Proud marks,Night Lights,7.0,22.174,2-3,7,#5698b9
N-24,Proudness,Proud marks,Night Lights,,2.84,1-1,0,#e8e8e8
W-17,Proudness,Proud marks,Night Lights,52.0,20.65,3-3,52,#3b4994
Q-12,Proudness,Proud marks,Night Lights,227.0,36.195,3-3,227,#3b4994
AK-15,Proudness,Proud marks,Night Lights,,1.806,1-1,0,#e8e8e8
N-6,Proudness,Proud marks,Night Lights,5.0,3.289,2-1,5,#dfb0d6
S-18,Proudness,Proud marks,Night Lights,22.0,17.037,3-2,22,#8c62aa
P-15,Proudness,Proud marks,Night Lights,5.0,18.729,2-2,5,#a5b4c2
Z-20,Proudness,Proud marks,Night Lights,6.0,5.547,2-1,6,#dfb0d6
AD-10,Proudness,Proud marks,Night Lights,60.0,23.203,3-3,60,#3b4994
V-10,Proudness,Proud marks,Night Lights,49.0,35.921,3-3,49,#3b4994
V-13,Proudness,Proud marks,Night Lights,31.0,46.09,3-3,31,#3b4994
U-11,Proudness,Proud marks,Night Lights,323.0,40.623,3-3,323,#3b4994
Q-10,Proudness,Proud marks,Night Lights,95.0,45.537,3-3,95,#3b4994
AI-16,Proudness,Proud marks,Night Lights,2.0,3.591,2-1,2,#dfb0d6
M-12,Proudness,Proud marks,Night Lights,11.0,26.241,2-3,11,#5698b9
R-18,Proudness,Proud marks,Night Lights,3.0,20.632,2-3,3,#5698b9
Q-18,Proudness,Proud marks,Night Lights,12.0,16.222,2-2,12,#a5b4c2
R-19,Proudness,Proud marks,Night Lights,17.0,17.822,3-2,17,#8c62aa
AF-19,Proudness,Proud marks,Night Lights,,5.156,1-1,0,#e8e8e8
Z-19,Proudness,Proud marks,Night Lights,4.0,15.07,2-2,4,#a5b4c2
H-15,Proudness,Proud marks,Night Lights,2.0,27.491,2-3,2,#5698b9
M-25,Proudness,Proud marks,Night Lights,,2.536,1-1,0,#e8e8e8
AB-12,Proudness,Proud marks,Night Lights,,42.094,1-3,0,#5ac8c8
AI-15,Proudness,Proud marks,Night Lights,,2.686,1-1,0,#e8e8e8
R-8,Proudness,Proud marks,Night Lights,58.0,14.435,3-2,58,#8c62aa
R-13,Proudness,Proud marks,Night Lights,217.0,41.339,3-3,217,#3b4994
V-4,Proudness,Proud marks,Night Lights,1.0,2.718,1-1,1,#e8e8e8
Q-11,Proudness,Proud marks,Night Lights,238.0,39.726,3-3,238,#3b4994
H-14,Proudness,Proud marks,Night Lights,56.0,8.759,3-2,56,#8c62aa
Y-19,Proudness,Proud marks,Night Lights,4.0,9.033,2-2,4,#a5b4c2
W-19,Proudness,Proud marks,Night Lights,11.0,21.766,2-3,11,#5698b9
AK-13,Proudness,Proud marks,Night Lights,,7.354,1-2,0,#ace4e4
W-12,Proudness,Proud marks,Night Lights,30.0,34.685,3-3,30,#3b4994
U-14,Proudness,Proud marks,Night Lights,40.0,32.467,3-3,40,#3b4994
W-9,Proudness,Proud marks,Night Lights,59.0,37.698,3-3,59,#3b4994
AN-13,Proudness,Proud marks,Night Lights,,1.731,1-1,0,#e8e8e8
AF-18,Proudness,Proud marks,Night Lights,1.0,12.438,1-2,1,#ace4e4
O-20,Proudness,Proud marks,Night Lights,1.0,5.785,1-1,1,#e8e8e8
T-10,Proudness,Proud marks,Night Lights,72.0,41.459,3-3,72,#3b4994
AB-8,Proudness,Proud marks,Night Lights,3.0,8.028,2-2,3,#a5b4c2
N-25,Proudness,Proud marks,Night Lights,,7.011,1-2,0,#ace4e4
U-6,Proudness,Proud marks,Night Lights,15.0,19.071,3-2,15,#8c62aa
X-8,Proudness,Proud marks,Night Lights,53.0,28.327,3-3,53,#3b4994
I-17,Proudness,Proud marks,Night Lights,1.0,14.274,1-2,1,#ace4e4
V-19,Proudness,Proud marks,Night Lights,25.0,21.774,3-3,25,#3b4994
S-24,Proudness,Proud marks,Night Lights,,3.07,1-1,0,#e8e8e8
AF-15,Proudness,Proud marks,Night Lights,2.0,4.875,2-1,2,#dfb0d6
Z-14,Proudness,Proud marks,Night Lights,9.0,32.279,2-3,9,#5698b9
M-17,Proudness,Proud marks,Night Lights,10.0,8.279,2-2,10,#a5b4c2
Y-14,Proudness,Proud marks,Night Lights,24.0,40.123,3-3,24,#3b4994
Z-21,Proudness,Proud marks,Night Lights,,5.903,1-1,0,#e8e8e8
AD-18,Proudness,Proud marks,Night Lights,6.0,6.84,2-1,6,#dfb0d6
Y-4,Proudness,Proud marks,Night Lights,,6.518,1-1,0,#e8e8e8
N-5,Proudness,Proud marks,Night Lights,,2.385,1-1,0,#e8e8e8
M-19,Proudness,Proud marks,Night Lights,,16.89,1-2,0,#ace4e4
Y-8,Free Time,Activity (per capita),NDVI,28.74,0.488,2-1,35,#dfb0d6
S-9,Free Time,Activity (per capita),NDVI,596.1,0.594,3-2,161,#8c62aa
AJ-14,Free Time,Activity (per capita),NDVI,17.21,0.549,2-2,5,#a5b4c2
T-6,Free Time,Activity (per capita),NDVI,19.19,0.455,2-1,16,#dfb0d6
P-25,Free Time,Activity (per capita),NDVI,0.0,0.471,1-1,0,#e8e8e8
V-17,Free Time,Activity (per capita),NDVI,302.6,0.73,3-3,55,#3b4994
Z-11,Free Time,Activity (per capita),NDVI,78.59,0.679,3-3,35,#3b4994
X-19,Free Time,Activity (per capita),NDVI,6.14,0.58,1-2,5,#ace4e4
AE-17,Free Time,Activity (per capita),NDVI,7.66,0.601,1-3,2,#5ac8c8
Z-7,Free Time,Activity (per capita),NDVI,23.15,0.344,2-1,29,#dfb0d6
R-9,Free Time,Activity (per capita),NDVI,117.05,0.523,3-2,39,#8c62aa
AB-10,Free Time,Activity (per capita),NDVI,159.53,0.495,3-1,184,#be64ac
AJ-12,Free Time,Activity (per capita),NDVI,8.92,0.702,1-3,5,#5ac8c8
M-24,Free Time,Activity (per capita),NDVI,61.01,0.631,2-3,2,#5698b9
M-13,Free Time,Activity (per capita),NDVI,15.93,0.607,2-3,10,#5698b9
R-20,Free Time,Activity (per capita),NDVI,31.27,0.417,2-1,67,#dfb0d6
AB-18,Free Time,Activity (per capita),NDVI,274.37,0.701,3-3,82,#3b4994
Y-13,Free Time,Activity (per capita),NDVI,27.26,0.452,2-1,54,#dfb0d6
U-19,Free Time,Activity (per capita),NDVI,39.1,0.427,2-1,59,#dfb0d6
K-16,Free Time,Activity (per capita),NDVI,8.48,0.422,1-1,14,#e8e8e8
X-13,Free Time,Activity (per capita),NDVI,47.63,0.429,2-1,114,#dfb0d6
L-25,Free Time,Activity (per capita),NDVI,0.0,0.624,1-3,0,#5ac8c8
U-20,Free Time,Activity (per capita),NDVI,652.09,0.752,3-3,131,#3b4994
P-17,Free Time,Activity (per capita),NDVI,14.59,0.534,2-2,18,#a5b4c2
I-14,Free Time,Activity (per capita),NDVI,21.78,0.408,2-1,17,#dfb0d6
AH-15,Free Time,Activity (per capita),NDVI,0.0,0.571,1-2,0,#ace4e4
I-7,Free Time,Activity (per capita),NDVI,0.0,0.651,1-3,0,#5ac8c8
G-8,Free Time,Activity (per capita),NDVI,0.0,0.389,1-1,0,#e8e8e8
X-3,Free Time,Activity (per capita),NDVI,108.41,0.542,3-2,8,#8c62aa
O-11,Free Time,Activity (per capita),NDVI,15.17,0.462,2-1,31,#dfb0d6
Q-15,Free Time,Activity (per capita),NDVI,173.83,0.632,3-3,50,#3b4994
Q-8,Free Time,Activity (per capita),NDVI,30.33,0.407,2-1,14,#dfb0d6
U-8,Free Time,Activity (per capita),NDVI,61.25,0.502,2-1,68,#dfb0d6
I-8,Free Time,Activity (per capita),NDVI,0.0,0.601,1-3,0,#5ac8c8
L-10,Free Time,Activity (per capita),NDVI,1355.1,0.813,3-3,54,#3b4994
AE-15,Free Time,Activity (per capita),NDVI,0.0,0.61,1-3,0,#5ac8c8
AE-16,Free Time,Activity (per capita),NDVI,0.0,0.26,1-1,0,#e8e8e8
AD-9,Free Time,Activity (per capita),NDVI,86.67,0.503,3-1,55,#be64ac
Z-16,Free Time,Activity (per capita),NDVI,31.06,0.609,2-3,47,#5698b9
W-3,Free Time,Activity (per capita),NDVI,103.39,0.538,3-2,13,#8c62aa
U-22,Free Time,Activity (per capita),NDVI,205.54,0.588,3-2,8,#8c62aa
J-17,Free Time,Activity (per capita),NDVI,8.97,0.482,1-1,8,#e8e8e8
AF-12,Free Time,Activity (per capita),NDVI,177.81,0.585,3-2,18,#8c62aa
L-22,Free Time,Activity (per capita),NDVI,629.22,0.88,3-3,1,#3b4994
P-7,Free Time,Activity (per capita),NDVI,7.24,0.606,1-3,7,#5ac8c8
AI-7,Free Time,Activity (per capita),NDVI,0.0,0.408,1-1,0,#e8e8e8
AK-16,Free Time,Activity (per capita),NDVI,0.0,0.523,1-2,0,#ace4e4
AM-11,Free Time,Activity (per capita),NDVI,1038.83,0.831,3-3,4,#3b4994
S-21,Free Time,Activity (per capita),NDVI,749.67,0.775,3-3,46,#3b4994
W-13,Free Time,Activity (per capita),NDVI,22.95,0.397,2-1,59,#dfb0d6
AI-14,Free Time,Activity (per capita),NDVI,14.5,0.735,2-3,2,#5698b9
K-11,Free Time,Activity (per capita),NDVI,26.72,0.453,2-1,21,#dfb0d6
S-6,Free Time,Activity (per capita),NDVI,43.08,0.629,2-3,22,#5698b9
R-17,Free Time,Activity (per capita),NDVI,43.48,0.459,2-1,48,#dfb0d6
S-5,Free Time,Activity (per capita),NDVI,311.8,0.61,3-3,35,#3b4994
Z-17,Free Time,Activity (per capita),NDVI,10.53,0.447,1-1,24,#e8e8e8
AD-6,Free Time,Activity (per capita),NDVI,17.58,0.57,2-2,1,#a5b4c2
N-7,Free Time,Activity (per capita),NDVI,0.0,0.533,1-2,0,#ace4e4
AB-17,Free Time,Activity (per capita),NDVI,257.24,0.596,3-2,50,#8c62aa
X-9,Free Time,Activity (per capita),NDVI,134.91,0.614,3-3,103,#3b4994
L-13,Free Time,Activity (per capita),NDVI,61.8,0.578,2-2,19,#a5b4c2
Z-8,Free Time,Activity (per capita),NDVI,7.63,0.432,1-1,1,#e8e8e8
Z-6,Free Time,Activity (per capita),NDVI,56.23,0.368,2-1,76,#dfb0d6
L-20,Free Time,Activity (per capita),NDVI,285.49,0.557,3-2,1,#8c62aa
AD-15,Free Time,Activity (per capita),NDVI,130.62,0.548,3-2,26,#8c62aa
V-7,Free Time,Activity (per capita),NDVI,124.11,0.652,3-3,94,#3b4994
AA-15,Free Time,Activity (per capita),NDVI,32.88,0.512,2-2,34,#a5b4c2
R-21,Free Time,Activity (per capita),NDVI,41.87,0.515,2-2,26,#a5b4c2
AA-18,Free Time,Activity (per capita),NDVI,295.06,0.72,3-3,89,#3b4994
O-15,Free Time,Activity (per capita),NDVI,41.72,0.58,2-2,7,#a5b4c2
T-21,Free Time,Activity (per capita),NDVI,110.16,0.676,3-3,17,#3b4994
L-11,Free Time,Activity (per capita),NDVI,106.25,0.522,3-2,47,#8c62aa
X-15,Free Time,Activity (per capita),NDVI,40.81,0.497,2-1,83,#dfb0d6
I-9,Free Time,Activity (per capita),NDVI,0.0,0.636,1-3,0,#5ac8c8
O-24,Free Time,Activity (per capita),NDVI,0.0,0.697,1-3,0,#5ac8c8
AI-12,Free Time,Activity (per capita),NDVI,74.44,0.595,3-2,6,#8c62aa
L-23,Free Time,Activity (per capita),NDVI,404.84,0.877,3-3,1,#3b4994
J-7,Free Time,Activity (per capita),NDVI,0.0,0.833,1-3,0,#5ac8c8
AI-13,Free Time,Activity (per capita),NDVI,269.34,0.601,3-3,3,#3b4994
AH-13,Free Time,Activity (per capita),NDVI,77.57,0.607,3-3,2,#3b4994
AA-16,Free Time,Activity (per capita),NDVI,190.97,0.641,3-3,94,#3b4994
N-14,Free Time,Activity (per capita),NDVI,97.25,0.667,3-3,63,#3b4994
V-18,Free Time,Activity (per capita),NDVI,176.37,0.678,3-3,43,#3b4994
N-23,Free Time,Activity (per capita),NDVI,251.0,0.544,3-2,53,#8c62aa
Q-17,Free Time,Activity (per capita),NDVI,235.28,0.492,3-1,78,#be64ac
AK-18,Free Time,Activity (per capita),NDVI,34.08,0.561,2-2,1,#a5b4c2
I-11,Free Time,Activity (per capita),NDVI,11.33,0.537,1-2,1,#ace4e4
N-8,Free Time,Activity (per capita),NDVI,1758.85,0.58,3-2,6,#8c62aa
AA-12,Free Time,Activity (per capita),NDVI,2.74,0.354,1-1,2,#e8e8e8
AE-13,Free Time,Activity (per capita),NDVI,234.14,0.551,3-2,4,#8c62aa
S-23,Free Time,Activity (per capita),NDVI,70.48,0.692,3-3,16,#3b4994
H-13,Free Time,Activity (per capita),NDVI,2312.85,0.667,3-3,22,#3b4994
AC-11,Free Time,Activity (per capita),NDVI,57.16,0.461,2-1,37,#dfb0d6
T-11,Free Time,Activity (per capita),NDVI,25.08,0.198,2-1,48,#dfb0d6
F-14,Free Time,Activity (per capita),NDVI,83.17,0.62,3-3,1,#3b4994
Z-15,Free Time,Activity (per capita),NDVI,21.76,0.5,2-1,30,#dfb0d6
J-15,Free Time,Activity (per capita),NDVI,31.21,0.561,2-2,14,#a5b4c2
Y-10,Free Time,Activity (per capita),NDVI,47.3,0.429,2-1,33,#dfb0d6
AD-12,Free Time,Activity (per capita),NDVI,79.92,0.554,3-2,62,#8c62aa
U-15,Free Time,Activity (per capita),NDVI,11.25,0.411,1-1,26,#e8e8e8
L-14,Free Time,Activity (per capita),NDVI,42.39,0.726,2-3,10,#5698b9
AE-5,Free Time,Activity (per capita),NDVI,5.94,0.532,1-2,5,#ace4e4
AA-17,Free Time,Activity (per capita),NDVI,13.49,0.431,1-1,38,#e8e8e8
R-15,Free Time,Activity (per capita),NDVI,102.18,0.252,3-1,64,#be64ac
AA-10,Free Time,Activity (per capita),NDVI,280.74,0.634,3-3,81,#3b4994
U-13,Free Time,Activity (per capita),NDVI,138.46,0.4,3-1,384,#be64ac
P-18,Free Time,Activity (per capita),NDVI,75.96,0.677,3-3,10,#3b4994
L-18,Free Time,Activity (per capita),NDVI,0.0,0.617,1-3,0,#5ac8c8
I-13,Free Time,Activity (per capita),NDVI,103.68,0.484,3-1,77,#be64ac
M-16,Free Time,Activity (per capita),NDVI,125.11,0.64,3-3,52,#3b4994
S-17,Free Time,Activity (per capita),NDVI,20.0,0.6,2-2,17,#a5b4c2
W-10,Free Time,Activity (per capita),NDVI,84.66,0.496,3-1,80,#be64ac
W-8,Free Time,Activity (per capita),NDVI,34.33,0.534,2-2,51,#a5b4c2
T-12,Free Time,Activity (per capita),NDVI,83.35,0.307,3-1,194,#be64ac
AG-7,Free Time,Activity (per capita),NDVI,0.0,0.523,1-2,0,#ace4e4
X-11,Free Time,Activity (per capita),NDVI,13.8,0.481,1-1,25,#e8e8e8
I-18,Free Time,Activity (per capita),NDVI,0.0,0.553,1-2,0,#ace4e4
O-6,Free Time,Activity (per capita),NDVI,7.98,0.55,1-2,5,#ace4e4
T-22,Free Time,Activity (per capita),NDVI,63.78,0.494,2-1,8,#dfb0d6
O-23,Free Time,Activity (per capita),NDVI,0.0,0.615,1-3,0,#5ac8c8
K-8,Free Time,Activity (per capita),NDVI,0.0,0.598,1-2,0,#ace4e4
AE-12,Free Time,Activity (per capita),NDVI,62.24,0.51,2-2,3,#a5b4c2
Q-26,Free Time,Activity (per capita),NDVI,0.0,0.502,1-1,0,#e8e8e8
AH-14,Free Time,Activity (per capita),NDVI,0.0,0.528,1-2,0,#ace4e4
M-15,Free Time,Activity (per capita),NDVI,29.64,0.429,2-1,52,#dfb0d6
G-15,Free Time,Activity (per capita),NDVI,0.0,0.562,1-2,0,#ace4e4
E-14,Free Time,Activity (per capita),NDVI,0.0,0.594,1-2,0,#ace4e4
AA-9,Free Time,Activity (per capita),NDVI,55.64,0.396,2-1,37,#dfb0d6
W-5,Free Time,Activity (per capita),NDVI,4.26,0.509,1-2,2,#ace4e4
Z-13,Free Time,Activity (per capita),NDVI,22.71,0.455,2-1,16,#dfb0d6
AG-14,Free Time,Activity (per capita),NDVI,421.06,0.58,3-2,1,#8c62aa
W-18,Free Time,Activity (per capita),NDVI,95.87,0.832,3-3,21,#3b4994
W-11,Free Time,Activity (per capita),NDVI,73.57,0.365,3-1,108,#be64ac
AH-21,Free Time,Activity (per capita),NDVI,76.65,0.633,3-3,1,#3b4994
AG-9,Free Time,Activity (per capita),NDVI,16.81,0.502,2-1,23,#dfb0d6
X-12,Free Time,Activity (per capita),NDVI,10.09,0.475,1-1,16,#e8e8e8
AD-20,Free Time,Activity (per capita),NDVI,0.0,0.603,1-3,0,#5ac8c8
Y-18,Free Time,Activity (per capita),NDVI,19.98,0.608,2-3,8,#5698b9
R-23,Free Time,Activity (per capita),NDVI,3354.79,0.854,3-3,7,#3b4994
Y-12,Free Time,Activity (per capita),NDVI,33.68,0.458,2-1,73,#dfb0d6
P-22,Free Time,Activity (per capita),NDVI,307.11,0.554,3-2,9,#8c62aa
AC-6,Free Time,Activity (per capita),NDVI,14.4,0.615,1-3,9,#5ac8c8
AJ-15,Free Time,Activity (per capita),NDVI,267.39,0.573,3-2,1,#8c62aa
J-14,Free Time,Activity (per capita),NDVI,37.45,0.423,2-1,50,#dfb0d6
Q-13,Free Time,Activity (per capita),NDVI,50.76,0.412,2-1,121,#dfb0d6
AE-14,Free Time,Activity (per capita),NDVI,16.33,0.58,2-2,8,#a5b4c2
L-21,Free Time,Activity (per capita),NDVI,0.0,0.648,1-3,0,#5ac8c8
AH-9,Free Time,Activity (per capita),NDVI,26.68,0.437,2-1,38,#dfb0d6
P-21,Free Time,Activity (per capita),NDVI,0.0,0.537,1-2,0,#ace4e4
AH-19,Free Time,Activity (per capita),NDVI,7.73,0.595,1-2,2,#ace4e4
T-17,Free Time,Activity (per capita),NDVI,3.92,0.522,1-2,4,#ace4e4
J-8,Free Time,Activity (per capita),NDVI,28.66,0.739,2-3,1,#5698b9
AF-9,Free Time,Activity (per capita),NDVI,32.72,0.398,2-1,23,#dfb0d6
AC-10,Free Time,Activity (per capita),NDVI,1626.04,0.694,3-3,259,#3b4994
Z-3,Free Time,Activity (per capita),NDVI,0.0,0.621,1-3,0,#5ac8c8
U-4,Free Time,Activity (per capita),NDVI,59.4,0.522,2-2,7,#a5b4c2
AE-18,Free Time,Activity (per capita),NDVI,4.45,0.614,1-3,1,#5ac8c8
M-20,Free Time,Activity (per capita),NDVI,10.48,0.616,1-3,3,#5ac8c8
Q-6,Free Time,Activity (per capita),NDVI,1021.61,0.624,3-3,79,#3b4994
L-24,Free Time,Activity (per capita),NDVI,42.6,0.649,2-3,1,#5698b9
AA-3,Free Time,Activity (per capita),NDVI,36.46,0.576,2-2,5,#a5b4c2
AD-11,Free Time,Activity (per capita),NDVI,605.02,0.645,3-3,140,#3b4994
X-10,Free Time,Activity (per capita),NDVI,7.88,0.268,1-1,17,#e8e8e8
V-24,Free Time,Activity (per capita),NDVI,0.0,0.656,1-3,0,#5ac8c8
N-19,Free Time,Activity (per capita),NDVI,0.0,0.587,1-2,0,#ace4e4
G-16,Free Time,Activity (per capita),NDVI,0.0,0.578,1-2,0,#ace4e4
U-16,Free Time,Activity (per capita),NDVI,16.29,0.502,2-1,24,#dfb0d6
Z-12,Free Time,Activity (per capita),NDVI,11.18,0.425,1-1,8,#e8e8e8
M-9,Free Time,Activity (per capita),NDVI,61.3,0.788,2-3,13,#5698b9
J-16,Free Time,Activity (per capita),NDVI,24.08,0.414,2-1,18,#dfb0d6
G-10,Free Time,Activity (per capita),NDVI,0.0,0.476,1-1,0,#e8e8e8
AB-14,Free Time,Activity (per capita),NDVI,7.69,0.235,1-1,4,#e8e8e8
AH-8,Free Time,Activity (per capita),NDVI,0.95,0.252,1-1,1,#e8e8e8
L-16,Free Time,Activity (per capita),NDVI,70.47,0.497,3-1,105,#be64ac
AI-8,Free Time,Activity (per capita),NDVI,5.21,0.529,1-2,2,#ace4e4
AL-11,Free Time,Activity (per capita),NDVI,2.31,0.672,1-3,2,#5ac8c8
AF-11,Free Time,Activity (per capita),NDVI,423.14,0.698,3-3,14,#3b4994
K-20,Free Time,Activity (per capita),NDVI,52.44,0.716,2-3,1,#5698b9
M-8,Free Time,Activity (per capita),NDVI,48.64,0.769,2-3,2,#5698b9
AA-2,Free Time,Activity (per capita),NDVI,0.0,0.614,1-3,0,#5ac8c8
AF-6,Free Time,Activity (per capita),NDVI,90.64,0.66,3-3,1,#3b4994
AB-6,Free Time,Activity (per capita),NDVI,106.64,0.63,3-3,14,#3b4994
AB-16,Free Time,Activity (per capita),NDVI,141.88,0.681,3-3,88,#3b4994
S-19,Free Time,Activity (per capita),NDVI,52.92,0.507,2-2,82,#a5b4c2
AG-8,Free Time,Activity (per capita),NDVI,1.74,0.221,1-1,2,#e8e8e8
Q-20,Free Time,Activity (per capita),NDVI,169.79,0.468,3-1,54,#be64ac
AA-5,Free Time,Activity (per capita),NDVI,53.9,0.514,2-2,37,#a5b4c2
S-11,Free Time,Activity (per capita),NDVI,31.95,0.138,2-1,132,#dfb0d6
J-10,Free Time,Activity (per capita),NDVI,5336.02,0.809,3-3,11,#3b4994
I-20,Free Time,Activity (per capita),NDVI,0.0,0.669,1-3,0,#5ac8c8
AI-11,Free Time,Activity (per capita),NDVI,159.25,0.671,3-3,4,#3b4994
Y-7,Free Time,Activity (per capita),NDVI,10.51,0.528,1-2,20,#ace4e4
AB-11,Free Time,Activity (per capita),NDVI,41.25,0.536,2-2,35,#a5b4c2
R-6,Free Time,Activity (per capita),NDVI,684.15,0.72,3-3,42,#3b4994
Q-7,Free Time,Activity (per capita),NDVI,73.97,0.529,3-2,18,#8c62aa
Y-5,Free Time,Activity (per capita),NDVI,20.7,0.54,2-2,5,#a5b4c2
AD-19,Free Time,Activity (per capita),NDVI,0.0,0.691,1-3,0,#5ac8c8
T-9,Free Time,Activity (per capita),NDVI,43.52,0.31,2-1,23,#dfb0d6
N-17,Free Time,Activity (per capita),NDVI,192.39,0.66,3-3,26,#3b4994
AJ-21,Free Time,Activity (per capita),NDVI,109.83,0.754,3-3,1,#3b4994
T-14,Free Time,Activity (per capita),NDVI,12.41,0.351,1-1,42,#e8e8e8
U-21,Free Time,Activity (per capita),NDVI,66.96,0.571,3-2,5,#8c62aa
J-18,Free Time,Activity (per capita),NDVI,5.49,0.583,1-2,1,#ace4e4
K-18,Free Time,Activity (per capita),NDVI,0.0,0.529,1-2,0,#ace4e4
E-9,Free Time,Activity (per capita),NDVI,0.0,0.483,1-1,0,#e8e8e8
K-19,Free Time,Activity (per capita),NDVI,0.0,0.601,1-3,0,#5ac8c8
AC-15,Free Time,Activity (per capita),NDVI,33.32,0.55,2-2,23,#a5b4c2
F-10,Free Time,Activity (per capita),NDVI,59.42,0.438,2-1,1,#dfb0d6
K-13,Free Time,Activity (per capita),NDVI,107.16,0.616,3-3,84,#3b4994
U-17,Free Time,Activity (per capita),NDVI,6.58,0.532,1-2,6,#ace4e4
Q-22,Free Time,Activity (per capita),NDVI,123.01,0.589,3-2,8,#8c62aa
V-8,Free Time,Activity (per capita),NDVI,26.13,0.456,2-1,50,#dfb0d6
V-16,Free Time,Activity (per capita),NDVI,8.94,0.394,1-1,13,#e8e8e8
AG-16,Free Time,Activity (per capita),NDVI,100.42,0.67,3-3,3,#3b4994
M-21,Free Time,Activity (per capita),NDVI,63.07,0.745,2-3,7,#5698b9
O-16,Free Time,Activity (per capita),NDVI,122.35,0.746,3-3,62,#3b4994
AK-20,Free Time,Activity (per capita),NDVI,0.0,0.564,1-2,0,#ace4e4
Z-4,Free Time,Activity (per capita),NDVI,46.38,0.559,2-2,13,#a5b4c2
G-9,Free Time,Activity (per capita),NDVI,1.44,0.2,1-1,1,#e8e8e8
AH-12,Free Time,Activity (per capita),NDVI,9.88,0.517,1-2,3,#ace4e4
AB-4,Free Time,Activity (per capita),NDVI,158.85,0.6,3-3,17,#3b4994
W-15,Free Time,Activity (per capita),NDVI,14.95,0.429,2-1,19,#dfb0d6
K-12,Free Time,Activity (per capita),NDVI,36.64,0.573,2-2,26,#a5b4c2
R-7,Free Time,Activity (per capita),NDVI,13.51,0.505,1-2,21,#ace4e4
AG-20,Free Time,Activity (per capita),NDVI,0.0,0.658,1-3,0,#5ac8c8
AC-14,Free Time,Activity (per capita),NDVI,90.54,0.517,3-2,58,#8c62aa
Q-23,Free Time,Activity (per capita),NDVI,26.32,0.606,2-3,9,#5698b9
AA-11,Free Time,Activity (per capita),NDVI,0.0,0.575,1-2,0,#ace4e4
AH-18,Free Time,Activity (per capita),NDVI,0.0,0.677,1-3,0,#5ac8c8
AB-9,Free Time,Activity (per capita),NDVI,196.03,0.625,3-3,38,#3b4994
T-8,Free Time,Activity (per capita),NDVI,30.92,0.678,2-3,17,#5698b9
N-21,Free Time,Activity (per capita),NDVI,180.32,0.72,3-3,16,#3b4994
X-17,Free Time,Activity (per capita),NDVI,41.01,0.376,2-1,62,#dfb0d6
O-12,Free Time,Activity (per capita),NDVI,9.14,0.592,1-2,12,#ace4e4
I-16,Free Time,Activity (per capita),NDVI,222.63,0.608,3-3,4,#3b4994
R-22,Free Time,Activity (per capita),NDVI,22.04,0.7,2-3,16,#5698b9
S-14,Free Time,Activity (per capita),NDVI,29.78,0.408,2-1,87,#dfb0d6
T-7,Free Time,Activity (per capita),NDVI,78.34,0.564,3-2,74,#8c62aa
V-23,Free Time,Activity (per capita),NDVI,0.0,0.626,1-3,0,#5ac8c8
T-24,Free Time,Activity (per capita),NDVI,317.15,0.494,3-1,3,#be64ac
S-13,Free Time,Activity (per capita),NDVI,136.55,0.426,3-1,251,#be64ac
AK-8,Free Time,Activity (per capita),NDVI,0.0,0.564,1-2,0,#ace4e4
AM-12,Free Time,Activity (per capita),NDVI,283.34,0.854,3-3,16,#3b4994
AF-10,Free Time,Activity (per capita),NDVI,213.97,0.613,3-3,19,#3b4994
N-13,Free Time,Activity (per capita),NDVI,90.57,0.63,3-3,42,#3b4994
I-15,Free Time,Activity (per capita),NDVI,20.36,0.415,2-1,5,#dfb0d6
N-15,Free Time,Activity (per capita),NDVI,8.44,0.512,1-2,7,#ace4e4
S-7,Free Time,Activity (per capita),NDVI,35.58,0.517,2-2,54,#a5b4c2
S-12,Free Time,Activity (per capita),NDVI,29.69,0.171,2-1,110,#dfb0d6
P-19,Free Time,Activity (per capita),NDVI,10.49,0.688,1-3,4,#5ac8c8
L-17,Free Time,Activity (per capita),NDVI,61.06,0.561,2-2,39,#a5b4c2
P-11,Free Time,Activity (per capita),NDVI,28.86,0.53,2-2,37,#a5b4c2
AJ-13,Free Time,Activity (per capita),NDVI,22.1,0.592,2-2,10,#a5b4c2
K-15,Free Time,Activity (per capita),NDVI,49.14,0.481,2-1,61,#dfb0d6
AH-11,Free Time,Activity (per capita),NDVI,139.96,0.68,3-3,11,#3b4994
AC-16,Free Time,Activity (per capita),NDVI,7.43,0.496,1-1,20,#e8e8e8
AJ-11,Free Time,Activity (per capita),NDVI,3292.7,0.867,3-3,10,#3b4994
AC-7,Free Time,Activity (per capita),NDVI,0.0,0.511,1-2,0,#ace4e4
R-10,Free Time,Activity (per capita),NDVI,31.48,0.556,2-2,46,#a5b4c2
AH-17,Free Time,Activity (per capita),NDVI,614.65,0.637,3-3,3,#3b4994
AD-7,Free Time,Activity (per capita),NDVI,0.0,0.619,1-3,0,#5ac8c8
N-22,Free Time,Activity (per capita),NDVI,30.92,0.45,2-1,30,#dfb0d6
Q-9,Free Time,Activity (per capita),NDVI,35.97,0.425,2-1,71,#dfb0d6
V-6,Free Time,Activity (per capita),NDVI,264.59,0.589,3-2,15,#8c62aa
P-16,Free Time,Activity (per capita),NDVI,1070.9,0.705,3-3,43,#3b4994
AG-19,Free Time,Activity (per capita),NDVI,0.0,0.6,1-2,0,#ace4e4
O-18,Free Time,Activity (per capita),NDVI,48.8,0.701,2-3,5,#5698b9
G-14,Free Time,Activity (per capita),NDVI,186.47,0.56,3-2,5,#8c62aa
Y-6,Free Time,Activity (per capita),NDVI,41.16,0.408,2-1,36,#dfb0d6
G-11,Free Time,Activity (per capita),NDVI,0.0,0.494,1-1,0,#e8e8e8
P-10,Free Time,Activity (per capita),NDVI,38.66,0.516,2-2,75,#a5b4c2
X-4,Free Time,Activity (per capita),NDVI,220.29,0.641,3-3,18,#3b4994
O-5,Free Time,Activity (per capita),NDVI,72.25,0.728,3-3,3,#3b4994
AB-5,Free Time,Activity (per capita),NDVI,20.43,0.523,2-2,5,#a5b4c2
R-11,Free Time,Activity (per capita),NDVI,256.61,0.448,3-1,204,#be64ac
Q-21,Free Time,Activity (per capita),NDVI,171.41,0.543,3-2,28,#8c62aa
U-9,Free Time,Activity (per capita),NDVI,26.06,0.241,2-1,59,#dfb0d6
AA-6,Free Time,Activity (per capita),NDVI,1594.2,0.642,3-3,112,#3b4994
AF-13,Free Time,Activity (per capita),NDVI,77.08,0.498,3-1,2,#be64ac
L-9,Free Time,Activity (per capita),NDVI,17.55,0.662,2-3,8,#5698b9
AM-13,Free Time,Activity (per capita),NDVI,39.12,0.642,2-3,7,#5698b9
O-8,Free Time,Activity (per capita),NDVI,224.62,0.733,3-3,12,#3b4994
K-14,Free Time,Activity (per capita),NDVI,28.61,0.449,2-1,11,#dfb0d6
P-9,Free Time,Activity (per capita),NDVI,27.37,0.516,2-2,31,#a5b4c2
P-12,Free Time,Activity (per capita),NDVI,37.72,0.484,2-1,44,#dfb0d6
AF-5,Free Time,Activity (per capita),NDVI,3.86,0.514,1-2,1,#ace4e4
O-13,Free Time,Activity (per capita),NDVI,23.37,0.532,2-2,38,#a5b4c2
AI-17,Free Time,Activity (per capita),NDVI,87.97,0.609,3-3,1,#3b4994
H-16,Free Time,Activity (per capita),NDVI,18.36,0.565,2-2,2,#a5b4c2
AK-9,Free Time,Activity (per capita),NDVI,0.0,0.519,1-2,0,#ace4e4
W-22,Free Time,Activity (per capita),NDVI,438.17,0.611,3-3,1,#3b4994
AE-8,Free Time,Activity (per capita),NDVI,229.78,0.64,3-3,20,#3b4994
X-6,Free Time,Activity (per capita),NDVI,0.0,0.513,1-2,0,#ace4e4
H-11,Free Time,Activity (per capita),NDVI,0.0,0.446,1-1,0,#e8e8e8
V-12,Free Time,Activity (per capita),NDVI,151.74,0.506,3-2,223,#8c62aa
T-20,Free Time,Activity (per capita),NDVI,421.92,0.739,3-3,97,#3b4994
K-10,Free Time,Activity (per capita),NDVI,5115.97,0.766,3-3,67,#3b4994
AB-19,Free Time,Activity (per capita),NDVI,33.07,0.546,2-2,3,#a5b4c2
AE-11,Free Time,Activity (per capita),NDVI,500.82,0.503,3-1,149,#be64ac
Q-16,Free Time,Activity (per capita),NDVI,11.24,0.562,1-2,9,#ace4e4
Z-18,Free Time,Activity (per capita),NDVI,36.18,0.432,2-1,88,#dfb0d6
AC-13,Free Time,Activity (per capita),NDVI,54.57,0.457,2-1,35,#dfb0d6
AE-10,Free Time,Activity (per capita),NDVI,3323.04,0.584,3-2,287,#8c62aa
T-5,Free Time,Activity (per capita),NDVI,227.42,0.614,3-3,67,#3b4994
P-20,Free Time,Activity (per capita),NDVI,2.77,0.576,1-2,1,#ace4e4
AG-17,Free Time,Activity (per capita),NDVI,25.46,0.559,2-2,10,#a5b4c2
T-19,Free Time,Activity (per capita),NDVI,46.47,0.522,2-2,88,#a5b4c2
I-10,Free Time,Activity (per capita),NDVI,33.16,0.57,2-2,5,#a5b4c2
AL-13,Free Time,Activity (per capita),NDVI,8.33,0.598,1-2,7,#ace4e4
T-18,Free Time,Activity (per capita),NDVI,73.71,0.619,3-3,67,#3b4994
Q-24,Free Time,Activity (per capita),NDVI,11.03,0.495,1-1,1,#e8e8e8
AJ-17,Free Time,Activity (per capita),NDVI,0.0,0.658,1-3,0,#5ac8c8
V-11,Free Time,Activity (per capita),NDVI,85.0,0.455,3-1,159,#be64ac
M-23,Free Time,Activity (per capita),NDVI,81.42,0.597,3-2,15,#8c62aa
H-12,Free Time,Activity (per capita),NDVI,0.0,0.535,1-2,0,#ace4e4
R-16,Free Time,Activity (per capita),NDVI,104.08,0.448,3-1,83,#be64ac
K-9,Free Time,Activity (per capita),NDVI,18.43,0.669,2-3,8,#5698b9
AC-5,Free Time,Activity (per capita),NDVI,168.66,0.542,3-2,2,#8c62aa
T-23,Free Time,Activity (per capita),NDVI,71.79,0.514,3-2,2,#8c62aa
J-9,Free Time,Activity (per capita),NDVI,0.0,0.549,1-2,0,#ace4e4
T-13,Free Time,Activity (per capita),NDVI,25.72,0.273,2-1,104,#dfb0d6
AI-19,Free Time,Activity (per capita),NDVI,8.5,0.606,1-3,3,#5ac8c8
P-24,Free Time,Activity (per capita),NDVI,9.12,0.467,1-1,12,#e8e8e8
Z-9,Free Time,Activity (per capita),NDVI,73.41,0.439,3-1,46,#be64ac
AM-10,Free Time,Activity (per capita),NDVI,4.24,0.713,1-3,1,#5ac8c8
P-6,Free Time,Activity (per capita),NDVI,13.34,0.577,1-2,5,#ace4e4
AF-8,Free Time,Activity (per capita),NDVI,18.66,0.542,2-2,1,#a5b4c2
AJ-10,Free Time,Activity (per capita),NDVI,170.34,0.549,3-2,3,#8c62aa
X-18,Free Time,Activity (per capita),NDVI,59.98,0.488,2-1,91,#dfb0d6
X-5,Free Time,Activity (per capita),NDVI,3.8,0.56,1-2,1,#ace4e4
W-21,Free Time,Activity (per capita),NDVI,32.38,0.466,2-1,3,#dfb0d6
AA-13,Free Time,Activity (per capita),NDVI,0.0,0.355,1-1,0,#e8e8e8
O-19,Free Time,Activity (per capita),NDVI,10.54,0.716,1-3,1,#5ac8c8
AC-18,Free Time,Activity (per capita),NDVI,47.06,0.622,2-3,6,#5698b9
AC-4,Free Time,Activity (per capita),NDVI,214.43,0.644,3-3,2,#3b4994
AI-18,Free Time,Activity (per capita),NDVI,0.0,0.636,1-3,0,#5ac8c8
AB-15,Free Time,Activity (per capita),NDVI,12.25,0.332,1-1,19,#e8e8e8
L-26,Free Time,Activity (per capita),NDVI,9.51,0.577,1-2,1,#ace4e4
M-14,Free Time,Activity (per capita),NDVI,46.05,0.662,2-3,23,#5698b9
U-18,Free Time,Activity (per capita),NDVI,14.43,0.525,1-2,25,#ace4e4
N-9,Free Time,Activity (per capita),NDVI,38.55,0.775,2-3,4,#5698b9
P-14,Free Time,Activity (per capita),NDVI,16.87,0.594,2-2,30,#a5b4c2
Y-9,Free Time,Activity (per capita),NDVI,19.24,0.351,2-1,32,#dfb0d6
N-20,Free Time,Activity (per capita),NDVI,59.98,0.476,2-1,2,#dfb0d6
J-20,Free Time,Activity (per capita),NDVI,0.0,0.666,1-3,0,#5ac8c8
N-12,Free Time,Activity (per capita),NDVI,74.11,0.575,3-2,114,#8c62aa
W-20,Free Time,Activity (per capita),NDVI,6.62,0.515,1-2,3,#ace4e4
AC-9,Free Time,Activity (per capita),NDVI,35.91,0.449,2-1,52,#dfb0d6
F-9,Free Time,Activity (per capita),NDVI,0.0,0.328,1-1,0,#e8e8e8
L-19,Free Time,Activity (per capita),NDVI,63.59,0.508,2-2,2,#a5b4c2
AA-14,Free Time,Activity (per capita),NDVI,17.24,0.492,2-1,12,#dfb0d6
Y-21,Free Time,Activity (per capita),NDVI,0.0,0.479,1-1,0,#e8e8e8
AE-19,Free Time,Activity (per capita),NDVI,7.24,0.567,1-2,1,#ace4e4
AI-10,Free Time,Activity (per capita),NDVI,112.7,0.72,3-3,6,#3b4994
O-21,Free Time,Activity (per capita),NDVI,1.96,0.405,1-1,1,#e8e8e8
Q-5,Free Time,Activity (per capita),NDVI,2684.61,0.677,3-3,22,#3b4994
AD-8,Free Time,Activity (per capita),NDVI,9.13,0.464,1-1,5,#e8e8e8
O-14,Free Time,Activity (per capita),NDVI,35.05,0.523,2-2,23,#a5b4c2
AI-9,Free Time,Activity (per capita),NDVI,109.34,0.541,3-2,7,#8c62aa
Q-19,Free Time,Activity (per capita),NDVI,65.47,0.397,2-1,41,#dfb0d6
Y-17,Free Time,Activity (per capita),NDVI,16.08,0.451,2-1,35,#dfb0d6
V-14,Free Time,Activity (per capita),NDVI,19.19,0.395,2-1,48,#dfb0d6
R-12,Free Time,Activity (per capita),NDVI,128.93,0.174,3-1,277,#be64ac
AC-19,Free Time,Activity (per capita),NDVI,49.47,0.641,2-3,4,#5698b9
V-15,Free Time,Activity (per capita),NDVI,18.29,0.45,2-1,21,#dfb0d6
AD-13,Free Time,Activity (per capita),NDVI,63.08,0.61,2-3,5,#5698b9
AH-20,Free Time,Activity (per capita),NDVI,29.71,0.618,2-3,2,#5698b9
AE-9,Free Time,Activity (per capita),NDVI,73.68,0.299,3-1,89,#be64ac
P-13,Free Time,Activity (per capita),NDVI,7.24,0.505,1-1,12,#e8e8e8
V-9,Free Time,Activity (per capita),NDVI,122.54,0.474,3-1,86,#be64ac
X-7,Free Time,Activity (per capita),NDVI,20.0,0.485,2-1,13,#dfb0d6
W-4,Free Time,Activity (per capita),NDVI,250.72,0.583,3-2,3,#8c62aa
AJ-9,Free Time,Activity (per capita),NDVI,284.43,0.585,3-2,4,#8c62aa
V-5,Free Time,Activity (per capita),NDVI,1354.76,0.57,3-2,4,#8c62aa
AH-10,Free Time,Activity (per capita),NDVI,34.82,0.581,2-2,11,#a5b4c2
Y-16,Free Time,Activity (per capita),NDVI,28.97,0.487,2-1,40,#dfb0d6
S-22,Free Time,Activity (per capita),NDVI,802.68,0.589,3-2,6,#8c62aa
AA-8,Free Time,Activity (per capita),NDVI,9.16,0.503,1-1,1,#e8e8e8
AG-12,Free Time,Activity (per capita),NDVI,5.86,0.577,1-2,1,#ace4e4
V-20,Free Time,Activity (per capita),NDVI,28.47,0.331,2-1,45,#dfb0d6
U-23,Free Time,Activity (per capita),NDVI,30.56,0.596,2-2,1,#a5b4c2
G-13,Free Time,Activity (per capita),NDVI,182.07,0.558,3-2,19,#8c62aa
AE-6,Free Time,Activity (per capita),NDVI,691.59,0.669,3-3,7,#3b4994
AF-16,Free Time,Activity (per capita),NDVI,129.86,0.573,3-2,8,#8c62aa
V-22,Free Time,Activity (per capita),NDVI,68.99,0.583,3-2,11,#8c62aa
L-12,Free Time,Activity (per capita),NDVI,428.91,0.775,3-3,138,#3b4994
S-8,Free Time,Activity (per capita),NDVI,131.51,0.652,3-3,40,#3b4994
H-17,Free Time,Activity (per capita),NDVI,0.0,0.509,1-2,0,#ace4e4
U-5,Free Time,Activity (per capita),NDVI,62.66,0.454,2-1,26,#dfb0d6
W-16,Free Time,Activity (per capita),NDVI,14.66,0.541,2-2,21,#a5b4c2
R-24,Free Time,Activity (per capita),NDVI,4815.09,0.861,3-3,12,#3b4994
AL-12,Free Time,Activity (per capita),NDVI,211.7,0.838,3-3,10,#3b4994
M-11,Free Time,Activity (per capita),NDVI,11.06,0.536,1-2,16,#ace4e4
AB-20,Free Time,Activity (per capita),NDVI,0.0,0.385,1-1,0,#e8e8e8
AB-7,Free Time,Activity (per capita),NDVI,3.23,0.445,1-1,2,#e8e8e8
J-13,Free Time,Activity (per capita),NDVI,11.86,0.438,1-1,16,#e8e8e8
O-22,Free Time,Activity (per capita),NDVI,128.21,0.62,3-3,10,#3b4994
T-15,Free Time,Activity (per capita),NDVI,11.87,0.307,1-1,28,#e8e8e8
O-10,Free Time,Activity (per capita),NDVI,3.92,0.516,1-2,8,#ace4e4
K-17,Free Time,Activity (per capita),NDVI,324.02,0.668,3-3,18,#3b4994
AK-10,Free Time,Activity (per capita),NDVI,8.12,0.731,1-3,2,#5ac8c8
M-22,Free Time,Activity (per capita),NDVI,60.35,0.713,2-3,19,#5698b9
AB-13,Free Time,Activity (per capita),NDVI,2.15,0.452,1-1,1,#e8e8e8
J-12,Free Time,Activity (per capita),NDVI,8.85,0.496,1-1,6,#e8e8e8
H-10,Free Time,Activity (per capita),NDVI,0.0,0.394,1-1,0,#e8e8e8
AH-16,Free Time,Activity (per capita),NDVI,0.0,0.556,1-2,0,#ace4e4
U-10,Free Time,Activity (per capita),NDVI,58.98,0.224,2-1,92,#dfb0d6
R-14,Free Time,Activity (per capita),NDVI,162.68,0.263,3-1,181,#be64ac
O-17,Free Time,Activity (per capita),NDVI,10.66,0.496,1-1,14,#e8e8e8
O-7,Free Time,Activity (per capita),NDVI,18.07,0.536,2-2,8,#a5b4c2
F-13,Free Time,Activity (per capita),NDVI,4472.32,0.523,3-2,6,#8c62aa
N-10,Free Time,Activity (per capita),NDVI,10.56,0.679,1-3,12,#5ac8c8
AK-12,Free Time,Activity (per capita),NDVI,26.85,0.693,2-3,11,#5698b9
X-14,Free Time,Activity (per capita),NDVI,29.93,0.493,2-1,31,#dfb0d6
T-16,Free Time,Activity (per capita),NDVI,12.82,0.432,1-1,28,#e8e8e8
AL-10,Free Time,Activity (per capita),NDVI,0.0,0.569,1-2,0,#ace4e4
AC-17,Free Time,Activity (per capita),NDVI,38.91,0.593,2-2,11,#a5b4c2
V-21,Free Time,Activity (per capita),NDVI,105.15,0.527,3-2,78,#8c62aa
N-16,Free Time,Activity (per capita),NDVI,197.75,0.695,3-3,22,#3b4994
AJ-19,Free Time,Activity (per capita),NDVI,0.0,0.529,1-2,0,#ace4e4
AD-5,Free Time,Activity (per capita),NDVI,65.41,0.673,2-3,4,#5698b9
AG-11,Free Time,Activity (per capita),NDVI,82.92,0.644,3-3,11,#3b4994
S-16,Free Time,Activity (per capita),NDVI,11.75,0.48,1-1,25,#e8e8e8
AA-4,Free Time,Activity (per capita),NDVI,2.56,0.503,1-1,2,#e8e8e8
J-11,Free Time,Activity (per capita),NDVI,10.08,0.548,1-2,5,#ace4e4
S-10,Free Time,Activity (per capita),NDVI,47.42,0.301,2-1,106,#dfb0d6
W-6,Free Time,Activity (per capita),NDVI,46.93,0.631,2-3,32,#5698b9
N-18,Free Time,Activity (per capita),NDVI,3.53,0.449,1-1,3,#e8e8e8
AD-16,Free Time,Activity (per capita),NDVI,16.8,0.34,2-1,17,#dfb0d6
Q-25,Free Time,Activity (per capita),NDVI,0.0,0.718,1-3,0,#5ac8c8
AE-7,Free Time,Activity (per capita),NDVI,28.51,0.679,2-3,11,#5698b9
M-10,Free Time,Activity (per capita),NDVI,11.75,0.517,1-2,12,#ace4e4
U-12,Free Time,Activity (per capita),NDVI,42.07,0.321,2-1,195,#dfb0d6
K-24,Free Time,Activity (per capita),NDVI,0.0,0.597,1-2,0,#ace4e4
X-21,Free Time,Activity (per capita),NDVI,0.0,0.477,1-1,0,#e8e8e8
O-25,Free Time,Activity (per capita),NDVI,6.01,0.732,1-3,1,#5ac8c8
N-11,Free Time,Activity (per capita),NDVI,10.87,0.527,1-2,14,#ace4e4
Y-11,Free Time,Activity (per capita),NDVI,94.59,0.524,3-2,118,#8c62aa
I-12,Free Time,Activity (per capita),NDVI,47.89,0.467,2-1,8,#dfb0d6
M-18,Free Time,Activity (per capita),NDVI,5.44,0.56,1-2,1,#ace4e4
AD-17,Free Time,Activity (per capita),NDVI,38.55,0.607,2-3,19,#5698b9
N-26,Free Time,Activity (per capita),NDVI,0.0,0.723,1-3,0,#5ac8c8
W-14,Free Time,Activity (per capita),NDVI,23.25,0.417,2-1,18,#dfb0d6
H-9,Free Time,Activity (per capita),NDVI,0.0,0.49,1-1,0,#e8e8e8
AC-8,Free Time,Activity (per capita),NDVI,267.99,0.597,3-2,40,#8c62aa
AL-14,Free Time,Activity (per capita),NDVI,119.86,0.595,3-2,5,#8c62aa
P-26,Free Time,Activity (per capita),NDVI,0.0,0.569,1-2,0,#ace4e4
P-8,Free Time,Activity (per capita),NDVI,88.04,0.706,3-3,23,#3b4994
AF-17,Free Time,Activity (per capita),NDVI,18.29,0.544,2-2,9,#a5b4c2
Y-20,Free Time,Activity (per capita),NDVI,39.65,0.592,2-2,1,#a5b4c2
AG-10,Free Time,Activity (per capita),NDVI,477.23,0.667,3-3,70,#3b4994
L-15,Free Time,Activity (per capita),NDVI,14.25,0.413,1-1,18,#e8e8e8
AK-11,Free Time,Activity (per capita),NDVI,69.26,0.79,3-3,7,#3b4994
X-16,Free Time,Activity (per capita),NDVI,8.48,0.54,1-2,16,#ace4e4
AA-19,Free Time,Activity (per capita),NDVI,0.0,0.428,1-1,0,#e8e8e8
D-10,Free Time,Activity (per capita),NDVI,0.0,0.464,1-1,0,#e8e8e8
S-15,Free Time,Activity (per capita),NDVI,139.98,0.509,3-2,193,#8c62aa
Q-14,Free Time,Activity (per capita),NDVI,31.01,0.564,2-2,33,#a5b4c2
Y-15,Free Time,Activity (per capita),NDVI,88.76,0.682,3-3,50,#3b4994
Z-5,Free Time,Activity (per capita),NDVI,34.16,0.414,2-1,32,#dfb0d6
AK-19,Free Time,Activity (per capita),NDVI,33.4,0.626,2-3,1,#5698b9
AG-18,Free Time,Activity (per capita),NDVI,85.24,0.651,3-3,17,#3b4994
Z-10,Free Time,Activity (per capita),NDVI,162.34,0.368,3-1,117,#be64ac
U-7,Free Time,Activity (per capita),NDVI,7.39,0.447,1-1,15,#e8e8e8
X-20,Free Time,Activity (per capita),NDVI,25.32,0.544,2-2,9,#a5b4c2
AA-7,Free Time,Activity (per capita),NDVI,8.68,0.473,1-1,2,#e8e8e8
AE-4,Free Time,Activity (per capita),NDVI,0.0,0.643,1-3,0,#5ac8c8
AD-14,Free Time,Activity (per capita),NDVI,1736.77,0.551,3-2,31,#8c62aa
AJ-20,Free Time,Activity (per capita),NDVI,729.34,0.693,3-3,4,#3b4994
O-9,Free Time,Activity (per capita),NDVI,46.79,0.639,2-3,33,#5698b9
S-20,Free Time,Activity (per capita),NDVI,88.25,0.614,3-3,78,#3b4994
P-23,Free Time,Activity (per capita),NDVI,4.19,0.648,1-3,2,#5ac8c8
W-7,Free Time,Activity (per capita),NDVI,13.57,0.48,1-1,26,#e8e8e8
AF-14,Free Time,Activity (per capita),NDVI,46.52,0.486,2-1,10,#dfb0d6
AC-12,Free Time,Activity (per capita),NDVI,56.47,0.481,2-1,23,#dfb0d6
N-24,Free Time,Activity (per capita),NDVI,197.8,0.593,3-2,7,#8c62aa
W-17,Free Time,Activity (per capita),NDVI,148.59,0.742,3-3,74,#3b4994
Q-12,Free Time,Activity (per capita),NDVI,167.42,0.556,3-2,196,#8c62aa
N-6,Free Time,Activity (per capita),NDVI,830.13,0.594,3-2,4,#8c62aa
S-18,Free Time,Activity (per capita),NDVI,88.38,0.649,3-3,77,#3b4994
P-15,Free Time,Activity (per capita),NDVI,32.14,0.605,2-3,7,#5698b9
Z-20,Free Time,Activity (per capita),NDVI,225.18,0.601,3-3,5,#3b4994
AD-10,Free Time,Activity (per capita),NDVI,121.35,0.457,3-1,191,#be64ac
V-10,Free Time,Activity (per capita),NDVI,107.56,0.361,3-1,58,#be64ac
J-19,Free Time,Activity (per capita),NDVI,0.0,0.542,1-2,0,#ace4e4
V-13,Free Time,Activity (per capita),NDVI,11.68,0.396,1-1,34,#e8e8e8
U-11,Free Time,Activity (per capita),NDVI,88.21,0.365,3-1,265,#be64ac
Q-10,Free Time,Activity (per capita),NDVI,28.81,0.355,2-1,96,#dfb0d6
AI-16,Free Time,Activity (per capita),NDVI,90.94,0.59,3-2,6,#8c62aa
M-12,Free Time,Activity (per capita),NDVI,145.54,0.616,3-3,43,#3b4994
R-18,Free Time,Activity (per capita),NDVI,22.93,0.639,2-3,16,#5698b9
Q-18,Free Time,Activity (per capita),NDVI,201.57,0.481,3-1,32,#be64ac
R-19,Free Time,Activity (per capita),NDVI,61.32,0.617,2-3,52,#5698b9
AF-19,Free Time,Activity (per capita),NDVI,75.26,0.665,3-3,4,#3b4994
Z-19,Free Time,Activity (per capita),NDVI,16.88,0.511,2-2,6,#a5b4c2
H-15,Free Time,Activity (per capita),NDVI,16.7,0.397,2-1,7,#dfb0d6
M-25,Free Time,Activity (per capita),NDVI,0.0,0.614,1-3,0,#5ac8c8
AB-12,Free Time,Activity (per capita),NDVI,0.0,0.379,1-1,0,#e8e8e8
AI-15,Free Time,Activity (per capita),NDVI,17.1,0.578,2-2,1,#a5b4c2
R-8,Free Time,Activity (per capita),NDVI,132.62,0.627,3-3,43,#3b4994
R-13,Free Time,Activity (per capita),NDVI,81.06,0.151,3-1,177,#be64ac
Q-11,Free Time,Activity (per capita),NDVI,78.36,0.453,3-1,122,#be64ac
H-14,Free Time,Activity (per capita),NDVI,165.95,0.56,3-2,85,#8c62aa
Y-19,Free Time,Activity (per capita),NDVI,8.29,0.577,1-2,1,#ace4e4
W-19,Free Time,Activity (per capita),NDVI,7.56,0.407,1-1,8,#e8e8e8
AK-13,Free Time,Activity (per capita),NDVI,11.71,0.562,1-2,3,#ace4e4
W-12,Free Time,Activity (per capita),NDVI,21.11,0.516,2-2,16,#a5b4c2
U-14,Free Time,Activity (per capita),NDVI,36.41,0.405,2-1,88,#dfb0d6
W-9,Free Time,Activity (per capita),NDVI,42.73,0.399,2-1,72,#dfb0d6
AF-18,Free Time,Activity (per capita),NDVI,2.12,0.577,1-2,1,#ace4e4
O-20,Free Time,Activity (per capita),NDVI,6.78,0.641,1-3,2,#5ac8c8
T-10,Free Time,Activity (per capita),NDVI,14.28,0.258,1-1,25,#e8e8e8
AB-8,Free Time,Activity (per capita),NDVI,45.55,0.433,2-1,4,#dfb0d6
N-25,Free Time,Activity (per capita),NDVI,0.0,0.576,1-2,0,#ace4e4
U-6,Free Time,Activity (per capita),NDVI,62.9,0.421,2-1,36,#dfb0d6
X-8,Free Time,Activity (per capita),NDVI,27.45,0.472,2-1,69,#dfb0d6
I-17,Free Time,Activity (per capita),NDVI,6.75,0.528,1-2,1,#ace4e4
V-19,Free Time,Activity (per capita),NDVI,55.91,0.488,2-1,48,#dfb0d6
S-24,Free Time,Activity (per capita),NDVI,33.38,0.785,2-3,1,#5698b9
K-25,Free Time,Activity (per capita),NDVI,0.0,0.43,1-1,0,#e8e8e8
AF-15,Free Time,Activity (per capita),NDVI,69.06,0.594,3-2,4,#8c62aa
Z-14,Free Time,Activity (per capita),NDVI,43.17,0.569,2-2,31,#a5b4c2
M-17,Free Time,Activity (per capita),NDVI,115.57,0.689,3-3,17,#3b4994
Y-14,Free Time,Activity (per capita),NDVI,20.75,0.39,2-1,44,#dfb0d6
Z-21,Free Time,Activity (per capita),NDVI,5.85,0.603,1-3,2,#5ac8c8
AD-18,Free Time,Activity (per capita),NDVI,30.64,0.646,2-3,4,#5698b9
Y-4,Free Time,Activity (per capita),NDVI,0.0,0.584,1-2,0,#ace4e4
M-19,Free Time,Activity (per capita),NDVI,0.0,0.523,1-2,0,#ace4e4
Y-8,Green Space,Demand density,NDVI,0.03,0.488,3-1,37,#be64ac
S-9,Green Space,Demand density,NDVI,0.018,0.594,2-2,5,#a5b4c2
AJ-14,Green Space,Demand density,NDVI,0.01,0.549,2-2,3,#a5b4c2
T-6,Green Space,Demand density,NDVI,0.044,0.455,3-1,37,#be64ac
P-25,Green Space,Demand density,NDVI,0.004,0.471,2-1,1,#dfb0d6
V-17,Green Space,Demand density,NDVI,0.186,0.73,3-3,34,#3b4994
Z-11,Green Space,Demand density,NDVI,0.0,0.679,1-3,0,#5ac8c8
X-19,Green Space,Demand density,NDVI,0.002,0.58,2-2,2,#a5b4c2
AE-17,Green Space,Demand density,NDVI,0.008,0.601,2-2,2,#a5b4c2
Z-7,Green Space,Demand density,NDVI,0.028,0.344,3-1,35,#be64ac
R-9,Green Space,Demand density,NDVI,0.027,0.523,3-2,9,#8c62aa
AB-10,Green Space,Demand density,NDVI,0.088,0.495,3-1,102,#be64ac
AJ-12,Green Space,Demand density,NDVI,0.007,0.702,2-3,4,#5698b9
M-24,Green Space,Demand density,NDVI,0.0,0.631,1-3,0,#5ac8c8
M-13,Green Space,Demand density,NDVI,0.008,0.607,2-3,5,#5698b9
R-20,Green Space,Demand density,NDVI,0.062,0.417,3-1,133,#be64ac
AB-18,Green Space,Demand density,NDVI,0.14,0.701,3-3,42,#3b4994
Y-13,Green Space,Demand density,NDVI,0.023,0.452,2-1,46,#dfb0d6
U-19,Green Space,Demand density,NDVI,0.081,0.427,3-1,122,#be64ac
K-16,Green Space,Demand density,NDVI,0.007,0.422,2-1,11,#dfb0d6
X-13,Green Space,Demand density,NDVI,0.038,0.429,3-1,90,#be64ac
L-25,Green Space,Demand density,NDVI,0.0,0.624,1-3,0,#5ac8c8
U-20,Green Space,Demand density,NDVI,0.084,0.752,3-3,17,#3b4994
P-17,Green Space,Demand density,NDVI,0.004,0.534,2-2,5,#a5b4c2
I-14,Green Space,Demand density,NDVI,0.035,0.408,3-1,27,#be64ac
AH-15,Green Space,Demand density,NDVI,0.053,0.571,3-2,1,#8c62aa
I-7,Green Space,Demand density,NDVI,0.0,0.651,1-3,0,#5ac8c8
G-8,Green Space,Demand density,NDVI,0.0,0.389,1-1,0,#e8e8e8
X-3,Green Space,Demand density,NDVI,0.04,0.542,3-2,3,#8c62aa
O-11,Green Space,Demand density,NDVI,0.016,0.462,2-1,33,#dfb0d6
Q-15,Green Space,Demand density,NDVI,0.003,0.632,2-3,1,#5698b9
Q-8,Green Space,Demand density,NDVI,0.002,0.407,1-1,1,#e8e8e8
U-8,Green Space,Demand density,NDVI,0.034,0.502,3-1,38,#be64ac
I-8,Green Space,Demand density,NDVI,0.0,0.601,1-2,0,#ace4e4
L-10,Green Space,Demand density,NDVI,0.0,0.813,1-3,0,#5ac8c8
AE-15,Green Space,Demand density,NDVI,0.015,0.61,2-3,2,#5698b9
AE-16,Green Space,Demand density,NDVI,0.006,0.26,2-1,3,#dfb0d6
AD-9,Green Space,Demand density,NDVI,0.151,0.503,3-1,96,#be64ac
Z-16,Green Space,Demand density,NDVI,0.011,0.609,2-3,17,#5698b9
W-3,Green Space,Demand density,NDVI,0.134,0.538,3-2,17,#8c62aa
U-22,Green Space,Demand density,NDVI,0.0,0.588,1-2,0,#ace4e4
J-17,Green Space,Demand density,NDVI,0.0,0.482,1-1,0,#e8e8e8
AF-12,Green Space,Demand density,NDVI,0.078,0.585,3-2,8,#8c62aa
L-22,Green Space,Demand density,NDVI,0.0,0.88,1-3,0,#5ac8c8
P-7,Green Space,Demand density,NDVI,0.001,0.606,1-3,1,#5ac8c8
AF-20,Green Space,Demand density,NDVI,0.0,0.678,1-3,0,#5ac8c8
AI-7,Green Space,Demand density,NDVI,0.043,0.408,3-1,1,#be64ac
AK-16,Green Space,Demand density,NDVI,0.0,0.523,1-2,0,#ace4e4
AM-11,Green Space,Demand density,NDVI,0.0,0.831,1-3,0,#5ac8c8
S-21,Green Space,Demand density,NDVI,0.064,0.775,3-3,4,#3b4994
W-13,Green Space,Demand density,NDVI,0.027,0.397,3-1,69,#be64ac
AI-14,Green Space,Demand density,NDVI,0.0,0.735,1-3,0,#5ac8c8
K-11,Green Space,Demand density,NDVI,0.017,0.453,2-1,13,#dfb0d6
S-6,Green Space,Demand density,NDVI,0.01,0.629,2-3,5,#5698b9
R-17,Green Space,Demand density,NDVI,0.022,0.459,2-1,24,#dfb0d6
S-5,Green Space,Demand density,NDVI,0.044,0.61,3-3,5,#3b4994
Z-17,Green Space,Demand density,NDVI,0.016,0.447,2-1,36,#dfb0d6
AD-6,Green Space,Demand density,NDVI,0.017,0.57,2-2,1,#a5b4c2
N-7,Green Space,Demand density,NDVI,0.0,0.533,1-2,0,#ace4e4
H-8,Green Space,Demand density,NDVI,0.0,0.553,1-2,0,#ace4e4
AB-17,Green Space,Demand density,NDVI,0.184,0.596,3-2,36,#8c62aa
X-9,Green Space,Demand density,NDVI,0.008,0.614,2-3,6,#5698b9
L-13,Green Space,Demand density,NDVI,0.036,0.578,3-2,11,#8c62aa
Z-8,Green Space,Demand density,NDVI,0.144,0.432,3-1,19,#be64ac
Z-6,Green Space,Demand density,NDVI,0.075,0.368,3-1,102,#be64ac
L-20,Green Space,Demand density,NDVI,0.222,0.557,3-2,1,#8c62aa
K-23,Green Space,Demand density,NDVI,0.0,0.9,1-3,0,#5ac8c8
AD-15,Green Space,Demand density,NDVI,0.09,0.548,3-2,18,#8c62aa
F-15,Green Space,Demand density,NDVI,0.0,0.586,1-2,0,#ace4e4
AA-20,Green Space,Demand density,NDVI,0.0,0.722,1-3,0,#5ac8c8
V-7,Green Space,Demand density,NDVI,0.013,0.652,2-3,10,#5698b9
AA-15,Green Space,Demand density,NDVI,0.023,0.512,2-2,24,#a5b4c2
R-21,Green Space,Demand density,NDVI,0.021,0.515,2-2,13,#a5b4c2
AA-18,Green Space,Demand density,NDVI,0.04,0.72,3-3,12,#3b4994
O-15,Green Space,Demand density,NDVI,0.012,0.58,2-2,2,#a5b4c2
T-21,Green Space,Demand density,NDVI,0.013,0.676,2-3,2,#5698b9
L-11,Green Space,Demand density,NDVI,0.034,0.522,3-2,15,#8c62aa
X-15,Green Space,Demand density,NDVI,0.008,0.497,2-1,17,#dfb0d6
I-9,Green Space,Demand density,NDVI,0.0,0.636,1-3,0,#5ac8c8
O-24,Green Space,Demand density,NDVI,0.0,0.697,1-3,0,#5ac8c8
AI-12,Green Space,Demand density,NDVI,0.123,0.595,3-2,10,#8c62aa
L-23,Green Space,Demand density,NDVI,0.0,0.877,1-3,0,#5ac8c8
J-7,Green Space,Demand density,NDVI,0.0,0.833,1-3,0,#5ac8c8
AI-13,Green Space,Demand density,NDVI,0.165,0.601,3-2,2,#8c62aa
AH-13,Green Space,Demand density,NDVI,0.0,0.607,1-3,0,#5ac8c8
AA-16,Green Space,Demand density,NDVI,0.002,0.641,1-3,1,#5ac8c8
N-14,Green Space,Demand density,NDVI,0.014,0.667,2-3,9,#5698b9
V-18,Green Space,Demand density,NDVI,0.004,0.678,2-3,1,#5698b9
N-23,Green Space,Demand density,NDVI,0.094,0.544,3-2,20,#8c62aa
Q-17,Green Space,Demand density,NDVI,0.021,0.492,2-1,7,#dfb0d6
AK-18,Green Space,Demand density,NDVI,0.0,0.561,1-2,0,#ace4e4
I-11,Green Space,Demand density,NDVI,0.045,0.537,3-2,4,#8c62aa
N-8,Green Space,Demand density,NDVI,0.0,0.58,1-2,0,#ace4e4
AA-12,Green Space,Demand density,NDVI,0.001,0.354,1-1,1,#e8e8e8
AE-13,Green Space,Demand density,NDVI,0.0,0.551,1-2,0,#ace4e4
S-23,Green Space,Demand density,NDVI,0.009,0.692,2-3,2,#5698b9
H-13,Green Space,Demand density,NDVI,1.427,0.667,3-3,15,#3b4994
AC-11,Green Space,Demand density,NDVI,0.032,0.461,3-1,21,#be64ac
T-11,Green Space,Demand density,NDVI,0.046,0.198,3-1,89,#be64ac
F-14,Green Space,Demand density,NDVI,0.0,0.62,1-3,0,#5ac8c8
Z-15,Green Space,Demand density,NDVI,0.019,0.5,2-1,26,#dfb0d6
J-15,Green Space,Demand density,NDVI,0.009,0.561,2-2,4,#a5b4c2
K-7,Green Space,Demand density,NDVI,0.0,0.835,1-3,0,#5ac8c8
Y-10,Green Space,Demand density,NDVI,0.021,0.429,2-1,15,#dfb0d6
AD-12,Green Space,Demand density,NDVI,0.018,0.554,2-2,14,#a5b4c2
U-15,Green Space,Demand density,NDVI,0.017,0.411,2-1,39,#dfb0d6
L-14,Green Space,Demand density,NDVI,0.0,0.726,1-3,0,#5ac8c8
AE-5,Green Space,Demand density,NDVI,0.004,0.532,2-2,3,#a5b4c2
AA-17,Green Space,Demand density,NDVI,0.038,0.431,3-1,106,#be64ac
R-15,Green Space,Demand density,NDVI,0.043,0.252,3-1,27,#be64ac
AA-10,Green Space,Demand density,NDVI,0.038,0.634,3-3,11,#3b4994
U-13,Green Space,Demand density,NDVI,0.028,0.4,3-1,78,#be64ac
AJ-8,Green Space,Demand density,NDVI,0.0,0.483,1-1,0,#e8e8e8
Y-3,Green Space,Demand density,NDVI,0.0,0.673,1-3,0,#5ac8c8
P-18,Green Space,Demand density,NDVI,0.008,0.677,2-3,1,#5698b9
L-18,Green Space,Demand density,NDVI,0.0,0.617,1-3,0,#5ac8c8
AL-19,Green Space,Demand density,NDVI,0.0,0.446,1-1,0,#e8e8e8
I-13,Green Space,Demand density,NDVI,0.077,0.484,3-1,57,#be64ac
M-16,Green Space,Demand density,NDVI,0.019,0.64,2-3,8,#5698b9
S-17,Green Space,Demand density,NDVI,0.001,0.6,1-2,1,#ace4e4
W-10,Green Space,Demand density,NDVI,0.035,0.496,3-1,33,#be64ac
W-8,Green Space,Demand density,NDVI,0.019,0.534,2-2,28,#a5b4c2
T-12,Green Space,Demand density,NDVI,0.027,0.307,3-1,62,#be64ac
AG-7,Green Space,Demand density,NDVI,0.026,0.523,2-2,1,#a5b4c2
X-11,Green Space,Demand density,NDVI,0.016,0.481,2-1,29,#dfb0d6
I-18,Green Space,Demand density,NDVI,0.0,0.553,1-2,0,#ace4e4
O-6,Green Space,Demand density,NDVI,0.003,0.55,2-2,2,#a5b4c2
T-22,Green Space,Demand density,NDVI,0.04,0.494,3-1,5,#be64ac
O-23,Green Space,Demand density,NDVI,0.0,0.615,1-3,0,#5ac8c8
K-8,Green Space,Demand density,NDVI,0.0,0.598,1-2,0,#ace4e4
AE-12,Green Space,Demand density,NDVI,0.366,0.51,3-1,18,#be64ac
Q-26,Green Space,Demand density,NDVI,0.0,0.502,1-1,0,#e8e8e8
AH-14,Green Space,Demand density,NDVI,0.0,0.528,1-2,0,#ace4e4
M-15,Green Space,Demand density,NDVI,0.052,0.429,3-1,91,#be64ac
G-15,Green Space,Demand density,NDVI,0.0,0.562,1-2,0,#ace4e4
E-14,Green Space,Demand density,NDVI,0.0,0.594,1-2,0,#ace4e4
O-26,Green Space,Demand density,NDVI,0.0,0.78,1-3,0,#5ac8c8
AA-9,Green Space,Demand density,NDVI,0.102,0.396,3-1,68,#be64ac
W-5,Green Space,Demand density,NDVI,0.002,0.509,1-1,1,#e8e8e8
Z-13,Green Space,Demand density,NDVI,0.02,0.455,2-1,14,#dfb0d6
AG-14,Green Space,Demand density,NDVI,0.0,0.58,1-2,0,#ace4e4
W-18,Green Space,Demand density,NDVI,0.0,0.832,1-3,0,#5ac8c8
W-11,Green Space,Demand density,NDVI,0.122,0.365,3-1,179,#be64ac
AH-21,Green Space,Demand density,NDVI,0.0,0.633,1-3,0,#5ac8c8
AG-9,Green Space,Demand density,NDVI,0.011,0.502,2-1,15,#dfb0d6
X-12,Green Space,Demand density,NDVI,0.012,0.475,2-1,19,#dfb0d6
AD-20,Green Space,Demand density,NDVI,0.0,0.603,1-2,0,#ace4e4
Y-18,Green Space,Demand density,NDVI,0.052,0.608,3-3,21,#3b4994
R-23,Green Space,Demand density,NDVI,0.324,0.854,3-3,1,#3b4994
Y-12,Green Space,Demand density,NDVI,0.027,0.458,3-1,59,#be64ac
P-22,Green Space,Demand density,NDVI,0.066,0.554,3-2,2,#8c62aa
AC-6,Green Space,Demand density,NDVI,0.002,0.615,1-3,1,#5ac8c8
AJ-15,Green Space,Demand density,NDVI,0.0,0.573,1-2,0,#ace4e4
J-14,Green Space,Demand density,NDVI,0.057,0.423,3-1,76,#be64ac
Q-13,Green Space,Demand density,NDVI,0.05,0.412,3-1,120,#be64ac
AE-14,Green Space,Demand density,NDVI,0.0,0.58,1-2,0,#ace4e4
L-21,Green Space,Demand density,NDVI,0.0,0.648,1-3,0,#5ac8c8
AH-9,Green Space,Demand density,NDVI,0.02,0.437,2-1,28,#dfb0d6
P-21,Green Space,Demand density,NDVI,0.01,0.537,2-2,1,#a5b4c2
AH-19,Green Space,Demand density,NDVI,0.012,0.595,2-2,3,#a5b4c2
T-17,Green Space,Demand density,NDVI,0.004,0.522,2-2,4,#a5b4c2
J-8,Green Space,Demand density,NDVI,0.0,0.739,1-3,0,#5ac8c8
AF-9,Green Space,Demand density,NDVI,0.01,0.398,2-1,7,#dfb0d6
AC-10,Green Space,Demand density,NDVI,0.15,0.694,3-3,24,#3b4994
Z-3,Green Space,Demand density,NDVI,0.112,0.621,3-3,2,#3b4994
U-4,Green Space,Demand density,NDVI,0.076,0.522,3-2,9,#8c62aa
AE-18,Green Space,Demand density,NDVI,0.0,0.614,1-3,0,#5ac8c8
M-20,Green Space,Demand density,NDVI,0.0,0.616,1-3,0,#5ac8c8
Q-6,Green Space,Demand density,NDVI,0.013,0.624,2-3,1,#5698b9
L-24,Green Space,Demand density,NDVI,0.0,0.649,1-3,0,#5ac8c8
AA-3,Green Space,Demand density,NDVI,0.007,0.576,2-2,1,#a5b4c2
AD-11,Green Space,Demand density,NDVI,0.052,0.645,3-3,12,#3b4994
X-10,Green Space,Demand density,NDVI,0.036,0.268,3-1,77,#be64ac
K-21,Green Space,Demand density,NDVI,0.0,0.395,1-1,0,#e8e8e8
V-24,Green Space,Demand density,NDVI,0.0,0.656,1-3,0,#5ac8c8
N-19,Green Space,Demand density,NDVI,0.002,0.587,1-2,1,#ace4e4
G-16,Green Space,Demand density,NDVI,0.0,0.578,1-2,0,#ace4e4
U-16,Green Space,Demand density,NDVI,0.04,0.502,3-1,59,#be64ac
Z-12,Green Space,Demand density,NDVI,0.017,0.425,2-1,12,#dfb0d6
M-9,Green Space,Demand density,NDVI,0.0,0.788,1-3,0,#5ac8c8
J-16,Green Space,Demand density,NDVI,0.031,0.414,3-1,23,#be64ac
G-10,Green Space,Demand density,NDVI,0.0,0.476,1-1,0,#e8e8e8
AB-14,Green Space,Demand density,NDVI,0.01,0.235,2-1,5,#dfb0d6
AH-8,Green Space,Demand density,NDVI,0.003,0.252,2-1,3,#dfb0d6
L-16,Green Space,Demand density,NDVI,0.028,0.497,3-1,42,#be64ac
AI-8,Green Space,Demand density,NDVI,0.021,0.529,2-2,8,#a5b4c2
AL-11,Green Space,Demand density,NDVI,0.0,0.672,1-3,0,#5ac8c8
AF-11,Green Space,Demand density,NDVI,0.029,0.698,3-3,1,#3b4994
K-20,Green Space,Demand density,NDVI,0.0,0.716,1-3,0,#5ac8c8
M-8,Green Space,Demand density,NDVI,0.0,0.769,1-3,0,#5ac8c8
AA-2,Green Space,Demand density,NDVI,0.0,0.614,1-3,0,#5ac8c8
AF-6,Green Space,Demand density,NDVI,0.0,0.66,1-3,0,#5ac8c8
AB-6,Green Space,Demand density,NDVI,0.106,0.63,3-3,14,#3b4994
AB-16,Green Space,Demand density,NDVI,0.034,0.681,3-3,21,#3b4994
S-19,Green Space,Demand density,NDVI,0.014,0.507,2-1,21,#dfb0d6
AG-8,Green Space,Demand density,NDVI,0.009,0.221,2-1,10,#dfb0d6
Q-20,Green Space,Demand density,NDVI,0.06,0.468,3-1,19,#be64ac
AA-5,Green Space,Demand density,NDVI,0.02,0.514,2-2,14,#a5b4c2
S-11,Green Space,Demand density,NDVI,0.05,0.138,3-1,208,#be64ac
J-10,Green Space,Demand density,NDVI,0.0,0.809,1-3,0,#5ac8c8
I-20,Green Space,Demand density,NDVI,0.0,0.669,1-3,0,#5ac8c8
AI-11,Green Space,Demand density,NDVI,0.077,0.671,3-3,2,#3b4994
Y-7,Green Space,Demand density,NDVI,0.012,0.528,2-2,23,#a5b4c2
AB-11,Green Space,Demand density,NDVI,0.018,0.536,2-2,15,#a5b4c2
R-5,Green Space,Demand density,NDVI,0.0,0.835,1-3,0,#5ac8c8
R-6,Green Space,Demand density,NDVI,0.08,0.72,3-3,5,#3b4994
Q-7,Green Space,Demand density,NDVI,0.004,0.529,2-2,1,#a5b4c2
Y-5,Green Space,Demand density,NDVI,0.058,0.54,3-2,14,#8c62aa
AD-19,Green Space,Demand density,NDVI,0.0,0.691,1-3,0,#5ac8c8
T-9,Green Space,Demand density,NDVI,0.096,0.31,3-1,51,#be64ac
N-17,Green Space,Demand density,NDVI,0.095,0.66,3-3,13,#3b4994
AJ-21,Green Space,Demand density,NDVI,0.0,0.754,1-3,0,#5ac8c8
T-14,Green Space,Demand density,NDVI,0.014,0.351,2-1,47,#dfb0d6
U-21,Green Space,Demand density,NDVI,0.066,0.571,3-2,5,#8c62aa
J-18,Green Space,Demand density,NDVI,0.0,0.583,1-2,0,#ace4e4
K-18,Green Space,Demand density,NDVI,0.0,0.529,1-2,0,#ace4e4
E-9,Green Space,Demand density,NDVI,0.0,0.483,1-1,0,#e8e8e8
K-19,Green Space,Demand density,NDVI,0.0,0.601,1-2,0,#ace4e4
AC-15,Green Space,Demand density,NDVI,0.027,0.55,3-2,19,#8c62aa
F-10,Green Space,Demand density,NDVI,0.0,0.438,1-1,0,#e8e8e8
K-13,Green Space,Demand density,NDVI,0.02,0.616,2-3,16,#5698b9
U-17,Green Space,Demand density,NDVI,0.016,0.532,2-2,15,#a5b4c2
Q-22,Green Space,Demand density,NDVI,0.015,0.589,2-2,1,#a5b4c2
V-8,Green Space,Demand density,NDVI,0.015,0.456,2-1,28,#dfb0d6
V-16,Green Space,Demand density,NDVI,0.037,0.394,3-1,54,#be64ac
AG-16,Green Space,Demand density,NDVI,0.032,0.67,3-3,1,#3b4994
M-21,Green Space,Demand density,NDVI,0.0,0.745,1-3,0,#5ac8c8
O-16,Green Space,Demand density,NDVI,0.008,0.746,2-3,4,#5698b9
AK-20,Green Space,Demand density,NDVI,0.0,0.564,1-2,0,#ace4e4
Z-4,Green Space,Demand density,NDVI,0.05,0.559,3-2,14,#8c62aa
G-9,Green Space,Demand density,NDVI,0.0,0.2,1-1,0,#e8e8e8
AH-12,Green Space,Demand density,NDVI,0.007,0.517,2-2,2,#a5b4c2
AB-4,Green Space,Demand density,NDVI,0.046,0.6,3-2,5,#8c62aa
W-15,Green Space,Demand density,NDVI,0.002,0.429,2-1,3,#dfb0d6
K-12,Green Space,Demand density,NDVI,0.014,0.573,2-2,10,#a5b4c2
R-7,Green Space,Demand density,NDVI,0.007,0.505,2-1,11,#dfb0d6
AG-20,Green Space,Demand density,NDVI,0.0,0.658,1-3,0,#5ac8c8
AC-14,Green Space,Demand density,NDVI,0.062,0.517,3-2,40,#8c62aa
Q-23,Green Space,Demand density,NDVI,0.0,0.606,1-3,0,#5ac8c8
AA-11,Green Space,Demand density,NDVI,0.006,0.575,2-2,3,#a5b4c2
AH-18,Green Space,Demand density,NDVI,0.0,0.677,1-3,0,#5ac8c8
AB-9,Green Space,Demand density,NDVI,0.041,0.625,3-3,8,#3b4994
AK-17,Green Space,Demand density,NDVI,0.0,0.719,1-3,0,#5ac8c8
T-8,Green Space,Demand density,NDVI,0.007,0.678,2-3,4,#5698b9
N-21,Green Space,Demand density,NDVI,0.0,0.72,1-3,0,#5ac8c8
X-17,Green Space,Demand density,NDVI,0.041,0.376,3-1,62,#be64ac
O-12,Green Space,Demand density,NDVI,0.005,0.592,2-2,7,#a5b4c2
I-16,Green Space,Demand density,NDVI,0.211,0.608,3-3,4,#3b4994
R-22,Green Space,Demand density,NDVI,0.004,0.7,2-3,3,#5698b9
S-14,Green Space,Demand density,NDVI,0.015,0.408,2-1,45,#dfb0d6
T-7,Green Space,Demand density,NDVI,0.01,0.564,2-2,9,#a5b4c2
V-23,Green Space,Demand density,NDVI,0.07,0.626,3-3,1,#3b4994
T-24,Green Space,Demand density,NDVI,0.191,0.494,3-1,2,#be64ac
S-13,Green Space,Demand density,NDVI,0.079,0.426,3-1,146,#be64ac
AJ-18,Green Space,Demand density,NDVI,0.655,0.613,3-3,1,#3b4994
AK-8,Green Space,Demand density,NDVI,0.0,0.564,1-2,0,#ace4e4
AM-12,Green Space,Demand density,NDVI,0.017,0.854,2-3,1,#5698b9
AF-10,Green Space,Demand density,NDVI,0.212,0.613,3-3,19,#3b4994
N-13,Green Space,Demand density,NDVI,0.006,0.63,2-3,3,#5698b9
I-15,Green Space,Demand density,NDVI,0.02,0.415,2-1,5,#dfb0d6
N-15,Green Space,Demand density,NDVI,0.006,0.512,2-2,5,#a5b4c2
S-7,Green Space,Demand density,NDVI,0.017,0.517,2-2,26,#a5b4c2
S-12,Green Space,Demand density,NDVI,0.077,0.171,3-1,284,#be64ac
P-19,Green Space,Demand density,NDVI,0.003,0.688,2-3,1,#5698b9
L-17,Green Space,Demand density,NDVI,0.103,0.561,3-2,66,#8c62aa
P-11,Green Space,Demand density,NDVI,0.009,0.53,2-2,12,#a5b4c2
AG-13,Green Space,Demand density,NDVI,0.0,0.588,1-2,0,#ace4e4
AN-12,Green Space,Demand density,NDVI,0.0,0.847,1-3,0,#5ac8c8
AJ-13,Green Space,Demand density,NDVI,0.015,0.592,2-2,7,#a5b4c2
K-15,Green Space,Demand density,NDVI,0.023,0.481,2-1,29,#dfb0d6
AH-11,Green Space,Demand density,NDVI,0.0,0.68,1-3,0,#5ac8c8
AC-16,Green Space,Demand density,NDVI,0.011,0.496,2-1,29,#dfb0d6
S-4,Green Space,Demand density,NDVI,0.601,0.65,3-3,1,#3b4994
AJ-11,Green Space,Demand density,NDVI,0.0,0.867,1-3,0,#5ac8c8
AC-7,Green Space,Demand density,NDVI,0.003,0.511,2-2,1,#a5b4c2
R-10,Green Space,Demand density,NDVI,0.006,0.556,2-2,9,#a5b4c2
AH-17,Green Space,Demand density,NDVI,0.0,0.637,1-3,0,#5ac8c8
AD-7,Green Space,Demand density,NDVI,0.033,0.619,3-3,1,#3b4994
N-22,Green Space,Demand density,NDVI,0.072,0.45,3-1,70,#be64ac
Q-9,Green Space,Demand density,NDVI,0.009,0.425,2-1,18,#dfb0d6
V-6,Green Space,Demand density,NDVI,0.104,0.589,3-2,6,#8c62aa
P-16,Green Space,Demand density,NDVI,0.0,0.705,1-3,0,#5ac8c8
AG-19,Green Space,Demand density,NDVI,0.0,0.6,1-2,0,#ace4e4
X-22,Green Space,Demand density,NDVI,0.0,0.584,1-2,0,#ace4e4
O-18,Green Space,Demand density,NDVI,0.0,0.701,1-3,0,#5ac8c8
G-14,Green Space,Demand density,NDVI,0.0,0.56,1-2,0,#ace4e4
Y-6,Green Space,Demand density,NDVI,0.054,0.408,3-1,47,#be64ac
G-11,Green Space,Demand density,NDVI,0.0,0.494,1-1,0,#e8e8e8
P-10,Green Space,Demand density,NDVI,0.011,0.516,2-2,21,#a5b4c2
X-4,Green Space,Demand density,NDVI,0.048,0.641,3-3,4,#3b4994
O-5,Green Space,Demand density,NDVI,0.0,0.728,1-3,0,#5ac8c8
AB-5,Green Space,Demand density,NDVI,0.004,0.523,2-2,1,#a5b4c2
R-11,Green Space,Demand density,NDVI,0.036,0.448,3-1,29,#be64ac
Q-21,Green Space,Demand density,NDVI,0.012,0.543,2-2,2,#a5b4c2
U-9,Green Space,Demand density,NDVI,0.038,0.241,3-1,85,#be64ac
AA-6,Green Space,Demand density,NDVI,0.716,0.642,3-3,51,#3b4994
AF-13,Green Space,Demand density,NDVI,0.0,0.498,1-1,0,#e8e8e8
L-9,Green Space,Demand density,NDVI,0.0,0.662,1-3,0,#5ac8c8
AM-13,Green Space,Demand density,NDVI,0.078,0.642,3-3,14,#3b4994
O-8,Green Space,Demand density,NDVI,0.0,0.733,1-3,0,#5ac8c8
K-14,Green Space,Demand density,NDVI,0.008,0.449,2-1,3,#dfb0d6
P-9,Green Space,Demand density,NDVI,0.009,0.516,2-2,10,#a5b4c2
P-12,Green Space,Demand density,NDVI,0.019,0.484,2-1,22,#dfb0d6
AF-5,Green Space,Demand density,NDVI,0.004,0.514,2-2,1,#a5b4c2
O-13,Green Space,Demand density,NDVI,0.036,0.532,3-2,59,#8c62aa
AI-17,Green Space,Demand density,NDVI,0.0,0.609,1-3,0,#5ac8c8
H-16,Green Space,Demand density,NDVI,0.0,0.565,1-2,0,#ace4e4
AK-9,Green Space,Demand density,NDVI,0.025,0.519,2-2,1,#a5b4c2
W-22,Green Space,Demand density,NDVI,0.305,0.611,3-3,1,#3b4994
AE-8,Green Space,Demand density,NDVI,0.045,0.64,3-3,4,#3b4994
X-6,Green Space,Demand density,NDVI,0.003,0.513,2-2,1,#a5b4c2
H-11,Green Space,Demand density,NDVI,0.0,0.446,1-1,0,#e8e8e8
V-12,Green Space,Demand density,NDVI,0.109,0.506,3-1,160,#be64ac
T-20,Green Space,Demand density,NDVI,0.039,0.739,3-3,9,#3b4994
AO-11,Green Space,Demand density,NDVI,0.0,0.868,1-3,0,#5ac8c8
K-10,Green Space,Demand density,NDVI,0.213,0.766,3-3,3,#3b4994
AB-19,Green Space,Demand density,NDVI,0.022,0.546,2-2,2,#a5b4c2
AE-11,Green Space,Demand density,NDVI,0.077,0.503,3-1,23,#be64ac
Q-16,Green Space,Demand density,NDVI,0.0,0.562,1-2,0,#ace4e4
Z-18,Green Space,Demand density,NDVI,0.039,0.432,3-1,94,#be64ac
AC-13,Green Space,Demand density,NDVI,0.067,0.457,3-1,43,#be64ac
AE-10,Green Space,Demand density,NDVI,0.675,0.584,3-2,59,#8c62aa
T-5,Green Space,Demand density,NDVI,0.058,0.614,3-3,17,#3b4994
P-20,Green Space,Demand density,NDVI,0.003,0.576,2-2,1,#a5b4c2
AJ-16,Green Space,Demand density,NDVI,0.0,0.714,1-3,0,#5ac8c8
AG-17,Green Space,Demand density,NDVI,0.013,0.559,2-2,5,#a5b4c2
T-19,Green Space,Demand density,NDVI,0.014,0.522,2-2,27,#a5b4c2
I-10,Green Space,Demand density,NDVI,0.007,0.57,2-2,1,#a5b4c2
AL-13,Green Space,Demand density,NDVI,0.008,0.598,2-2,7,#a5b4c2
T-18,Green Space,Demand density,NDVI,0.014,0.619,2-3,13,#5698b9
Q-24,Green Space,Demand density,NDVI,0.0,0.495,1-1,0,#e8e8e8
AJ-17,Green Space,Demand density,NDVI,0.0,0.658,1-3,0,#5ac8c8
V-11,Green Space,Demand density,NDVI,0.068,0.455,3-1,127,#be64ac
M-23,Green Space,Demand density,NDVI,0.032,0.597,3-2,6,#8c62aa
H-12,Green Space,Demand density,NDVI,0.0,0.535,1-2,0,#ace4e4
R-16,Green Space,Demand density,NDVI,0.015,0.448,2-1,12,#dfb0d6
K-9,Green Space,Demand density,NDVI,0.0,0.669,1-3,0,#5ac8c8
AC-5,Green Space,Demand density,NDVI,0.156,0.542,3-2,2,#8c62aa
T-23,Green Space,Demand density,NDVI,0.104,0.514,3-2,3,#8c62aa
J-9,Green Space,Demand density,NDVI,0.0,0.549,1-2,0,#ace4e4
T-13,Green Space,Demand density,NDVI,0.067,0.273,3-1,272,#be64ac
AI-19,Green Space,Demand density,NDVI,0.008,0.606,2-3,3,#5698b9
P-24,Green Space,Demand density,NDVI,0.002,0.467,1-1,3,#e8e8e8
Z-9,Green Space,Demand density,NDVI,0.26,0.439,3-1,163,#be64ac
AM-10,Green Space,Demand density,NDVI,0.0,0.713,1-3,0,#5ac8c8
P-6,Green Space,Demand density,NDVI,0.003,0.577,2-2,1,#a5b4c2
AF-8,Green Space,Demand density,NDVI,0.018,0.542,2-2,1,#a5b4c2
AJ-10,Green Space,Demand density,NDVI,0.322,0.549,3-2,6,#8c62aa
X-18,Green Space,Demand density,NDVI,0.067,0.488,3-1,102,#be64ac
X-5,Green Space,Demand density,NDVI,0.004,0.56,2-2,1,#a5b4c2
W-21,Green Space,Demand density,NDVI,0.053,0.466,3-1,5,#be64ac
AA-13,Green Space,Demand density,NDVI,0.0,0.355,1-1,0,#e8e8e8
O-19,Green Space,Demand density,NDVI,0.01,0.716,2-3,1,#5698b9
AC-18,Green Space,Demand density,NDVI,0.008,0.622,2-3,1,#5698b9
AC-4,Green Space,Demand density,NDVI,0.097,0.644,3-3,1,#3b4994
AI-18,Green Space,Demand density,NDVI,0.088,0.636,3-3,2,#3b4994
AB-15,Green Space,Demand density,NDVI,0.012,0.332,2-1,19,#dfb0d6
L-26,Green Space,Demand density,NDVI,0.0,0.577,1-2,0,#ace4e4
M-14,Green Space,Demand density,NDVI,0.012,0.662,2-3,6,#5698b9
U-18,Green Space,Demand density,NDVI,0.015,0.525,2-2,26,#a5b4c2
N-9,Green Space,Demand density,NDVI,0.0,0.775,1-3,0,#5ac8c8
P-14,Green Space,Demand density,NDVI,0.008,0.594,2-2,14,#a5b4c2
E-8,Green Space,Demand density,NDVI,0.0,0.592,1-2,0,#ace4e4
Y-9,Green Space,Demand density,NDVI,0.034,0.351,3-1,57,#be64ac
N-20,Green Space,Demand density,NDVI,0.058,0.476,3-1,2,#be64ac
J-20,Green Space,Demand density,NDVI,0.0,0.666,1-3,0,#5ac8c8
N-12,Green Space,Demand density,NDVI,0.012,0.575,2-2,18,#a5b4c2
W-20,Green Space,Demand density,NDVI,0.004,0.515,2-2,2,#a5b4c2
AC-9,Green Space,Demand density,NDVI,0.061,0.449,3-1,89,#be64ac
F-9,Green Space,Demand density,NDVI,0.0,0.328,1-1,0,#e8e8e8
L-19,Green Space,Demand density,NDVI,0.0,0.508,1-1,0,#e8e8e8
AA-14,Green Space,Demand density,NDVI,0.004,0.492,2-1,3,#dfb0d6
Y-21,Green Space,Demand density,NDVI,0.0,0.479,1-1,0,#e8e8e8
AE-19,Green Space,Demand density,NDVI,0.007,0.567,2-2,1,#a5b4c2
AI-10,Green Space,Demand density,NDVI,0.055,0.72,3-3,3,#3b4994
O-21,Green Space,Demand density,NDVI,0.004,0.405,2-1,2,#dfb0d6
Q-5,Green Space,Demand density,NDVI,0.0,0.677,1-3,0,#5ac8c8
AD-8,Green Space,Demand density,NDVI,0.0,0.464,1-1,0,#e8e8e8
O-14,Green Space,Demand density,NDVI,0.014,0.523,2-2,9,#a5b4c2
AF-7,Green Space,Demand density,NDVI,0.0,0.641,1-3,0,#5ac8c8
AI-9,Green Space,Demand density,NDVI,0.138,0.541,3-2,9,#8c62aa
Q-19,Green Space,Demand density,NDVI,0.029,0.397,3-1,18,#be64ac
Y-17,Green Space,Demand density,NDVI,0.033,0.451,3-1,72,#be64ac
V-14,Green Space,Demand density,NDVI,0.038,0.395,3-1,96,#be64ac
R-12,Green Space,Demand density,NDVI,0.047,0.174,3-1,102,#be64ac
AC-19,Green Space,Demand density,NDVI,0.0,0.641,1-3,0,#5ac8c8
V-15,Green Space,Demand density,NDVI,0.027,0.45,3-1,31,#be64ac
AD-13,Green Space,Demand density,NDVI,0.062,0.61,3-3,5,#3b4994
AH-20,Green Space,Demand density,NDVI,0.0,0.618,1-3,0,#5ac8c8
AE-9,Green Space,Demand density,NDVI,0.154,0.299,3-1,186,#be64ac
P-13,Green Space,Demand density,NDVI,0.027,0.505,3-1,45,#be64ac
V-9,Green Space,Demand density,NDVI,0.03,0.474,3-1,21,#be64ac
X-7,Green Space,Demand density,NDVI,0.02,0.485,2-1,13,#dfb0d6
W-4,Green Space,Demand density,NDVI,0.154,0.583,3-2,2,#8c62aa
AJ-9,Green Space,Demand density,NDVI,0.066,0.585,3-2,1,#8c62aa
V-5,Green Space,Demand density,NDVI,0.253,0.57,3-2,1,#8c62aa
AH-10,Green Space,Demand density,NDVI,0.032,0.581,3-2,10,#8c62aa
Y-16,Green Space,Demand density,NDVI,0.017,0.487,2-1,24,#dfb0d6
S-22,Green Space,Demand density,NDVI,0.236,0.589,3-2,2,#8c62aa
AA-8,Green Space,Demand density,NDVI,0.018,0.503,2-1,2,#dfb0d6
AG-12,Green Space,Demand density,NDVI,0.017,0.577,2-2,3,#a5b4c2
V-20,Green Space,Demand density,NDVI,0.057,0.331,3-1,90,#be64ac
U-23,Green Space,Demand density,NDVI,0.119,0.596,3-2,4,#8c62aa
G-13,Green Space,Demand density,NDVI,0.085,0.558,3-2,9,#8c62aa
AG-15,Green Space,Demand density,NDVI,0.0,0.516,1-2,0,#ace4e4
AE-6,Green Space,Demand density,NDVI,0.0,0.669,1-3,0,#5ac8c8
AF-16,Green Space,Demand density,NDVI,0.016,0.573,2-2,1,#a5b4c2
AI-21,Green Space,Demand density,NDVI,0.0,0.533,1-2,0,#ace4e4
V-22,Green Space,Demand density,NDVI,0.019,0.583,2-2,3,#a5b4c2
L-12,Green Space,Demand density,NDVI,0.012,0.775,2-3,4,#5698b9
S-8,Green Space,Demand density,NDVI,0.026,0.652,3-3,8,#3b4994
H-17,Green Space,Demand density,NDVI,0.0,0.509,1-1,0,#e8e8e8
U-5,Green Space,Demand density,NDVI,0.103,0.454,3-1,43,#be64ac
W-16,Green Space,Demand density,NDVI,0.021,0.541,2-2,30,#a5b4c2
R-24,Green Space,Demand density,NDVI,0.0,0.861,1-3,0,#5ac8c8
AL-12,Green Space,Demand density,NDVI,0.0,0.838,1-3,0,#5ac8c8
M-11,Green Space,Demand density,NDVI,0.008,0.536,2-2,11,#a5b4c2
AB-20,Green Space,Demand density,NDVI,0.024,0.385,2-1,1,#dfb0d6
AB-7,Green Space,Demand density,NDVI,0.005,0.445,2-1,3,#dfb0d6
J-13,Green Space,Demand density,NDVI,0.034,0.438,3-1,46,#be64ac
O-22,Green Space,Demand density,NDVI,0.051,0.62,3-3,4,#3b4994
F-11,Green Space,Demand density,NDVI,0.0,0.538,1-2,0,#ace4e4
T-15,Green Space,Demand density,NDVI,0.033,0.307,3-1,77,#be64ac
O-10,Green Space,Demand density,NDVI,0.004,0.516,2-2,8,#a5b4c2
K-17,Green Space,Demand density,NDVI,0.018,0.668,2-3,1,#5698b9
AK-10,Green Space,Demand density,NDVI,0.0,0.731,1-3,0,#5ac8c8
T-4,Green Space,Demand density,NDVI,1.88,0.589,3-2,2,#8c62aa
AN-11,Green Space,Demand density,NDVI,0.0,0.818,1-3,0,#5ac8c8
M-22,Green Space,Demand density,NDVI,0.006,0.713,2-3,2,#5698b9
AB-13,Green Space,Demand density,NDVI,0.009,0.452,2-1,4,#dfb0d6
J-12,Green Space,Demand density,NDVI,0.01,0.496,2-1,7,#dfb0d6
H-10,Green Space,Demand density,NDVI,0.0,0.394,1-1,0,#e8e8e8
AH-16,Green Space,Demand density,NDVI,0.069,0.556,3-2,1,#8c62aa
U-10,Green Space,Demand density,NDVI,0.071,0.224,3-1,111,#be64ac
R-14,Green Space,Demand density,NDVI,0.046,0.263,3-1,51,#be64ac
O-17,Green Space,Demand density,NDVI,0.03,0.496,3-1,40,#be64ac
O-7,Green Space,Demand density,NDVI,0.0,0.536,1-2,0,#ace4e4
F-13,Green Space,Demand density,NDVI,0.0,0.523,1-2,0,#ace4e4
N-10,Green Space,Demand density,NDVI,0.011,0.679,2-3,12,#5698b9
AK-12,Green Space,Demand density,NDVI,0.019,0.693,2-3,8,#5698b9
X-14,Green Space,Demand density,NDVI,0.042,0.493,3-1,44,#be64ac
T-16,Green Space,Demand density,NDVI,0.011,0.432,2-1,25,#dfb0d6
AL-10,Green Space,Demand density,NDVI,0.0,0.569,1-2,0,#ace4e4
AC-17,Green Space,Demand density,NDVI,0.014,0.593,2-2,4,#a5b4c2
V-21,Green Space,Demand density,NDVI,0.069,0.527,3-2,51,#8c62aa
N-16,Green Space,Demand density,NDVI,0.009,0.695,2-3,1,#5698b9
AJ-19,Green Space,Demand density,NDVI,0.0,0.529,1-2,0,#ace4e4
AD-5,Green Space,Demand density,NDVI,0.0,0.673,1-3,0,#5ac8c8
AG-11,Green Space,Demand density,NDVI,0.007,0.644,2-3,1,#5698b9
S-16,Green Space,Demand density,NDVI,0.013,0.48,2-1,27,#dfb0d6
AA-4,Green Space,Demand density,NDVI,0.018,0.503,2-1,14,#dfb0d6
J-11,Green Space,Demand density,NDVI,0.026,0.548,3-2,13,#8c62aa
V-3,Green Space,Demand density,NDVI,0.0,0.631,1-3,0,#5ac8c8
S-10,Green Space,Demand density,NDVI,0.032,0.301,3-1,71,#be64ac
W-6,Green Space,Demand density,NDVI,0.0,0.631,1-3,0,#5ac8c8
N-18,Green Space,Demand density,NDVI,0.013,0.449,2-1,11,#dfb0d6
AD-16,Green Space,Demand density,NDVI,0.044,0.34,3-1,45,#be64ac
Q-25,Green Space,Demand density,NDVI,0.0,0.718,1-3,0,#5ac8c8
AE-7,Green Space,Demand density,NDVI,0.0,0.679,1-3,0,#5ac8c8
M-10,Green Space,Demand density,NDVI,0.024,0.517,2-2,25,#a5b4c2
U-12,Green Space,Demand density,NDVI,0.033,0.321,3-1,152,#be64ac
K-24,Green Space,Demand density,NDVI,0.0,0.597,1-2,0,#ace4e4
X-21,Green Space,Demand density,NDVI,0.017,0.477,2-1,1,#dfb0d6
O-25,Green Space,Demand density,NDVI,0.0,0.732,1-3,0,#5ac8c8
N-11,Green Space,Demand density,NDVI,0.036,0.527,3-2,47,#8c62aa
Y-11,Green Space,Demand density,NDVI,0.016,0.524,2-2,20,#a5b4c2
I-12,Green Space,Demand density,NDVI,0.012,0.467,2-1,2,#dfb0d6
M-18,Green Space,Demand density,NDVI,0.0,0.56,1-2,0,#ace4e4
AD-17,Green Space,Demand density,NDVI,0.045,0.607,3-3,22,#3b4994
N-26,Green Space,Demand density,NDVI,0.0,0.723,1-3,0,#5ac8c8
W-14,Green Space,Demand density,NDVI,0.034,0.417,3-1,26,#be64ac
H-9,Green Space,Demand density,NDVI,0.0,0.49,1-1,0,#e8e8e8
AC-8,Green Space,Demand density,NDVI,0.153,0.597,3-2,23,#8c62aa
AL-14,Green Space,Demand density,NDVI,0.375,0.595,3-2,16,#8c62aa
P-26,Green Space,Demand density,NDVI,0.0,0.569,1-2,0,#ace4e4
P-8,Green Space,Demand density,NDVI,0.0,0.706,1-3,0,#5ac8c8
AF-17,Green Space,Demand density,NDVI,0.014,0.544,2-2,7,#a5b4c2
Y-20,Green Space,Demand density,NDVI,0.0,0.592,1-2,0,#ace4e4
AG-10,Green Space,Demand density,NDVI,0.027,0.667,3-3,4,#3b4994
L-15,Green Space,Demand density,NDVI,0.005,0.413,2-1,6,#dfb0d6
AK-11,Green Space,Demand density,NDVI,0.0,0.79,1-3,0,#5ac8c8
X-16,Green Space,Demand density,NDVI,0.01,0.54,2-2,19,#a5b4c2
AA-19,Green Space,Demand density,NDVI,0.0,0.428,1-1,0,#e8e8e8
D-10,Green Space,Demand density,NDVI,0.0,0.464,1-1,0,#e8e8e8
S-15,Green Space,Demand density,NDVI,0.012,0.509,2-1,16,#dfb0d6
Q-14,Green Space,Demand density,NDVI,0.01,0.564,2-2,11,#a5b4c2
Y-15,Green Space,Demand density,NDVI,0.025,0.682,2-3,14,#5698b9
Z-5,Green Space,Demand density,NDVI,0.015,0.414,2-1,14,#dfb0d6
AK-19,Green Space,Demand density,NDVI,0.0,0.626,1-3,0,#5ac8c8
AG-18,Green Space,Demand density,NDVI,0.005,0.651,2-3,1,#5698b9
Z-10,Green Space,Demand density,NDVI,0.184,0.368,3-1,133,#be64ac
AC-3,Green Space,Demand density,NDVI,0.0,0.836,1-3,0,#5ac8c8
U-7,Green Space,Demand density,NDVI,0.012,0.447,2-1,24,#dfb0d6
X-20,Green Space,Demand density,NDVI,0.006,0.544,2-2,2,#a5b4c2
AA-7,Green Space,Demand density,NDVI,0.009,0.473,2-1,2,#dfb0d6
AE-4,Green Space,Demand density,NDVI,0.0,0.643,1-3,0,#5ac8c8
AD-14,Green Space,Demand density,NDVI,0.584,0.551,3-2,11,#8c62aa
AJ-20,Green Space,Demand density,NDVI,0.0,0.693,1-3,0,#5ac8c8
O-9,Green Space,Demand density,NDVI,0.003,0.639,2-3,2,#5698b9
S-20,Green Space,Demand density,NDVI,0.015,0.614,2-3,13,#5698b9
P-23,Green Space,Demand density,NDVI,0.013,0.648,2-3,6,#5698b9
J-21,Green Space,Demand density,NDVI,0.0,0.863,1-3,0,#5ac8c8
AI-20,Green Space,Demand density,NDVI,0.0,0.565,1-2,0,#ace4e4
W-7,Green Space,Demand density,NDVI,0.021,0.48,2-1,40,#dfb0d6
AF-14,Green Space,Demand density,NDVI,0.005,0.486,2-1,1,#dfb0d6
AC-12,Green Space,Demand density,NDVI,0.093,0.481,3-1,38,#be64ac
N-24,Green Space,Demand density,NDVI,0.055,0.593,3-2,2,#8c62aa
W-17,Green Space,Demand density,NDVI,0.04,0.742,3-3,20,#3b4994
I-19,Green Space,Demand density,NDVI,0.0,0.716,1-3,0,#5ac8c8
Q-12,Green Space,Demand density,NDVI,0.008,0.556,2-2,9,#a5b4c2
AK-15,Green Space,Demand density,NDVI,0.0,0.339,1-1,0,#e8e8e8
N-6,Green Space,Demand density,NDVI,0.0,0.594,1-2,0,#ace4e4
S-18,Green Space,Demand density,NDVI,0.021,0.649,2-3,18,#5698b9
P-15,Green Space,Demand density,NDVI,0.018,0.605,2-3,4,#5698b9
Z-20,Green Space,Demand density,NDVI,0.0,0.601,1-2,0,#ace4e4
AD-10,Green Space,Demand density,NDVI,0.145,0.457,3-1,228,#be64ac
V-10,Green Space,Demand density,NDVI,0.152,0.361,3-1,82,#be64ac
J-19,Green Space,Demand density,NDVI,0.0,0.542,1-2,0,#ace4e4
V-13,Green Space,Demand density,NDVI,0.024,0.396,2-1,71,#dfb0d6
U-11,Green Space,Demand density,NDVI,0.061,0.365,3-1,183,#be64ac
Q-10,Green Space,Demand density,NDVI,0.043,0.355,3-1,145,#be64ac
AI-16,Green Space,Demand density,NDVI,0.03,0.59,3-2,2,#8c62aa
M-12,Green Space,Demand density,NDVI,0.051,0.616,3-3,15,#3b4994
R-18,Green Space,Demand density,NDVI,0.0,0.639,1-3,0,#5ac8c8
Q-18,Green Space,Demand density,NDVI,0.013,0.481,2-1,2,#dfb0d6
R-19,Green Space,Demand density,NDVI,0.006,0.617,2-3,5,#5698b9
AF-19,Green Space,Demand density,NDVI,0.0,0.665,1-3,0,#5ac8c8
Z-19,Green Space,Demand density,NDVI,0.008,0.511,2-2,3,#a5b4c2
H-15,Green Space,Demand density,NDVI,0.026,0.397,3-1,11,#be64ac
M-25,Green Space,Demand density,NDVI,0.0,0.614,1-3,0,#5ac8c8
AB-12,Green Space,Demand density,NDVI,0.017,0.379,2-1,10,#dfb0d6
AI-15,Green Space,Demand density,NDVI,0.017,0.578,2-2,1,#a5b4c2
R-8,Green Space,Demand density,NDVI,0.012,0.627,2-3,4,#5698b9
R-13,Green Space,Demand density,NDVI,0.051,0.151,3-1,111,#be64ac
V-4,Green Space,Demand density,NDVI,1.0,0.547,3-2,1,#8c62aa
Q-11,Green Space,Demand density,NDVI,0.018,0.453,2-1,28,#dfb0d6
H-14,Green Space,Demand density,NDVI,0.092,0.56,3-2,47,#8c62aa
Y-19,Green Space,Demand density,NDVI,0.008,0.577,2-2,1,#a5b4c2
W-19,Green Space,Demand density,NDVI,0.014,0.407,2-1,15,#dfb0d6
AK-13,Green Space,Demand density,NDVI,0.047,0.562,3-2,12,#8c62aa
W-12,Green Space,Demand density,NDVI,0.033,0.516,3-2,25,#8c62aa
U-14,Green Space,Demand density,NDVI,0.029,0.405,3-1,71,#be64ac
W-9,Green Space,Demand density,NDVI,0.085,0.399,3-1,144,#be64ac
AN-13,Green Space,Demand density,NDVI,0.0,0.862,1-3,0,#5ac8c8
AF-18,Green Space,Demand density,NDVI,0.023,0.577,2-2,11,#a5b4c2
O-20,Green Space,Demand density,NDVI,0.0,0.641,1-3,0,#5ac8c8
T-10,Green Space,Demand density,NDVI,0.067,0.258,3-1,117,#be64ac
AB-8,Green Space,Demand density,NDVI,0.0,0.433,1-1,0,#e8e8e8
N-25,Green Space,Demand density,NDVI,0.0,0.576,1-2,0,#ace4e4
U-6,Green Space,Demand density,NDVI,0.096,0.421,3-1,55,#be64ac
X-8,Green Space,Demand density,NDVI,0.015,0.472,2-1,38,#dfb0d6
I-17,Green Space,Demand density,NDVI,0.0,0.528,1-2,0,#ace4e4
V-19,Green Space,Demand density,NDVI,0.093,0.488,3-1,80,#be64ac
S-24,Green Space,Demand density,NDVI,0.032,0.785,3-3,1,#3b4994
K-25,Green Space,Demand density,NDVI,0.0,0.43,1-1,0,#e8e8e8
AF-15,Green Space,Demand density,NDVI,0.017,0.594,2-2,1,#a5b4c2
Z-14,Green Space,Demand density,NDVI,0.013,0.569,2-2,9,#a5b4c2
M-17,Green Space,Demand density,NDVI,0.0,0.689,1-3,0,#5ac8c8
Y-14,Green Space,Demand density,NDVI,0.024,0.39,2-1,50,#dfb0d6
Z-21,Green Space,Demand density,NDVI,0.0,0.603,1-2,0,#ace4e4
AD-4,Green Space,Demand density,NDVI,0.0,0.781,1-3,0,#5ac8c8
AD-18,Green Space,Demand density,NDVI,0.0,0.646,1-3,0,#5ac8c8
Y-4,Green Space,Demand density,NDVI,0.0,0.584,1-2,0,#ace4e4
M-19,Green Space,Demand density,NDVI,0.0,0.523,1-2,0,#ace4e4
AK-14,Green Space,Demand density,NDVI,0.0,0.537,1-2,0,#ace4e4
Y-8,Need to Change,Need to Change marks,Composite (LST+NO2+NDVI),50.0,0.659,3-3,50,#3b4994
S-9,Need to Change,Need to Change marks,Composite (LST+NO2+NDVI),22.0,0.629,3-3,22,#3b4994
AJ-14,Need to Change,Need to Change marks,Composite (LST+NO2+NDVI),2.0,0.39,2-1,2,#dfb0d6
T-6,Need to Change,Need to Change marks,Composite (LST+NO2+NDVI),19.0,0.628,3-3,19,#3b4994
P-25,Need to Change,Need to Change marks,Composite (LST+NO2+NDVI),1.0,0.412,1-1,1,#e8e8e8
V-17,Need to Change,Need to Change marks,Composite (LST+NO2+NDVI),22.0,0.526,3-2,22,#8c62aa
Z-11,Need to Change,Need to Change marks,Composite (LST+NO2+NDVI),5.0,0.633,2-3,5,#5698b9
X-19,Need to Change,Need to Change marks,Composite (LST+NO2+NDVI),2.0,0.53,2-2,2,#a5b4c2
AE-17,Need to Change,Need to Change marks,Composite (LST+NO2+NDVI),2.0,0.415,2-1,2,#dfb0d6
Z-7,Need to Change,Need to Change marks,Composite (LST+NO2+NDVI),48.0,0.729,3-3,48,#3b4994
R-9,Need to Change,Need to Change marks,Composite (LST+NO2+NDVI),16.0,0.63,2-3,16,#5698b9
AB-10,Need to Change,Need to Change marks,Composite (LST+NO2+NDVI),129.0,0.678,3-3,129,#3b4994
AJ-12,Need to Change,Need to Change marks,Composite (LST+NO2+NDVI),3.0,0.312,2-1,3,#dfb0d6
M-24,Need to Change,Need to Change marks,Composite (LST+NO2+NDVI),1.0,0.318,1-1,1,#e8e8e8
M-13,Need to Change,Need to Change marks,Composite (LST+NO2+NDVI),7.0,0.537,2-2,7,#a5b4c2
R-20,Need to Change,Need to Change marks,Composite (LST+NO2+NDVI),141.0,0.656,3-3,141,#3b4994
AB-18,Need to Change,Need to Change marks,Composite (LST+NO2+NDVI),16.0,0.424,2-1,16,#dfb0d6
Y-13,Need to Change,Need to Change marks,Composite (LST+NO2+NDVI),60.0,0.723,3-3,60,#3b4994
U-19,Need to Change,Need to Change marks,Composite (LST+NO2+NDVI),99.0,0.629,3-3,99,#3b4994
K-16,Need to Change,Need to Change marks,Composite (LST+NO2+NDVI),14.0,0.643,2-3,14,#5698b9
X-13,Need to Change,Need to Change marks,Composite (LST+NO2+NDVI),151.0,0.765,3-3,151,#3b4994
L-25,Need to Change,Need to Change marks,Composite (LST+NO2+NDVI),1.0,0.321,1-1,1,#e8e8e8
U-20,Need to Change,Need to Change marks,Composite (LST+NO2+NDVI),22.0,0.495,3-2,22,#8c62aa
P-17,Need to Change,Need to Change marks,Composite (LST+NO2+NDVI),17.0,0.561,2-2,17,#a5b4c2
I-14,Need to Change,Need to Change marks,Composite (LST+NO2+NDVI),48.0,0.622,3-3,48,#3b4994
AH-15,Need to Change,Need to Change marks,Composite (LST+NO2+NDVI),,0.39,1-1,0,#e8e8e8
I-7,Need to Change,Need to Change marks,Composite (LST+NO2+NDVI),,0.423,1-1,0,#e8e8e8
G-8,Need to Change,Need to Change marks,Composite (LST+NO2+NDVI),,0.654,1-3,0,#5ac8c8
X-3,Need to Change,Need to Change marks,Composite (LST+NO2+NDVI),3.0,0.492,2-2,3,#a5b4c2
O-11,Need to Change,Need to Change marks,Composite (LST+NO2+NDVI),41.0,0.666,3-3,41,#3b4994
Q-15,Need to Change,Need to Change marks,Composite (LST+NO2+NDVI),2.0,0.577,2-2,2,#a5b4c2
Q-8,Need to Change,Need to Change marks,Composite (LST+NO2+NDVI),8.0,0.63,2-3,8,#5698b9
U-8,Need to Change,Need to Change marks,Composite (LST+NO2+NDVI),86.0,0.709,3-3,86,#3b4994
I-8,Need to Change,Need to Change marks,Composite (LST+NO2+NDVI),,0.499,1-2,0,#ace4e4
L-10,Need to Change,Need to Change marks,Composite (LST+NO2+NDVI),5.0,0.317,2-1,5,#dfb0d6
AE-15,Need to Change,Need to Change marks,Composite (LST+NO2+NDVI),1.0,0.478,1-2,1,#ace4e4
AE-16,Need to Change,Need to Change marks,Composite (LST+NO2+NDVI),9.0,0.623,2-3,9,#5698b9
AD-9,Need to Change,Need to Change marks,Composite (LST+NO2+NDVI),39.0,0.611,3-3,39,#3b4994
Z-16,Need to Change,Need to Change marks,Composite (LST+NO2+NDVI),29.0,0.589,3-2,29,#8c62aa
W-3,Need to Change,Need to Change marks,Composite (LST+NO2+NDVI),10.0,0.508,2-2,10,#a5b4c2
U-22,Need to Change,Need to Change marks,Composite (LST+NO2+NDVI),1.0,0.442,1-1,1,#e8e8e8
J-17,Need to Change,Need to Change marks,Composite (LST+NO2+NDVI),15.0,0.574,2-2,15,#a5b4c2
AF-12,Need to Change,Need to Change marks,Composite (LST+NO2+NDVI),33.0,0.498,3-2,33,#8c62aa
L-22,Need to Change,Need to Change marks,Composite (LST+NO2+NDVI),1.0,0.27,1-1,1,#e8e8e8
P-7,Need to Change,Need to Change marks,Composite (LST+NO2+NDVI),2.0,0.516,2-2,2,#a5b4c2
AF-20,Need to Change,Need to Change marks,Composite (LST+NO2+NDVI),,0.324,1-1,0,#e8e8e8
AI-7,Need to Change,Need to Change marks,Composite (LST+NO2+NDVI),2.0,0.578,2-2,2,#a5b4c2
AK-16,Need to Change,Need to Change marks,Composite (LST+NO2+NDVI),,0.349,1-1,0,#e8e8e8
AM-11,Need to Change,Need to Change marks,Composite (LST+NO2+NDVI),1.0,0.129,1-1,1,#e8e8e8
S-21,Need to Change,Need to Change marks,Composite (LST+NO2+NDVI),4.0,0.515,2-2,4,#a5b4c2
W-13,Need to Change,Need to Change marks,Composite (LST+NO2+NDVI),75.0,0.81,3-3,75,#3b4994
AI-14,Need to Change,Need to Change marks,Composite (LST+NO2+NDVI),1.0,0.32,1-1,1,#e8e8e8
K-11,Need to Change,Need to Change marks,Composite (LST+NO2+NDVI),18.0,0.587,2-2,18,#a5b4c2
S-6,Need to Change,Need to Change marks,Composite (LST+NO2+NDVI),13.0,0.518,2-2,13,#a5b4c2
R-17,Need to Change,Need to Change marks,Composite (LST+NO2+NDVI),61.0,0.658,3-3,61,#3b4994
S-5,Need to Change,Need to Change marks,Composite (LST+NO2+NDVI),,0.48,1-2,0,#ace4e4
Z-17,Need to Change,Need to Change marks,Composite (LST+NO2+NDVI),97.0,0.66,3-3,97,#3b4994
AD-6,Need to Change,Need to Change marks,Composite (LST+NO2+NDVI),2.0,0.498,2-2,2,#a5b4c2
N-7,Need to Change,Need to Change marks,Composite (LST+NO2+NDVI),1.0,0.504,1-2,1,#ace4e4
H-8,Need to Change,Need to Change marks,Composite (LST+NO2+NDVI),,0.565,1-2,0,#ace4e4
AB-17,Need to Change,Need to Change marks,Composite (LST+NO2+NDVI),35.0,0.459,3-2,35,#8c62aa
X-9,Need to Change,Need to Change marks,Composite (LST+NO2+NDVI),33.0,0.632,3-3,33,#3b4994
L-13,Need to Change,Need to Change marks,Composite (LST+NO2+NDVI),26.0,0.549,3-2,26,#8c62aa
Z-8,Need to Change,Need to Change marks,Composite (LST+NO2+NDVI),12.0,0.685,2-3,12,#5698b9
Z-6,Need to Change,Need to Change marks,Composite (LST+NO2+NDVI),93.0,0.707,3-3,93,#3b4994
L-20,Need to Change,Need to Change marks,Composite (LST+NO2+NDVI),,0.47,1-2,0,#ace4e4
K-23,Need to Change,Need to Change marks,Composite (LST+NO2+NDVI),,0.215,1-1,0,#e8e8e8
AD-15,Need to Change,Need to Change marks,Composite (LST+NO2+NDVI),26.0,0.546,3-2,26,#8c62aa
F-15,Need to Change,Need to Change marks,Composite (LST+NO2+NDVI),1.0,0.443,1-1,1,#e8e8e8
AA-20,Need to Change,Need to Change marks,Composite (LST+NO2+NDVI),,0.373,1-1,0,#e8e8e8
V-7,Need to Change,Need to Change marks,Composite (LST+NO2+NDVI),9.0,0.595,2-2,9,#a5b4c2
AA-15,Need to Change,Need to Change marks,Composite (LST+NO2+NDVI),32.0,0.616,3-3,32,#3b4994
R-21,Need to Change,Need to Change marks,Composite (LST+NO2+NDVI),22.0,0.733,3-3,22,#3b4994
AA-18,Need to Change,Need to Change marks,Composite (LST+NO2+NDVI),10.0,0.464,2-2,10,#a5b4c2
O-15,Need to Change,Need to Change marks,Composite (LST+NO2+NDVI),1.0,0.568,1-2,1,#ace4e4
T-21,Need to Change,Need to Change marks,Composite (LST+NO2+NDVI),,0.589,1-2,0,#ace4e4
L-11,Need to Change,Need to Change marks,Composite (LST+NO2+NDVI),43.0,0.519,3-2,43,#8c62aa
X-15,Need to Change,Need to Change marks,Composite (LST+NO2+NDVI),33.0,0.716,3-3,33,#3b4994
I-9,Need to Change,Need to Change marks,Composite (LST+NO2+NDVI),1.0,0.504,1-2,1,#ace4e4
O-24,Need to Change,Need to Change marks,Composite (LST+NO2+NDVI),2.0,0.342,2-1,2,#dfb0d6
AI-12,Need to Change,Need to Change marks,Composite (LST+NO2+NDVI),1.0,0.416,1-1,1,#e8e8e8
L-23,Need to Change,Need to Change marks,Composite (LST+NO2+NDVI),1.0,0.249,1-1,1,#e8e8e8
J-7,Need to Change,Need to Change marks,Composite (LST+NO2+NDVI),,0.28,1-1,0,#e8e8e8
AI-13,Need to Change,Need to Change marks,Composite (LST+NO2+NDVI),1.0,0.386,1-1,1,#e8e8e8
AH-13,Need to Change,Need to Change marks,Composite (LST+NO2+NDVI),2.0,0.396,2-1,2,#dfb0d6
AA-16,Need to Change,Need to Change marks,Composite (LST+NO2+NDVI),9.0,0.512,2-2,9,#a5b4c2
N-14,Need to Change,Need to Change marks,Composite (LST+NO2+NDVI),36.0,0.498,3-2,36,#8c62aa
V-18,Need to Change,Need to Change marks,Composite (LST+NO2+NDVI),3.0,0.511,2-2,3,#a5b4c2
N-23,Need to Change,Need to Change marks,Composite (LST+NO2+NDVI),25.0,0.492,3-2,25,#8c62aa
Q-17,Need to Change,Need to Change marks,Composite (LST+NO2+NDVI),78.0,0.611,3-3,78,#3b4994
AK-18,Need to Change,Need to Change marks,Composite (LST+NO2+NDVI),1.0,0.295,1-1,1,#e8e8e8
I-11,Need to Change,Need to Change marks,Composite (LST+NO2+NDVI),1.0,0.592,1-2,1,#ace4e4
N-8,Need to Change,Need to Change marks,Composite (LST+NO2+NDVI),,0.463,1-2,0,#ace4e4
AA-12,Need to Change,Need to Change marks,Composite (LST+NO2+NDVI),5.0,0.784,2-3,5,#5698b9
AE-13,Need to Change,Need to Change marks,Composite (LST+NO2+NDVI),2.0,0.497,2-2,2,#a5b4c2
S-23,Need to Change,Need to Change marks,Composite (LST+NO2+NDVI),18.0,0.282,2-1,18,#dfb0d6
H-13,Need to Change,Need to Change marks,Composite (LST+NO2+NDVI),9.0,0.433,2-1,9,#dfb0d6
AC-11,Need to Change,Need to Change marks,Composite (LST+NO2+NDVI),41.0,0.67,3-3,41,#3b4994
T-11,Need to Change,Need to Change marks,Composite (LST+NO2+NDVI),165.0,0.906,3-3,165,#3b4994
F-14,Need to Change,Need to Change marks,Composite (LST+NO2+NDVI),2.0,0.39,2-1,2,#dfb0d6
Z-15,Need to Change,Need to Change marks,Composite (LST+NO2+NDVI),28.0,0.66,3-3,28,#3b4994
J-15,Need to Change,Need to Change marks,Composite (LST+NO2+NDVI),11.0,0.615,2-3,11,#5698b9
K-7,Need to Change,Need to Change marks,Composite (LST+NO2+NDVI),,0.272,1-1,0,#e8e8e8
Y-10,Need to Change,Need to Change marks,Composite (LST+NO2+NDVI),21.0,0.799,3-3,21,#3b4994
AD-12,Need to Change,Need to Change marks,Composite (LST+NO2+NDVI),32.0,0.603,3-3,32,#3b4994
U-15,Need to Change,Need to Change marks,Composite (LST+NO2+NDVI),70.0,0.781,3-3,70,#3b4994
L-14,Need to Change,Need to Change marks,Composite (LST+NO2+NDVI),7.0,0.497,2-2,7,#a5b4c2
AE-5,Need to Change,Need to Change marks,Composite (LST+NO2+NDVI),3.0,0.512,2-2,3,#a5b4c2
AH-7,Need to Change,Need to Change marks,Composite (LST+NO2+NDVI),,0.507,1-2,0,#ace4e4
AA-17,Need to Change,Need to Change marks,Composite (LST+NO2+NDVI),255.0,0.612,3-3,255,#3b4994
R-15,Need to Change,Need to Change marks,Composite (LST+NO2+NDVI),47.0,0.787,3-3,47,#3b4994
AA-10,Need to Change,Need to Change marks,Composite (LST+NO2+NDVI),47.0,0.621,3-3,47,#3b4994
U-13,Need to Change,Need to Change marks,Composite (LST+NO2+NDVI),120.0,0.846,3-3,120,#3b4994
AJ-8,Need to Change,Need to Change marks,Composite (LST+NO2+NDVI),,0.518,1-2,0,#ace4e4
Y-3,Need to Change,Need to Change marks,Composite (LST+NO2+NDVI),,0.445,1-1,0,#e8e8e8
P-18,Need to Change,Need to Change marks,Composite (LST+NO2+NDVI),2.0,0.501,2-2,2,#a5b4c2
L-18,Need to Change,Need to Change marks,Composite (LST+NO2+NDVI),,0.454,1-1,0,#e8e8e8
AL-19,Need to Change,Need to Change marks,Composite (LST+NO2+NDVI),,0.33,1-1,0,#e8e8e8
I-13,Need to Change,Need to Change marks,Composite (LST+NO2+NDVI),91.0,0.562,3-2,91,#8c62aa
M-16,Need to Change,Need to Change marks,Composite (LST+NO2+NDVI),26.0,0.546,3-2,26,#8c62aa
S-17,Need to Change,Need to Change marks,Composite (LST+NO2+NDVI),25.0,0.616,3-3,25,#3b4994
W-10,Need to Change,Need to Change marks,Composite (LST+NO2+NDVI),107.0,0.765,3-3,107,#3b4994
W-8,Need to Change,Need to Change marks,Composite (LST+NO2+NDVI),57.0,0.664,3-3,57,#3b4994
T-12,Need to Change,Need to Change marks,Composite (LST+NO2+NDVI),291.0,0.887,3-3,291,#3b4994
AG-7,Need to Change,Need to Change marks,Composite (LST+NO2+NDVI),,0.492,1-2,0,#ace4e4
X-11,Need to Change,Need to Change marks,Composite (LST+NO2+NDVI),57.0,0.773,3-3,57,#3b4994
I-18,Need to Change,Need to Change marks,Composite (LST+NO2+NDVI),,0.483,1-2,0,#ace4e4
O-6,Need to Change,Need to Change marks,Composite (LST+NO2+NDVI),3.0,0.509,2-2,3,#a5b4c2
T-22,Need to Change,Need to Change marks,Composite (LST+NO2+NDVI),,0.509,1-2,0,#ace4e4
O-23,Need to Change,Need to Change marks,Composite (LST+NO2+NDVI),4.0,0.477,2-2,4,#a5b4c2
K-8,Need to Change,Need to Change marks,Composite (LST+NO2+NDVI),,0.424,1-1,0,#e8e8e8
AE-12,Need to Change,Need to Change marks,Composite (LST+NO2+NDVI),9.0,0.562,2-2,9,#a5b4c2
Q-26,Need to Change,Need to Change marks,Composite (LST+NO2+NDVI),,0.283,1-1,0,#e8e8e8
AH-14,Need to Change,Need to Change marks,Composite (LST+NO2+NDVI),1.0,0.431,1-1,1,#e8e8e8
M-15,Need to Change,Need to Change marks,Composite (LST+NO2+NDVI),102.0,0.675,3-3,102,#3b4994
G-15,Need to Change,Need to Change marks,Composite (LST+NO2+NDVI),2.0,0.501,2-2,2,#a5b4c2
E-14,Need to Change,Need to Change marks,Composite (LST+NO2+NDVI),,0.39,1-1,0,#e8e8e8
O-26,Need to Change,Need to Change marks,Composite (LST+NO2+NDVI),,0.129,1-1,0,#e8e8e8
AA-9,Need to Change,Need to Change marks,Composite (LST+NO2+NDVI),100.0,0.745,3-3,100,#3b4994
W-5,Need to Change,Need to Change marks,Composite (LST+NO2+NDVI),,0.588,1-2,0,#ace4e4
Z-13,Need to Change,Need to Change marks,Composite (LST+NO2+NDVI),28.0,0.728,3-3,28,#3b4994
AG-14,Need to Change,Need to Change marks,Composite (LST+NO2+NDVI),,0.426,1-1,0,#e8e8e8
W-18,Need to Change,Need to Change marks,Composite (LST+NO2+NDVI),4.0,0.419,2-1,4,#dfb0d6
W-11,Need to Change,Need to Change marks,Composite (LST+NO2+NDVI),103.0,0.824,3-3,103,#3b4994
AH-21,Need to Change,Need to Change marks,Composite (LST+NO2+NDVI),,0.331,1-1,0,#e8e8e8
AG-9,Need to Change,Need to Change marks,Composite (LST+NO2+NDVI),8.0,0.561,2-2,8,#a5b4c2
X-12,Need to Change,Need to Change marks,Composite (LST+NO2+NDVI),32.0,0.75,3-3,32,#3b4994
AD-20,Need to Change,Need to Change marks,Composite (LST+NO2+NDVI),,0.407,1-1,0,#e8e8e8
Y-18,Need to Change,Need to Change marks,Composite (LST+NO2+NDVI),29.0,0.52,3-2,29,#8c62aa
R-23,Need to Change,Need to Change marks,Composite (LST+NO2+NDVI),1.0,0.229,1-1,1,#e8e8e8
Y-12,Need to Change,Need to Change marks,Composite (LST+NO2+NDVI),80.0,0.734,3-3,80,#3b4994
P-22,Need to Change,Need to Change marks,Composite (LST+NO2+NDVI),3.0,0.54,2-2,3,#a5b4c2
AC-6,Need to Change,Need to Change marks,Composite (LST+NO2+NDVI),2.0,0.522,2-2,2,#a5b4c2
AJ-15,Need to Change,Need to Change marks,Composite (LST+NO2+NDVI),,0.373,1-1,0,#e8e8e8
J-14,Need to Change,Need to Change marks,Composite (LST+NO2+NDVI),80.0,0.645,3-3,80,#3b4994
Q-13,Need to Change,Need to Change marks,Composite (LST+NO2+NDVI),106.0,0.729,3-3,106,#3b4994
AE-14,Need to Change,Need to Change marks,Composite (LST+NO2+NDVI),4.0,0.489,2-2,4,#a5b4c2
L-21,Need to Change,Need to Change marks,Composite (LST+NO2+NDVI),1.0,0.537,1-2,1,#ace4e4
AH-9,Need to Change,Need to Change marks,Composite (LST+NO2+NDVI),25.0,0.576,3-2,25,#8c62aa
P-21,Need to Change,Need to Change marks,Composite (LST+NO2+NDVI),1.0,0.719,1-3,1,#5ac8c8
AH-19,Need to Change,Need to Change marks,Composite (LST+NO2+NDVI),2.0,0.334,2-1,2,#dfb0d6
T-17,Need to Change,Need to Change marks,Composite (LST+NO2+NDVI),36.0,0.664,3-3,36,#3b4994
J-8,Need to Change,Need to Change marks,Composite (LST+NO2+NDVI),,0.363,1-1,0,#e8e8e8
AF-9,Need to Change,Need to Change marks,Composite (LST+NO2+NDVI),7.0,0.646,2-3,7,#5698b9
AC-10,Need to Change,Need to Change marks,Composite (LST+NO2+NDVI),38.0,0.548,3-2,38,#8c62aa
Z-3,Need to Change,Need to Change marks,Composite (LST+NO2+NDVI),,0.48,1-2,0,#ace4e4
U-4,Need to Change,Need to Change marks,Composite (LST+NO2+NDVI),1.0,0.53,1-2,1,#ace4e4
AE-18,Need to Change,Need to Change marks,Composite (LST+NO2+NDVI),1.0,0.363,1-1,1,#e8e8e8
M-20,Need to Change,Need to Change marks,Composite (LST+NO2+NDVI),2.0,0.505,2-2,2,#a5b4c2
Q-6,Need to Change,Need to Change marks,Composite (LST+NO2+NDVI),6.0,0.477,2-2,6,#a5b4c2
L-24,Need to Change,Need to Change marks,Composite (LST+NO2+NDVI),,0.324,1-1,0,#e8e8e8
AA-3,Need to Change,Need to Change marks,Composite (LST+NO2+NDVI),5.0,0.495,2-2,5,#a5b4c2
AD-11,Need to Change,Need to Change marks,Composite (LST+NO2+NDVI),19.0,0.551,3-2,19,#8c62aa
X-10,Need to Change,Need to Change marks,Composite (LST+NO2+NDVI),29.0,0.866,3-3,29,#3b4994
K-21,Need to Change,Need to Change marks,Composite (LST+NO2+NDVI),,0.602,1-3,0,#5ac8c8
V-24,Need to Change,Need to Change marks,Composite (LST+NO2+NDVI),,0.386,1-1,0,#e8e8e8
N-19,Need to Change,Need to Change marks,Composite (LST+NO2+NDVI),,0.518,1-2,0,#ace4e4
G-16,Need to Change,Need to Change marks,Composite (LST+NO2+NDVI),1.0,0.474,1-2,1,#ace4e4
U-16,Need to Change,Need to Change marks,Composite (LST+NO2+NDVI),112.0,0.696,3-3,112,#3b4994
Z-12,Need to Change,Need to Change marks,Composite (LST+NO2+NDVI),29.0,0.742,3-3,29,#3b4994
M-9,Need to Change,Need to Change marks,Composite (LST+NO2+NDVI),4.0,0.369,2-1,4,#dfb0d6
J-16,Need to Change,Need to Change marks,Composite (LST+NO2+NDVI),27.0,0.644,3-3,27,#3b4994
G-10,Need to Change,Need to Change marks,Composite (LST+NO2+NDVI),,0.583,1-2,0,#ace4e4
AB-14,Need to Change,Need to Change marks,Composite (LST+NO2+NDVI),12.0,0.808,2-3,12,#5698b9
AH-8,Need to Change,Need to Change marks,Composite (LST+NO2+NDVI),1.0,0.676,1-3,1,#5ac8c8
L-16,Need to Change,Need to Change marks,Composite (LST+NO2+NDVI),52.0,0.652,3-3,52,#3b4994
AI-8,Need to Change,Need to Change marks,Composite (LST+NO2+NDVI),11.0,0.525,2-2,11,#a5b4c2
AL-11,Need to Change,Need to Change marks,Composite (LST+NO2+NDVI),2.0,0.259,2-1,2,#dfb0d6
AF-11,Need to Change,Need to Change marks,Composite (LST+NO2+NDVI),7.0,0.459,2-2,7,#a5b4c2
K-20,Need to Change,Need to Change marks,Composite (LST+NO2+NDVI),,0.407,1-1,0,#e8e8e8
M-8,Need to Change,Need to Change marks,Composite (LST+NO2+NDVI),,0.359,1-1,0,#e8e8e8
AA-2,Need to Change,Need to Change marks,Composite (LST+NO2+NDVI),,0.463,1-2,0,#ace4e4
AF-6,Need to Change,Need to Change marks,Composite (LST+NO2+NDVI),,0.434,1-1,0,#e8e8e8
AB-6,Need to Change,Need to Change marks,Composite (LST+NO2+NDVI),4.0,0.548,2-2,4,#a5b4c2
AB-16,Need to Change,Need to Change marks,Composite (LST+NO2+NDVI),17.0,0.439,2-1,17,#dfb0d6
S-19,Need to Change,Need to Change marks,Composite (LST+NO2+NDVI),159.0,0.631,3-3,159,#3b4994
AG-8,Need to Change,Need to Change marks,Composite (LST+NO2+NDVI),8.0,0.695,2-3,8,#5698b9
Q-20,Need to Change,Need to Change marks,Composite (LST+NO2+NDVI),50.0,0.671,3-3,50,#3b4994
AA-5,Need to Change,Need to Change marks,Composite (LST+NO2+NDVI),35.0,0.632,3-3,35,#3b4994
S-11,Need to Change,Need to Change marks,Composite (LST+NO2+NDVI),153.0,0.9,3-3,153,#3b4994
J-10,Need to Change,Need to Change marks,Composite (LST+NO2+NDVI),,0.336,1-1,0,#e8e8e8
I-20,Need to Change,Need to Change marks,Composite (LST+NO2+NDVI),,0.359,1-1,0,#e8e8e8
AI-11,Need to Change,Need to Change marks,Composite (LST+NO2+NDVI),1.0,0.33,1-1,1,#e8e8e8
Y-7,Need to Change,Need to Change marks,Composite (LST+NO2+NDVI),28.0,0.634,3-3,28,#3b4994
AB-11,Need to Change,Need to Change marks,Composite (LST+NO2+NDVI),64.0,0.645,3-3,64,#3b4994
R-5,Need to Change,Need to Change marks,Composite (LST+NO2+NDVI),,0.295,1-1,0,#e8e8e8
R-6,Need to Change,Need to Change marks,Composite (LST+NO2+NDVI),3.0,0.383,2-1,3,#dfb0d6
Q-7,Need to Change,Need to Change marks,Composite (LST+NO2+NDVI),3.0,0.555,2-2,3,#a5b4c2
Y-5,Need to Change,Need to Change marks,Composite (LST+NO2+NDVI),39.0,0.581,3-2,39,#8c62aa
AD-19,Need to Change,Need to Change marks,Composite (LST+NO2+NDVI),,0.355,1-1,0,#e8e8e8
T-9,Need to Change,Need to Change marks,Composite (LST+NO2+NDVI),96.0,0.755,3-3,96,#3b4994
N-17,Need to Change,Need to Change marks,Composite (LST+NO2+NDVI),5.0,0.502,2-2,5,#a5b4c2
AJ-21,Need to Change,Need to Change marks,Composite (LST+NO2+NDVI),,0.263,1-1,0,#e8e8e8
T-14,Need to Change,Need to Change marks,Composite (LST+NO2+NDVI),98.0,0.829,3-3,98,#3b4994
U-21,Need to Change,Need to Change marks,Composite (LST+NO2+NDVI),7.0,0.571,2-2,7,#a5b4c2
J-18,Need to Change,Need to Change marks,Composite (LST+NO2+NDVI),1.0,0.489,1-2,1,#ace4e4
K-18,Need to Change,Need to Change marks,Composite (LST+NO2+NDVI),,0.483,1-2,0,#ace4e4
E-9,Need to Change,Need to Change marks,Composite (LST+NO2+NDVI),,0.482,1-2,0,#ace4e4
K-19,Need to Change,Need to Change marks,Composite (LST+NO2+NDVI),,0.435,1-1,0,#e8e8e8
AC-15,Need to Change,Need to Change marks,Composite (LST+NO2+NDVI),44.0,0.561,3-2,44,#8c62aa
F-10,Need to Change,Need to Change marks,Composite (LST+NO2+NDVI),,0.559,1-2,0,#ace4e4
K-13,Need to Change,Need to Change marks,Composite (LST+NO2+NDVI),37.0,0.547,3-2,37,#8c62aa
U-17,Need to Change,Need to Change marks,Composite (LST+NO2+NDVI),23.0,0.607,3-3,23,#3b4994
Q-22,Need to Change,Need to Change marks,Composite (LST+NO2+NDVI),2.0,0.436,2-1,2,#dfb0d6
V-8,Need to Change,Need to Change marks,Composite (LST+NO2+NDVI),32.0,0.716,3-3,32,#3b4994
V-16,Need to Change,Need to Change marks,Composite (LST+NO2+NDVI),84.0,0.772,3-3,84,#3b4994
AG-16,Need to Change,Need to Change marks,Composite (LST+NO2+NDVI),,0.348,1-1,0,#e8e8e8
M-21,Need to Change,Need to Change marks,Composite (LST+NO2+NDVI),4.0,0.456,2-1,4,#dfb0d6
O-16,Need to Change,Need to Change marks,Composite (LST+NO2+NDVI),12.0,0.452,2-1,12,#dfb0d6
AK-20,Need to Change,Need to Change marks,Composite (LST+NO2+NDVI),,0.329,1-1,0,#e8e8e8
Z-4,Need to Change,Need to Change marks,Composite (LST+NO2+NDVI),3.0,0.524,2-2,3,#a5b4c2
G-9,Need to Change,Need to Change marks,Composite (LST+NO2+NDVI),,0.75,1-3,0,#5ac8c8
AH-12,Need to Change,Need to Change marks,Composite (LST+NO2+NDVI),5.0,0.448,2-1,5,#dfb0d6
AB-4,Need to Change,Need to Change marks,Composite (LST+NO2+NDVI),2.0,0.48,2-2,2,#a5b4c2
W-15,Need to Change,Need to Change marks,Composite (LST+NO2+NDVI),4.0,0.758,2-3,4,#5698b9
K-12,Need to Change,Need to Change marks,Composite (LST+NO2+NDVI),42.0,0.552,3-2,42,#8c62aa
R-7,Need to Change,Need to Change marks,Composite (LST+NO2+NDVI),14.0,0.557,2-2,14,#a5b4c2
AG-20,Need to Change,Need to Change marks,Composite (LST+NO2+NDVI),,0.317,1-1,0,#e8e8e8
AC-14,Need to Change,Need to Change marks,Composite (LST+NO2+NDVI),83.0,0.639,3-3,83,#3b4994
Q-23,Need to Change,Need to Change marks,Composite (LST+NO2+NDVI),7.0,0.374,2-1,7,#dfb0d6
AA-11,Need to Change,Need to Change marks,Composite (LST+NO2+NDVI),8.0,0.658,2-3,8,#5698b9
AH-18,Need to Change,Need to Change marks,Composite (LST+NO2+NDVI),,0.307,1-1,0,#e8e8e8
AB-9,Need to Change,Need to Change marks,Composite (LST+NO2+NDVI),31.0,0.575,3-2,31,#8c62aa
AK-17,Need to Change,Need to Change marks,Composite (LST+NO2+NDVI),,0.253,1-1,0,#e8e8e8
T-8,Need to Change,Need to Change marks,Composite (LST+NO2+NDVI),18.0,0.579,2-2,18,#a5b4c2
N-21,Need to Change,Need to Change marks,Composite (LST+NO2+NDVI),1.0,0.554,1-2,1,#ace4e4
X-17,Need to Change,Need to Change marks,Composite (LST+NO2+NDVI),15.0,0.667,2-3,15,#5698b9
O-12,Need to Change,Need to Change marks,Composite (LST+NO2+NDVI),9.0,0.605,2-3,9,#5698b9
I-16,Need to Change,Need to Change marks,Composite (LST+NO2+NDVI),,0.49,1-2,0,#ace4e4
R-22,Need to Change,Need to Change marks,Composite (LST+NO2+NDVI),5.0,0.441,2-1,5,#dfb0d6
S-14,Need to Change,Need to Change marks,Composite (LST+NO2+NDVI),70.0,0.749,3-3,70,#3b4994
T-7,Need to Change,Need to Change marks,Composite (LST+NO2+NDVI),11.0,0.607,2-3,11,#5698b9
V-23,Need to Change,Need to Change marks,Composite (LST+NO2+NDVI),1.0,0.411,1-1,1,#e8e8e8
T-24,Need to Change,Need to Change marks,Composite (LST+NO2+NDVI),,0.412,1-1,0,#e8e8e8
S-13,Need to Change,Need to Change marks,Composite (LST+NO2+NDVI),258.0,0.775,3-3,258,#3b4994
AJ-18,Need to Change,Need to Change marks,Composite (LST+NO2+NDVI),,0.31,1-1,0,#e8e8e8
AK-8,Need to Change,Need to Change marks,Composite (LST+NO2+NDVI),,0.456,1-1,0,#e8e8e8
H-18,Need to Change,Need to Change marks,Composite (LST+NO2+NDVI),,0.5,1-2,0,#ace4e4
AM-12,Need to Change,Need to Change marks,Composite (LST+NO2+NDVI),1.0,0.126,1-1,1,#e8e8e8
AF-10,Need to Change,Need to Change marks,Composite (LST+NO2+NDVI),10.0,0.542,2-2,10,#a5b4c2
N-13,Need to Change,Need to Change marks,Composite (LST+NO2+NDVI),13.0,0.548,2-2,13,#a5b4c2
I-15,Need to Change,Need to Change marks,Composite (LST+NO2+NDVI),9.0,0.583,2-2,9,#a5b4c2
N-15,Need to Change,Need to Change marks,Composite (LST+NO2+NDVI),2.0,0.613,2-3,2,#5698b9
S-7,Need to Change,Need to Change marks,Composite (LST+NO2+NDVI),50.0,0.601,3-3,50,#3b4994
S-12,Need to Change,Need to Change marks,Composite (LST+NO2+NDVI),302.0,0.904,3-3,302,#3b4994
P-19,Need to Change,Need to Change marks,Composite (LST+NO2+NDVI),1.0,0.489,1-2,1,#ace4e4
L-17,Need to Change,Need to Change marks,Composite (LST+NO2+NDVI),27.0,0.545,3-2,27,#8c62aa
P-11,Need to Change,Need to Change marks,Composite (LST+NO2+NDVI),11.0,0.648,2-3,11,#5698b9
AG-13,Need to Change,Need to Change marks,Composite (LST+NO2+NDVI),,0.435,1-1,0,#e8e8e8
AN-12,Need to Change,Need to Change marks,Composite (LST+NO2+NDVI),1.0,0.095,1-1,1,#e8e8e8
AJ-13,Need to Change,Need to Change marks,Composite (LST+NO2+NDVI),20.0,0.387,3-1,20,#be64ac
K-15,Need to Change,Need to Change marks,Composite (LST+NO2+NDVI),55.0,0.666,3-3,55,#3b4994
AH-11,Need to Change,Need to Change marks,Composite (LST+NO2+NDVI),4.0,0.365,2-1,4,#dfb0d6
AC-16,Need to Change,Need to Change marks,Composite (LST+NO2+NDVI),22.0,0.502,3-2,22,#8c62aa
S-4,Need to Change,Need to Change marks,Composite (LST+NO2+NDVI),1.0,0.412,1-1,1,#e8e8e8
AJ-11,Need to Change,Need to Change marks,Composite (LST+NO2+NDVI),,0.206,1-1,0,#e8e8e8
AC-7,Need to Change,Need to Change marks,Composite (LST+NO2+NDVI),,0.597,1-3,0,#5ac8c8
R-10,Need to Change,Need to Change marks,Composite (LST+NO2+NDVI),37.0,0.681,3-3,37,#3b4994
AH-17,Need to Change,Need to Change marks,Composite (LST+NO2+NDVI),,0.31,1-1,0,#e8e8e8
AD-7,Need to Change,Need to Change marks,Composite (LST+NO2+NDVI),1.0,0.507,1-2,1,#ace4e4
N-22,Need to Change,Need to Change marks,Composite (LST+NO2+NDVI),85.0,0.543,3-2,85,#8c62aa
Q-9,Need to Change,Need to Change marks,Composite (LST+NO2+NDVI),89.0,0.694,3-3,89,#3b4994
V-6,Need to Change,Need to Change marks,Composite (LST+NO2+NDVI),3.0,0.559,2-2,3,#a5b4c2
P-16,Need to Change,Need to Change marks,Composite (LST+NO2+NDVI),,0.501,1-2,0,#ace4e4
AG-19,Need to Change,Need to Change marks,Composite (LST+NO2+NDVI),,0.345,1-1,0,#e8e8e8
X-22,Need to Change,Need to Change marks,Composite (LST+NO2+NDVI),,0.43,1-1,0,#e8e8e8
O-18,Need to Change,Need to Change marks,Composite (LST+NO2+NDVI),,0.461,1-2,0,#ace4e4
G-14,Need to Change,Need to Change marks,Composite (LST+NO2+NDVI),3.0,0.488,2-2,3,#a5b4c2
Y-6,Need to Change,Need to Change marks,Composite (LST+NO2+NDVI),69.0,0.669,3-3,69,#3b4994
G-11,Need to Change,Need to Change marks,Composite (LST+NO2+NDVI),,0.566,1-2,0,#ace4e4
P-10,Need to Change,Need to Change marks,Composite (LST+NO2+NDVI),41.0,0.63,3-3,41,#3b4994
X-4,Need to Change,Need to Change marks,Composite (LST+NO2+NDVI),7.0,0.479,2-2,7,#a5b4c2
O-5,Need to Change,Need to Change marks,Composite (LST+NO2+NDVI),1.0,0.388,1-1,1,#e8e8e8
AB-5,Need to Change,Need to Change marks,Composite (LST+NO2+NDVI),,0.557,1-2,0,#ace4e4
R-11,Need to Change,Need to Change marks,Composite (LST+NO2+NDVI),92.0,0.755,3-3,92,#3b4994
Q-21,Need to Change,Need to Change marks,Composite (LST+NO2+NDVI),19.0,0.648,3-3,19,#3b4994
U-9,Need to Change,Need to Change marks,Composite (LST+NO2+NDVI),67.0,0.889,3-3,67,#3b4994
AA-6,Need to Change,Need to Change marks,Composite (LST+NO2+NDVI),38.0,0.58,3-2,38,#8c62aa
AF-13,Need to Change,Need to Change marks,Composite (LST+NO2+NDVI),,0.513,1-2,0,#ace4e4
L-9,Need to Change,Need to Change marks,Composite (LST+NO2+NDVI),,0.393,1-1,0,#e8e8e8
AM-13,Need to Change,Need to Change marks,Composite (LST+NO2+NDVI),15.0,0.302,2-1,15,#dfb0d6
O-8,Need to Change,Need to Change marks,Composite (LST+NO2+NDVI),1.0,0.399,1-1,1,#e8e8e8
K-14,Need to Change,Need to Change marks,Composite (LST+NO2+NDVI),8.0,0.655,2-3,8,#5698b9
P-9,Need to Change,Need to Change marks,Composite (LST+NO2+NDVI),13.0,0.547,2-2,13,#a5b4c2
P-12,Need to Change,Need to Change marks,Composite (LST+NO2+NDVI),61.0,0.688,3-3,61,#3b4994
AF-5,Need to Change,Need to Change marks,Composite (LST+NO2+NDVI),1.0,0.516,1-2,1,#ace4e4
O-13,Need to Change,Need to Change marks,Composite (LST+NO2+NDVI),108.0,0.611,3-3,108,#3b4994
AI-17,Need to Change,Need to Change marks,Composite (LST+NO2+NDVI),,0.312,1-1,0,#e8e8e8
H-16,Need to Change,Need to Change marks,Composite (LST+NO2+NDVI),4.0,0.491,2-2,4,#a5b4c2
AK-9,Need to Change,Need to Change marks,Composite (LST+NO2+NDVI),,0.439,1-1,0,#e8e8e8
W-22,Need to Change,Need to Change marks,Composite (LST+NO2+NDVI),1.0,0.426,1-1,1,#e8e8e8
AE-8,Need to Change,Need to Change marks,Composite (LST+NO2+NDVI),1.0,0.509,1-2,1,#ace4e4
X-6,Need to Change,Need to Change marks,Composite (LST+NO2+NDVI),1.0,0.588,1-2,1,#ace4e4
H-11,Need to Change,Need to Change marks,Composite (LST+NO2+NDVI),,0.611,1-3,0,#5ac8c8
V-12,Need to Change,Need to Change marks,Composite (LST+NO2+NDVI),175.0,0.813,3-3,175,#3b4994
T-20,Need to Change,Need to Change marks,Composite (LST+NO2+NDVI),45.0,0.49,3-2,45,#8c62aa
AO-11,Need to Change,Need to Change marks,Composite (LST+NO2+NDVI),,0.08,1-1,0,#e8e8e8
K-10,Need to Change,Need to Change marks,Composite (LST+NO2+NDVI),16.0,0.353,2-1,16,#dfb0d6
AB-19,Need to Change,Need to Change marks,Composite (LST+NO2+NDVI),,0.458,1-1,0,#e8e8e8
AE-11,Need to Change,Need to Change marks,Composite (LST+NO2+NDVI),35.0,0.591,3-2,35,#8c62aa
Q-16,Need to Change,Need to Change marks,Composite (LST+NO2+NDVI),14.0,0.585,2-2,14,#a5b4c2
Z-18,Need to Change,Need to Change marks,Composite (LST+NO2+NDVI),82.0,0.637,3-3,82,#3b4994
AC-13,Need to Change,Need to Change marks,Composite (LST+NO2+NDVI),4.0,0.676,2-3,4,#5698b9
AE-10,Need to Change,Need to Change marks,Composite (LST+NO2+NDVI),52.0,0.568,3-2,52,#8c62aa
T-5,Need to Change,Need to Change marks,Composite (LST+NO2+NDVI),22.0,0.488,3-2,22,#8c62aa
P-20,Need to Change,Need to Change marks,Composite (LST+NO2+NDVI),,0.541,1-2,0,#ace4e4
AJ-16,Need to Change,Need to Change marks,Composite (LST+NO2+NDVI),,0.283,1-1,0,#e8e8e8
AG-17,Need to Change,Need to Change marks,Composite (LST+NO2+NDVI),18.0,0.399,2-1,18,#dfb0d6
T-19,Need to Change,Need to Change marks,Composite (LST+NO2+NDVI),44.0,0.606,3-3,44,#3b4994
I-10,Need to Change,Need to Change marks,Composite (LST+NO2+NDVI),4.0,0.558,2-2,4,#a5b4c2
AL-13,Need to Change,Need to Change marks,Composite (LST+NO2+NDVI),8.0,0.324,2-1,8,#dfb0d6
T-18,Need to Change,Need to Change marks,Composite (LST+NO2+NDVI),43.0,0.573,3-2,43,#8c62aa
Q-24,Need to Change,Need to Change marks,Composite (LST+NO2+NDVI),,0.413,1-1,0,#e8e8e8
AJ-17,Need to Change,Need to Change marks,Composite (LST+NO2+NDVI),2.0,0.296,2-1,2,#dfb0d6
V-11,Need to Change,Need to Change marks,Composite (LST+NO2+NDVI),168.0,0.826,3-3,168,#3b4994
M-23,Need to Change,Need to Change marks,Composite (LST+NO2+NDVI),1.0,0.432,1-1,1,#e8e8e8
H-12,Need to Change,Need to Change marks,Composite (LST+NO2+NDVI),,0.555,1-2,0,#ace4e4
R-16,Need to Change,Need to Change marks,Composite (LST+NO2+NDVI),21.0,0.668,3-3,21,#3b4994
K-9,Need to Change,Need to Change marks,Composite (LST+NO2+NDVI),2.0,0.356,2-1,2,#dfb0d6
AC-5,Need to Change,Need to Change marks,Composite (LST+NO2+NDVI),,0.52,1-2,0,#ace4e4
T-23,Need to Change,Need to Change marks,Composite (LST+NO2+NDVI),3.0,0.431,2-1,3,#dfb0d6
J-9,Need to Change,Need to Change marks,Composite (LST+NO2+NDVI),,0.466,1-2,0,#ace4e4
T-13,Need to Change,Need to Change marks,Composite (LST+NO2+NDVI),114.0,0.888,3-3,114,#3b4994
AI-19,Need to Change,Need to Change marks,Composite (LST+NO2+NDVI),1.0,0.29,1-1,1,#e8e8e8
P-24,Need to Change,Need to Change marks,Composite (LST+NO2+NDVI),4.0,0.484,2-2,4,#a5b4c2
Z-9,Need to Change,Need to Change marks,Composite (LST+NO2+NDVI),75.0,0.701,3-3,75,#3b4994
AM-10,Need to Change,Need to Change marks,Composite (LST+NO2+NDVI),3.0,0.259,2-1,3,#dfb0d6
P-6,Need to Change,Need to Change marks,Composite (LST+NO2+NDVI),1.0,0.485,1-2,1,#ace4e4
AF-8,Need to Change,Need to Change marks,Composite (LST+NO2+NDVI),,0.511,1-2,0,#ace4e4
AJ-10,Need to Change,Need to Change marks,Composite (LST+NO2+NDVI),,0.415,1-1,0,#e8e8e8
X-18,Need to Change,Need to Change marks,Composite (LST+NO2+NDVI),148.0,0.567,3-2,148,#8c62aa
X-5,Need to Change,Need to Change marks,Composite (LST+NO2+NDVI),1.0,0.548,1-2,1,#ace4e4
W-21,Need to Change,Need to Change marks,Composite (LST+NO2+NDVI),10.0,0.646,2-3,10,#5698b9
AA-13,Need to Change,Need to Change marks,Composite (LST+NO2+NDVI),2.0,0.762,2-3,2,#5698b9
O-19,Need to Change,Need to Change marks,Composite (LST+NO2+NDVI),,0.44,1-1,0,#e8e8e8
AC-18,Need to Change,Need to Change marks,Composite (LST+NO2+NDVI),3.0,0.388,2-1,3,#dfb0d6
AC-4,Need to Change,Need to Change marks,Composite (LST+NO2+NDVI),2.0,0.455,2-1,2,#dfb0d6
AI-18,Need to Change,Need to Change marks,Composite (LST+NO2+NDVI),,0.33,1-1,0,#e8e8e8
AB-15,Need to Change,Need to Change marks,Composite (LST+NO2+NDVI),46.0,0.745,3-3,46,#3b4994
L-26,Need to Change,Need to Change marks,Composite (LST+NO2+NDVI),,0.314,1-1,0,#e8e8e8
M-14,Need to Change,Need to Change marks,Composite (LST+NO2+NDVI),14.0,0.518,2-2,14,#a5b4c2
U-18,Need to Change,Need to Change marks,Composite (LST+NO2+NDVI),12.0,0.613,2-3,12,#5698b9
N-9,Need to Change,Need to Change marks,Composite (LST+NO2+NDVI),2.0,0.366,2-1,2,#dfb0d6
P-14,Need to Change,Need to Change marks,Composite (LST+NO2+NDVI),27.0,0.601,3-3,27,#3b4994
Y-9,Need to Change,Need to Change marks,Composite (LST+NO2+NDVI),85.0,0.796,3-3,85,#3b4994
N-20,Need to Change,Need to Change marks,Composite (LST+NO2+NDVI),,0.551,1-2,0,#ace4e4
J-20,Need to Change,Need to Change marks,Composite (LST+NO2+NDVI),,0.349,1-1,0,#e8e8e8
N-12,Need to Change,Need to Change marks,Composite (LST+NO2+NDVI),34.0,0.57,3-2,34,#8c62aa
W-20,Need to Change,Need to Change marks,Composite (LST+NO2+NDVI),12.0,0.651,2-3,12,#5698b9
AC-9,Need to Change,Need to Change marks,Composite (LST+NO2+NDVI),173.0,0.658,3-3,173,#3b4994
F-9,Need to Change,Need to Change marks,Composite (LST+NO2+NDVI),,0.617,1-3,0,#5ac8c8
L-19,Need to Change,Need to Change marks,Composite (LST+NO2+NDVI),,0.49,1-2,0,#ace4e4
AA-14,Need to Change,Need to Change marks,Composite (LST+NO2+NDVI),4.0,0.67,2-3,4,#5698b9
Y-21,Need to Change,Need to Change marks,Composite (LST+NO2+NDVI),,0.595,1-2,0,#ace4e4
AE-19,Need to Change,Need to Change marks,Composite (LST+NO2+NDVI),,0.375,1-1,0,#e8e8e8
AI-10,Need to Change,Need to Change marks,Composite (LST+NO2+NDVI),2.0,0.325,2-1,2,#dfb0d6
O-21,Need to Change,Need to Change marks,Composite (LST+NO2+NDVI),16.0,0.699,2-3,16,#5698b9
Q-5,Need to Change,Need to Change marks,Composite (LST+NO2+NDVI),3.0,0.355,2-1,3,#dfb0d6
AD-8,Need to Change,Need to Change marks,Composite (LST+NO2+NDVI),5.0,0.596,2-3,5,#5698b9
O-14,Need to Change,Need to Change marks,Composite (LST+NO2+NDVI),11.0,0.611,2-3,11,#5698b9
AF-7,Need to Change,Need to Change marks,Composite (LST+NO2+NDVI),,0.426,1-1,0,#e8e8e8
AI-9,Need to Change,Need to Change marks,Composite (LST+NO2+NDVI),2.0,0.465,2-2,2,#a5b4c2
Q-19,Need to Change,Need to Change marks,Composite (LST+NO2+NDVI),18.0,0.667,2-3,18,#5698b9
Y-17,Need to Change,Need to Change marks,Composite (LST+NO2+NDVI),126.0,0.656,3-3,126,#3b4994
V-14,Need to Change,Need to Change marks,Composite (LST+NO2+NDVI),217.0,0.828,3-3,217,#3b4994
R-12,Need to Change,Need to Change marks,Composite (LST+NO2+NDVI),96.0,0.852,3-3,96,#3b4994
AC-19,Need to Change,Need to Change marks,Composite (LST+NO2+NDVI),1.0,0.41,1-1,1,#e8e8e8
V-15,Need to Change,Need to Change marks,Composite (LST+NO2+NDVI),46.0,0.759,3-3,46,#3b4994
AD-13,Need to Change,Need to Change marks,Composite (LST+NO2+NDVI),2.0,0.54,2-2,2,#a5b4c2
AH-20,Need to Change,Need to Change marks,Composite (LST+NO2+NDVI),,0.286,1-1,0,#e8e8e8
AE-9,Need to Change,Need to Change marks,Composite (LST+NO2+NDVI),391.0,0.711,3-3,391,#3b4994
P-13,Need to Change,Need to Change marks,Composite (LST+NO2+NDVI),51.0,0.673,3-3,51,#3b4994
V-9,Need to Change,Need to Change marks,Composite (LST+NO2+NDVI),71.0,0.726,3-3,71,#3b4994
X-7,Need to Change,Need to Change marks,Composite (LST+NO2+NDVI),20.0,0.627,3-3,20,#3b4994
W-4,Need to Change,Need to Change marks,Composite (LST+NO2+NDVI),1.0,0.546,1-2,1,#ace4e4
AJ-9,Need to Change,Need to Change marks,Composite (LST+NO2+NDVI),,0.458,1-1,0,#e8e8e8
V-5,Need to Change,Need to Change marks,Composite (LST+NO2+NDVI),1.0,0.543,1-2,1,#ace4e4
AH-10,Need to Change,Need to Change marks,Composite (LST+NO2+NDVI),2.0,0.457,2-1,2,#dfb0d6
Y-16,Need to Change,Need to Change marks,Composite (LST+NO2+NDVI),23.0,0.665,3-3,23,#3b4994
S-22,Need to Change,Need to Change marks,Composite (LST+NO2+NDVI),,0.4,1-1,0,#e8e8e8
AA-8,Need to Change,Need to Change marks,Composite (LST+NO2+NDVI),1.0,0.66,1-3,1,#5ac8c8
AG-12,Need to Change,Need to Change marks,Composite (LST+NO2+NDVI),4.0,0.445,2-1,4,#dfb0d6
V-20,Need to Change,Need to Change marks,Composite (LST+NO2+NDVI),175.0,0.677,3-3,175,#3b4994
U-23,Need to Change,Need to Change marks,Composite (LST+NO2+NDVI),,0.412,1-1,0,#e8e8e8
G-13,Need to Change,Need to Change marks,Composite (LST+NO2+NDVI),5.0,0.445,2-1,5,#dfb0d6
AG-15,Need to Change,Need to Change marks,Composite (LST+NO2+NDVI),1.0,0.422,1-1,1,#e8e8e8
AE-6,Need to Change,Need to Change marks,Composite (LST+NO2+NDVI),,0.436,1-1,0,#e8e8e8
AF-16,Need to Change,Need to Change marks,Composite (LST+NO2+NDVI),1.0,0.438,1-1,1,#e8e8e8
AI-21,Need to Change,Need to Change marks,Composite (LST+NO2+NDVI),,0.38,1-1,0,#e8e8e8
V-22,Need to Change,Need to Change marks,Composite (LST+NO2+NDVI),8.0,0.479,2-2,8,#a5b4c2
L-12,Need to Change,Need to Change marks,Composite (LST+NO2+NDVI),12.0,0.458,2-2,12,#a5b4c2
S-8,Need to Change,Need to Change marks,Composite (LST+NO2+NDVI),8.0,0.556,2-2,8,#a5b4c2
H-17,Need to Change,Need to Change marks,Composite (LST+NO2+NDVI),,0.518,1-2,0,#ace4e4
U-5,Need to Change,Need to Change marks,Composite (LST+NO2+NDVI),73.0,0.636,3-3,73,#3b4994
W-16,Need to Change,Need to Change marks,Composite (LST+NO2+NDVI),22.0,0.63,3-3,22,#3b4994
R-24,Need to Change,Need to Change marks,Composite (LST+NO2+NDVI),1.0,0.192,1-1,1,#e8e8e8
AL-12,Need to Change,Need to Change marks,Composite (LST+NO2+NDVI),,0.158,1-1,0,#e8e8e8
M-11,Need to Change,Need to Change marks,Composite (LST+NO2+NDVI),34.0,0.556,3-2,34,#8c62aa
AB-20,Need to Change,Need to Change marks,Composite (LST+NO2+NDVI),,0.516,1-2,0,#ace4e4
AB-7,Need to Change,Need to Change marks,Composite (LST+NO2+NDVI),4.0,0.669,2-3,4,#5698b9
J-13,Need to Change,Need to Change marks,Composite (LST+NO2+NDVI),47.0,0.607,3-3,47,#3b4994
O-22,Need to Change,Need to Change marks,Composite (LST+NO2+NDVI),2.0,0.503,2-2,2,#a5b4c2
F-11,Need to Change,Need to Change marks,Composite (LST+NO2+NDVI),,0.471,1-2,0,#ace4e4
T-15,Need to Change,Need to Change marks,Composite (LST+NO2+NDVI),54.0,0.824,3-3,54,#3b4994
O-10,Need to Change,Need to Change marks,Composite (LST+NO2+NDVI),10.0,0.623,2-3,10,#5698b9
K-17,Need to Change,Need to Change marks,Composite (LST+NO2+NDVI),3.0,0.45,2-1,3,#dfb0d6
AK-10,Need to Change,Need to Change marks,Composite (LST+NO2+NDVI),,0.239,1-1,0,#e8e8e8
T-4,Need to Change,Need to Change marks,Composite (LST+NO2+NDVI),1.0,0.462,1-2,1,#ace4e4
AN-11,Need to Change,Need to Change marks,Composite (LST+NO2+NDVI),1.0,0.128,1-1,1,#e8e8e8
M-22,Need to Change,Need to Change marks,Composite (LST+NO2+NDVI),8.0,0.38,2-1,8,#dfb0d6
AB-13,Need to Change,Need to Change marks,Composite (LST+NO2+NDVI),4.0,0.734,2-3,4,#5698b9
J-12,Need to Change,Need to Change marks,Composite (LST+NO2+NDVI),24.0,0.58,3-2,24,#8c62aa
H-10,Need to Change,Need to Change marks,Composite (LST+NO2+NDVI),,0.671,1-3,0,#5ac8c8
P-5,Need to Change,Need to Change marks,Composite (LST+NO2+NDVI),,0.34,1-1,0,#e8e8e8
AH-16,Need to Change,Need to Change marks,Composite (LST+NO2+NDVI),,0.354,1-1,0,#e8e8e8
U-10,Need to Change,Need to Change marks,Composite (LST+NO2+NDVI),101.0,0.9,3-3,101,#3b4994
R-14,Need to Change,Need to Change marks,Composite (LST+NO2+NDVI),112.0,0.816,3-3,112,#3b4994
O-17,Need to Change,Need to Change marks,Composite (LST+NO2+NDVI),37.0,0.568,3-2,37,#8c62aa
O-7,Need to Change,Need to Change marks,Composite (LST+NO2+NDVI),,0.522,1-2,0,#ace4e4
F-13,Need to Change,Need to Change marks,Composite (LST+NO2+NDVI),,0.43,1-1,0,#e8e8e8
AO-12,Need to Change,Need to Change marks,Composite (LST+NO2+NDVI),,0.083,1-1,0,#e8e8e8
N-10,Need to Change,Need to Change marks,Composite (LST+NO2+NDVI),12.0,0.479,2-2,12,#a5b4c2
AK-12,Need to Change,Need to Change marks,Composite (LST+NO2+NDVI),25.0,0.297,3-1,25,#be64ac
X-14,Need to Change,Need to Change marks,Composite (LST+NO2+NDVI),59.0,0.732,3-3,59,#3b4994
T-16,Need to Change,Need to Change marks,Composite (LST+NO2+NDVI),56.0,0.738,3-3,56,#3b4994
AL-10,Need to Change,Need to Change marks,Composite (LST+NO2+NDVI),,0.387,1-1,0,#e8e8e8
AC-17,Need to Change,Need to Change marks,Composite (LST+NO2+NDVI),18.0,0.425,2-1,18,#dfb0d6
V-21,Need to Change,Need to Change marks,Composite (LST+NO2+NDVI),55.0,0.653,3-3,55,#3b4994
N-16,Need to Change,Need to Change marks,Composite (LST+NO2+NDVI),3.0,0.514,2-2,3,#a5b4c2
AJ-19,Need to Change,Need to Change marks,Composite (LST+NO2+NDVI),2.0,0.351,2-1,2,#dfb0d6
AD-5,Need to Change,Need to Change marks,Composite (LST+NO2+NDVI),2.0,0.441,2-1,2,#dfb0d6
AG-11,Need to Change,Need to Change marks,Composite (LST+NO2+NDVI),10.0,0.418,2-1,10,#dfb0d6
S-16,Need to Change,Need to Change marks,Composite (LST+NO2+NDVI),30.0,0.67,3-3,30,#3b4994
AA-4,Need to Change,Need to Change marks,Composite (LST+NO2+NDVI),12.0,0.568,2-2,12,#a5b4c2
J-11,Need to Change,Need to Change marks,Composite (LST+NO2+NDVI),12.0,0.521,2-2,12,#a5b4c2
V-3,Need to Change,Need to Change marks,Composite (LST+NO2+NDVI),,0.46,1-2,0,#ace4e4
S-10,Need to Change,Need to Change marks,Composite (LST+NO2+NDVI),42.0,0.817,3-3,42,#3b4994
W-6,Need to Change,Need to Change marks,Composite (LST+NO2+NDVI),4.0,0.533,2-2,4,#a5b4c2
N-18,Need to Change,Need to Change marks,Composite (LST+NO2+NDVI),,0.584,1-2,0,#ace4e4
AD-16,Need to Change,Need to Change marks,Composite (LST+NO2+NDVI),45.0,0.628,3-3,45,#3b4994
Q-25,Need to Change,Need to Change marks,Composite (LST+NO2+NDVI),,0.268,1-1,0,#e8e8e8
AE-7,Need to Change,Need to Change marks,Composite (LST+NO2+NDVI),,0.443,1-1,0,#e8e8e8
M-10,Need to Change,Need to Change marks,Composite (LST+NO2+NDVI),48.0,0.525,3-2,48,#8c62aa
U-12,Need to Change,Need to Change marks,Composite (LST+NO2+NDVI),92.0,0.892,3-3,92,#3b4994
K-24,Need to Change,Need to Change marks,Composite (LST+NO2+NDVI),,0.335,1-1,0,#e8e8e8
X-21,Need to Change,Need to Change marks,Composite (LST+NO2+NDVI),3.0,0.686,2-3,3,#5698b9
O-25,Need to Change,Need to Change marks,Composite (LST+NO2+NDVI),,0.228,1-1,0,#e8e8e8
N-11,Need to Change,Need to Change marks,Composite (LST+NO2+NDVI),44.0,0.587,3-2,44,#8c62aa
Y-11,Need to Change,Need to Change marks,Composite (LST+NO2+NDVI),29.0,0.723,3-3,29,#3b4994
I-12,Need to Change,Need to Change marks,Composite (LST+NO2+NDVI),10.0,0.577,2-2,10,#a5b4c2
M-18,Need to Change,Need to Change marks,Composite (LST+NO2+NDVI),,0.52,1-2,0,#ace4e4
AD-17,Need to Change,Need to Change marks,Composite (LST+NO2+NDVI),25.0,0.448,3-1,25,#be64ac
N-26,Need to Change,Need to Change marks,Composite (LST+NO2+NDVI),,0.204,1-1,0,#e8e8e8
W-14,Need to Change,Need to Change marks,Composite (LST+NO2+NDVI),34.0,0.779,3-3,34,#3b4994
H-9,Need to Change,Need to Change marks,Composite (LST+NO2+NDVI),,0.621,1-3,0,#5ac8c8
AC-8,Need to Change,Need to Change marks,Composite (LST+NO2+NDVI),4.0,0.564,2-2,4,#a5b4c2
AL-14,Need to Change,Need to Change marks,Composite (LST+NO2+NDVI),,0.343,1-1,0,#e8e8e8
P-26,Need to Change,Need to Change marks,Composite (LST+NO2+NDVI),,0.291,1-1,0,#e8e8e8
P-8,Need to Change,Need to Change marks,Composite (LST+NO2+NDVI),5.0,0.441,2-1,5,#dfb0d6
AF-17,Need to Change,Need to Change marks,Composite (LST+NO2+NDVI),8.0,0.444,2-1,8,#dfb0d6
Y-20,Need to Change,Need to Change marks,Composite (LST+NO2+NDVI),1.0,0.486,1-2,1,#ace4e4
AG-10,Need to Change,Need to Change marks,Composite (LST+NO2+NDVI),4.0,0.424,2-1,4,#dfb0d6
L-15,Need to Change,Need to Change marks,Composite (LST+NO2+NDVI),16.0,0.688,2-3,16,#5698b9
AK-11,Need to Change,Need to Change marks,Composite (LST+NO2+NDVI),9.0,0.187,2-1,9,#dfb0d6
X-16,Need to Change,Need to Change marks,Composite (LST+NO2+NDVI),23.0,0.654,3-3,23,#3b4994
AA-19,Need to Change,Need to Change marks,Composite (LST+NO2+NDVI),,0.537,1-2,0,#ace4e4
D-10,Need to Change,Need to Change marks,Composite (LST+NO2+NDVI),,0.479,1-2,0,#ace4e4
S-15,Need to Change,Need to Change marks,Composite (LST+NO2+NDVI),45.0,0.678,3-3,45,#3b4994
Q-14,Need to Change,Need to Change marks,Composite (LST+NO2+NDVI),19.0,0.636,3-3,19,#3b4994
Y-15,Need to Change,Need to Change marks,Composite (LST+NO2+NDVI),14.0,0.581,2-2,14,#a5b4c2
Z-5,Need to Change,Need to Change marks,Composite (LST+NO2+NDVI),47.0,0.643,3-3,47,#3b4994
AK-19,Need to Change,Need to Change marks,Composite (LST+NO2+NDVI),,0.286,1-1,0,#e8e8e8
AG-18,Need to Change,Need to Change marks,Composite (LST+NO2+NDVI),1.0,0.319,1-1,1,#e8e8e8
Z-10,Need to Change,Need to Change marks,Composite (LST+NO2+NDVI),81.0,0.807,3-3,81,#3b4994
AC-3,Need to Change,Need to Change marks,Composite (LST+NO2+NDVI),,0.354,1-1,0,#e8e8e8
U-7,Need to Change,Need to Change marks,Composite (LST+NO2+NDVI),60.0,0.718,3-3,60,#3b4994
X-20,Need to Change,Need to Change marks,Composite (LST+NO2+NDVI),1.0,0.549,1-2,1,#ace4e4
AA-7,Need to Change,Need to Change marks,Composite (LST+NO2+NDVI),1.0,0.676,1-3,1,#5ac8c8
AE-4,Need to Change,Need to Change marks,Composite (LST+NO2+NDVI),1.0,0.463,1-2,1,#ace4e4
AD-14,Need to Change,Need to Change marks,Composite (LST+NO2+NDVI),17.0,0.554,2-2,17,#a5b4c2
AJ-20,Need to Change,Need to Change marks,Composite (LST+NO2+NDVI),,0.269,1-1,0,#e8e8e8
O-9,Need to Change,Need to Change marks,Composite (LST+NO2+NDVI),15.0,0.502,2-2,15,#a5b4c2
S-20,Need to Change,Need to Change marks,Composite (LST+NO2+NDVI),32.0,0.608,3-3,32,#3b4994
P-23,Need to Change,Need to Change marks,Composite (LST+NO2+NDVI),7.0,0.43,2-1,7,#dfb0d6
J-21,Need to Change,Need to Change marks,Composite (LST+NO2+NDVI),,0.387,1-1,0,#e8e8e8
AI-20,Need to Change,Need to Change marks,Composite (LST+NO2+NDVI),,0.315,1-1,0,#e8e8e8
W-7,Need to Change,Need to Change marks,Composite (LST+NO2+NDVI),62.0,0.653,3-3,62,#3b4994
AF-14,Need to Change,Need to Change marks,Composite (LST+NO2+NDVI),,0.509,1-2,0,#ace4e4
AC-12,Need to Change,Need to Change marks,Composite (LST+NO2+NDVI),32.0,0.682,3-3,32,#3b4994
N-24,Need to Change,Need to Change marks,Composite (LST+NO2+NDVI),3.0,0.412,2-1,3,#dfb0d6
W-17,Need to Change,Need to Change marks,Composite (LST+NO2+NDVI),20.0,0.45,3-1,20,#be64ac
I-19,Need to Change,Need to Change marks,Composite (LST+NO2+NDVI),,0.368,1-1,0,#e8e8e8
Q-12,Need to Change,Need to Change marks,Composite (LST+NO2+NDVI),28.0,0.686,3-3,28,#3b4994
AK-15,Need to Change,Need to Change marks,Composite (LST+NO2+NDVI),,0.436,1-1,0,#e8e8e8
N-6,Need to Change,Need to Change marks,Composite (LST+NO2+NDVI),1.0,0.452,1-1,1,#e8e8e8
S-18,Need to Change,Need to Change marks,Composite (LST+NO2+NDVI),18.0,0.571,2-2,18,#a5b4c2
P-15,Need to Change,Need to Change marks,Composite (LST+NO2+NDVI),7.0,0.588,2-2,7,#a5b4c2
Z-20,Need to Change,Need to Change marks,Composite (LST+NO2+NDVI),2.0,0.442,2-1,2,#dfb0d6
AD-10,Need to Change,Need to Change marks,Composite (LST+NO2+NDVI),265.0,0.642,3-3,265,#3b4994
V-10,Need to Change,Need to Change marks,Composite (LST+NO2+NDVI),156.0,0.838,3-3,156,#3b4994
J-19,Need to Change,Need to Change marks,Composite (LST+NO2+NDVI),,0.474,1-2,0,#ace4e4
V-13,Need to Change,Need to Change marks,Composite (LST+NO2+NDVI),45.0,0.847,3-3,45,#3b4994
Y-2,Need to Change,Need to Change marks,Composite (LST+NO2+NDVI),,0.444,1-1,0,#e8e8e8
U-11,Need to Change,Need to Change marks,Composite (LST+NO2+NDVI),130.0,0.862,3-3,130,#3b4994
Q-10,Need to Change,Need to Change marks,Composite (LST+NO2+NDVI),115.0,0.755,3-3,115,#3b4994
AI-16,Need to Change,Need to Change marks,Composite (LST+NO2+NDVI),1.0,0.322,1-1,1,#e8e8e8
M-12,Need to Change,Need to Change marks,Composite (LST+NO2+NDVI),28.0,0.526,3-2,28,#8c62aa
R-18,Need to Change,Need to Change marks,Composite (LST+NO2+NDVI),11.0,0.567,2-2,11,#a5b4c2
Q-18,Need to Change,Need to Change marks,Composite (LST+NO2+NDVI),7.0,0.606,2-3,7,#5698b9
R-19,Need to Change,Need to Change marks,Composite (LST+NO2+NDVI),20.0,0.577,3-2,20,#8c62aa
AF-19,Need to Change,Need to Change marks,Composite (LST+NO2+NDVI),1.0,0.332,1-1,1,#e8e8e8
Z-19,Need to Change,Need to Change marks,Composite (LST+NO2+NDVI),3.0,0.534,2-2,3,#a5b4c2
H-15,Need to Change,Need to Change marks,Composite (LST+NO2+NDVI),13.0,0.598,2-3,13,#5698b9
M-25,Need to Change,Need to Change marks,Composite (LST+NO2+NDVI),,0.297,1-1,0,#e8e8e8
AB-12,Need to Change,Need to Change marks,Composite (LST+NO2+NDVI),5.0,0.75,2-3,5,#5698b9
AI-15,Need to Change,Need to Change marks,Composite (LST+NO2+NDVI),1.0,0.361,1-1,1,#e8e8e8
R-8,Need to Change,Need to Change marks,Composite (LST+NO2+NDVI),33.0,0.531,3-2,33,#8c62aa
R-13,Need to Change,Need to Change marks,Composite (LST+NO2+NDVI),118.0,0.882,3-3,118,#3b4994
V-4,Need to Change,Need to Change marks,Composite (LST+NO2+NDVI),,0.52,1-2,0,#ace4e4
Q-11,Need to Change,Need to Change marks,Composite (LST+NO2+NDVI),32.0,0.703,3-3,32,#3b4994
H-14,Need to Change,Need to Change marks,Composite (LST+NO2+NDVI),24.0,0.499,3-2,24,#8c62aa
Y-19,Need to Change,Need to Change marks,Composite (LST+NO2+NDVI),1.0,0.494,1-2,1,#ace4e4
W-19,Need to Change,Need to Change marks,Composite (LST+NO2+NDVI),10.0,0.66,2-3,10,#5698b9
AK-13,Need to Change,Need to Change marks,Composite (LST+NO2+NDVI),4.0,0.383,2-1,4,#dfb0d6
W-12,Need to Change,Need to Change marks,Composite (LST+NO2+NDVI),33.0,0.743,3-3,33,#3b4994
U-14,Need to Change,Need to Change marks,Composite (LST+NO2+NDVI),85.0,0.819,3-3,85,#3b4994
W-9,Need to Change,Need to Change marks,Composite (LST+NO2+NDVI),246.0,0.778,3-3,246,#3b4994
AN-13,Need to Change,Need to Change marks,Composite (LST+NO2+NDVI),,0.12,1-1,0,#e8e8e8
AF-18,Need to Change,Need to Change marks,Composite (LST+NO2+NDVI),3.0,0.401,2-1,3,#dfb0d6
O-20,Need to Change,Need to Change marks,Composite (LST+NO2+NDVI),2.0,0.533,2-2,2,#a5b4c2
T-10,Need to Change,Need to Change marks,Composite (LST+NO2+NDVI),185.0,0.847,3-3,185,#3b4994
AB-8,Need to Change,Need to Change marks,Composite (LST+NO2+NDVI),,0.665,1-3,0,#5ac8c8
N-25,Need to Change,Need to Change marks,Composite (LST+NO2+NDVI),,0.334,1-1,0,#e8e8e8
U-6,Need to Change,Need to Change marks,Composite (LST+NO2+NDVI),39.0,0.691,3-3,39,#3b4994
X-8,Need to Change,Need to Change marks,Composite (LST+NO2+NDVI),51.0,0.664,3-3,51,#3b4994
I-17,Need to Change,Need to Change marks,Composite (LST+NO2+NDVI),1.0,0.533,1-2,1,#ace4e4
V-19,Need to Change,Need to Change marks,Composite (LST+NO2+NDVI),31.0,0.632,3-3,31,#3b4994
S-24,Need to Change,Need to Change marks,Composite (LST+NO2+NDVI),,0.227,1-1,0,#e8e8e8
K-25,Need to Change,Need to Change marks,Composite (LST+NO2+NDVI),,0.403,1-1,0,#e8e8e8
AF-15,Need to Change,Need to Change marks,Composite (LST+NO2+NDVI),1.0,0.435,1-1,1,#e8e8e8
Z-14,Need to Change,Need to Change marks,Composite (LST+NO2+NDVI),27.0,0.675,3-3,27,#3b4994
M-17,Need to Change,Need to Change marks,Composite (LST+NO2+NDVI),1.0,0.457,1-1,1,#e8e8e8
Y-14,Need to Change,Need to Change marks,Composite (LST+NO2+NDVI),60.0,0.745,3-3,60,#3b4994
Z-21,Need to Change,Need to Change marks,Composite (LST+NO2+NDVI),1.0,0.512,1-2,1,#ace4e4
AD-4,Need to Change,Need to Change marks,Composite (LST+NO2+NDVI),,0.368,1-1,0,#e8e8e8
AD-18,Need to Change,Need to Change marks,Composite (LST+NO2+NDVI),,0.37,1-1,0,#e8e8e8
Y-4,Need to Change,Need to Change marks,Composite (LST+NO2+NDVI),,0.518,1-2,0,#ace4e4
N-5,Need to Change,Need to Change marks,Composite (LST+NO2+NDVI),,0.326,1-1,0,#e8e8e8
M-19,Need to Change,Need to Change marks,Composite (LST+NO2+NDVI),,0.523,1-2,0,#ace4e4
AK-14,Need to Change,Need to Change marks,Composite (LST+NO2+NDVI),,0.388,1-1,0,#e8e8e8
Y-8,Traffic Hazard,Traffic hazard marks,Imperviousness (IMD),35.0,51.43,3-3,35,#3b4994
S-9,Traffic Hazard,Traffic hazard marks,Imperviousness (IMD),2.0,23.4,2-2,2,#a5b4c2
AJ-14,Traffic Hazard,Traffic hazard marks,Imperviousness (IMD),8.0,20.57,2-2,8,#a5b4c2
T-6,Traffic Hazard,Traffic hazard marks,Imperviousness (IMD),12.0,34.18,3-2,12,#8c62aa
P-25,Traffic Hazard,Traffic hazard marks,Imperviousness (IMD),,22.46,1-2,0,#ace4e4
V-17,Traffic Hazard,Traffic hazard marks,Imperviousness (IMD),8.0,19.17,2-2,8,#a5b4c2
Z-11,Traffic Hazard,Traffic hazard marks,Imperviousness (IMD),9.0,22.6,2-2,9,#a5b4c2
X-19,Traffic Hazard,Traffic hazard marks,Imperviousness (IMD),2.0,32.89,2-2,2,#a5b4c2
AE-17,Traffic Hazard,Traffic hazard marks,Imperviousness (IMD),,15.03,1-2,0,#ace4e4
Z-7,Traffic Hazard,Traffic hazard marks,Imperviousness (IMD),41.0,63.67,3-3,41,#3b4994
R-9,Traffic Hazard,Traffic hazard marks,Imperviousness (IMD),8.0,34.68,2-2,8,#a5b4c2
AB-10,Traffic Hazard,Traffic hazard marks,Imperviousness (IMD),93.0,43.92,3-3,93,#3b4994
AJ-12,Traffic Hazard,Traffic hazard marks,Imperviousness (IMD),1.0,21.67,1-2,1,#ace4e4
M-24,Traffic Hazard,Traffic hazard marks,Imperviousness (IMD),,2.91,1-1,0,#e8e8e8
M-13,Traffic Hazard,Traffic hazard marks,Imperviousness (IMD),2.0,33.37,2-2,2,#a5b4c2
R-20,Traffic Hazard,Traffic hazard marks,Imperviousness (IMD),76.0,65.41,3-3,76,#3b4994
AB-18,Traffic Hazard,Traffic hazard marks,Imperviousness (IMD),5.0,7.51,2-1,5,#dfb0d6
Y-13,Traffic Hazard,Traffic hazard marks,Imperviousness (IMD),45.0,61.64,3-3,45,#3b4994
U-19,Traffic Hazard,Traffic hazard marks,Imperviousness (IMD),103.0,54.18,3-3,103,#3b4994
K-16,Traffic Hazard,Traffic hazard marks,Imperviousness (IMD),16.0,56.51,3-3,16,#3b4994
X-13,Traffic Hazard,Traffic hazard marks,Imperviousness (IMD),52.0,65.24,3-3,52,#3b4994
L-25,Traffic Hazard,Traffic hazard marks,Imperviousness (IMD),,3.03,1-1,0,#e8e8e8
U-20,Traffic Hazard,Traffic hazard marks,Imperviousness (IMD),7.0,6.18,2-1,7,#dfb0d6
P-17,Traffic Hazard,Traffic hazard marks,Imperviousness (IMD),15.0,46.27,3-3,15,#3b4994
I-14,Traffic Hazard,Traffic hazard marks,Imperviousness (IMD),20.0,62.81,3-3,20,#3b4994
AH-15,Traffic Hazard,Traffic hazard marks,Imperviousness (IMD),2.0,3.99,2-1,2,#dfb0d6
I-7,Traffic Hazard,Traffic hazard marks,Imperviousness (IMD),,7.19,1-1,0,#e8e8e8
G-8,Traffic Hazard,Traffic hazard marks,Imperviousness (IMD),,43.78,1-3,0,#5ac8c8
X-3,Traffic Hazard,Traffic hazard marks,Imperviousness (IMD),8.0,19.5,2-2,8,#a5b4c2
O-11,Traffic Hazard,Traffic hazard marks,Imperviousness (IMD),41.0,61.2,3-3,41,#3b4994
Q-15,Traffic Hazard,Traffic hazard marks,Imperviousness (IMD),,10.4,1-1,0,#e8e8e8
Q-8,Traffic Hazard,Traffic hazard marks,Imperviousness (IMD),4.0,35.88,2-3,4,#5698b9
U-8,Traffic Hazard,Traffic hazard marks,Imperviousness (IMD),55.0,41.01,3-3,55,#3b4994
I-8,Traffic Hazard,Traffic hazard marks,Imperviousness (IMD),,18.06,1-2,0,#ace4e4
L-10,Traffic Hazard,Traffic hazard marks,Imperviousness (IMD),,5.46,1-1,0,#e8e8e8
AE-15,Traffic Hazard,Traffic hazard marks,Imperviousness (IMD),2.0,14.97,2-2,2,#a5b4c2
AE-16,Traffic Hazard,Traffic hazard marks,Imperviousness (IMD),5.0,77.61,2-3,5,#5698b9
AD-9,Traffic Hazard,Traffic hazard marks,Imperviousness (IMD),102.0,32.47,3-2,102,#8c62aa
G-12,Traffic Hazard,Traffic hazard marks,Imperviousness (IMD),,0.0,1-1,0,#e8e8e8
Z-16,Traffic Hazard,Traffic hazard marks,Imperviousness (IMD),20.0,30.38,3-2,20,#8c62aa
W-3,Traffic Hazard,Traffic hazard marks,Imperviousness (IMD),12.0,17.24,3-2,12,#8c62aa
U-22,Traffic Hazard,Traffic hazard marks,Imperviousness (IMD),,7.13,1-1,0,#e8e8e8
AK-7,Traffic Hazard,Traffic hazard marks,Imperviousness (IMD),,0.0,1-1,0,#e8e8e8
J-17,Traffic Hazard,Traffic hazard marks,Imperviousness (IMD),5.0,49.31,2-3,5,#5698b9
AF-12,Traffic Hazard,Traffic hazard marks,Imperviousness (IMD),2.0,20.97,2-2,2,#a5b4c2
L-22,Traffic Hazard,Traffic hazard marks,Imperviousness (IMD),,0.08,1-1,0,#e8e8e8
P-7,Traffic Hazard,Traffic hazard marks,Imperviousness (IMD),2.0,33.99,2-2,2,#a5b4c2
AF-20,Traffic Hazard,Traffic hazard marks,Imperviousness (IMD),,0.0,1-1,0,#e8e8e8
AI-7,Traffic Hazard,Traffic hazard marks,Imperviousness (IMD),1.0,23.89,1-2,1,#ace4e4
AK-16,Traffic Hazard,Traffic hazard marks,Imperviousness (IMD),,0.05,1-1,0,#e8e8e8
AM-11,Traffic Hazard,Traffic hazard marks,Imperviousness (IMD),,0.2,1-1,0,#e8e8e8
S-21,Traffic Hazard,Traffic hazard marks,Imperviousness (IMD),2.0,7.56,2-1,2,#dfb0d6
W-13,Traffic Hazard,Traffic hazard marks,Imperviousness (IMD),42.0,66.0,3-3,42,#3b4994
AI-14,Traffic Hazard,Traffic hazard marks,Imperviousness (IMD),5.0,8.5,2-1,5,#dfb0d6
K-11,Traffic Hazard,Traffic hazard marks,Imperviousness (IMD),11.0,58.73,2-3,11,#5698b9
S-6,Traffic Hazard,Traffic hazard marks,Imperviousness (IMD),4.0,30.29,2-2,4,#a5b4c2
R-17,Traffic Hazard,Traffic hazard marks,Imperviousness (IMD),27.0,49.12,3-3,27,#3b4994
S-5,Traffic Hazard,Traffic hazard marks,Imperviousness (IMD),1.0,10.43,1-2,1,#ace4e4
Z-17,Traffic Hazard,Traffic hazard marks,Imperviousness (IMD),33.0,59.77,3-3,33,#3b4994
AD-6,Traffic Hazard,Traffic hazard marks,Imperviousness (IMD),1.0,2.65,1-1,1,#e8e8e8
N-7,Traffic Hazard,Traffic hazard marks,Imperviousness (IMD),,2.35,1-1,0,#e8e8e8
H-8,Traffic Hazard,Traffic hazard marks,Imperviousness (IMD),,12.55,1-2,0,#ace4e4
AB-17,Traffic Hazard,Traffic hazard marks,Imperviousness (IMD),37.0,12.87,3-2,37,#8c62aa
X-9,Traffic Hazard,Traffic hazard marks,Imperviousness (IMD),12.0,29.47,3-2,12,#8c62aa
L-13,Traffic Hazard,Traffic hazard marks,Imperviousness (IMD),34.0,36.47,3-3,34,#3b4994
Z-8,Traffic Hazard,Traffic hazard marks,Imperviousness (IMD),15.0,26.65,3-2,15,#8c62aa
Z-6,Traffic Hazard,Traffic hazard marks,Imperviousness (IMD),145.0,68.38,3-3,145,#3b4994
L-20,Traffic Hazard,Traffic hazard marks,Imperviousness (IMD),,3.0,1-1,0,#e8e8e8
K-23,Traffic Hazard,Traffic hazard marks,Imperviousness (IMD),,0.0,1-1,0,#e8e8e8
AD-15,Traffic Hazard,Traffic hazard marks,Imperviousness (IMD),35.0,12.44,3-2,35,#8c62aa
F-15,Traffic Hazard,Traffic hazard marks,Imperviousness (IMD),1.0,0.04,1-1,1,#e8e8e8
AA-20,Traffic Hazard,Traffic hazard marks,Imperviousness (IMD),,0.4,1-1,0,#e8e8e8
V-7,Traffic Hazard,Traffic hazard marks,Imperviousness (IMD),5.0,30.16,2-2,5,#a5b4c2
AA-15,Traffic Hazard,Traffic hazard marks,Imperviousness (IMD),29.0,49.32,3-3,29,#3b4994
R-21,Traffic Hazard,Traffic hazard marks,Imperviousness (IMD),19.0,47.13,3-3,19,#3b4994
AA-18,Traffic Hazard,Traffic hazard marks,Imperviousness (IMD),2.0,19.48,2-2,2,#a5b4c2
O-15,Traffic Hazard,Traffic hazard marks,Imperviousness (IMD),1.0,17.73,1-2,1,#ace4e4
T-21,Traffic Hazard,Traffic hazard marks,Imperviousness (IMD),9.0,6.99,2-1,9,#dfb0d6
L-11,Traffic Hazard,Traffic hazard marks,Imperviousness (IMD),7.0,32.57,2-2,7,#a5b4c2
X-15,Traffic Hazard,Traffic hazard marks,Imperviousness (IMD),18.0,51.47,3-3,18,#3b4994
I-9,Traffic Hazard,Traffic hazard marks,Imperviousness (IMD),3.0,5.12,2-1,3,#dfb0d6
O-24,Traffic Hazard,Traffic hazard marks,Imperviousness (IMD),,15.97,1-2,0,#ace4e4
AI-12,Traffic Hazard,Traffic hazard marks,Imperviousness (IMD),3.0,5.95,2-1,3,#dfb0d6
L-23,Traffic Hazard,Traffic hazard marks,Imperviousness (IMD),,1.49,1-1,0,#e8e8e8
J-7,Traffic Hazard,Traffic hazard marks,Imperviousness (IMD),,0.2,1-1,0,#e8e8e8
AI-13,Traffic Hazard,Traffic hazard marks,Imperviousness (IMD),1.0,2.06,1-1,1,#e8e8e8
AH-13,Traffic Hazard,Traffic hazard marks,Imperviousness (IMD),,2.81,1-1,0,#e8e8e8
AA-16,Traffic Hazard,Traffic hazard marks,Imperviousness (IMD),8.0,11.43,2-2,8,#a5b4c2
N-14,Traffic Hazard,Traffic hazard marks,Imperviousness (IMD),24.0,28.12,3-2,24,#8c62aa
V-18,Traffic Hazard,Traffic hazard marks,Imperviousness (IMD),4.0,23.29,2-2,4,#a5b4c2
N-23,Traffic Hazard,Traffic hazard marks,Imperviousness (IMD),9.0,16.18,2-2,9,#a5b4c2
Q-17,Traffic Hazard,Traffic hazard marks,Imperviousness (IMD),11.0,31.57,2-2,11,#a5b4c2
AK-18,Traffic Hazard,Traffic hazard marks,Imperviousness (IMD),,2.5,1-1,0,#e8e8e8
I-11,Traffic Hazard,Traffic hazard marks,Imperviousness (IMD),2.0,10.11,2-1,2,#dfb0d6
N-8,Traffic Hazard,Traffic hazard marks,Imperviousness (IMD),,0.1,1-1,0,#e8e8e8
AA-12,Traffic Hazard,Traffic hazard marks,Imperviousness (IMD),2.0,63.24,2-3,2,#5698b9
AE-13,Traffic Hazard,Traffic hazard marks,Imperviousness (IMD),2.0,0.43,2-1,2,#dfb0d6
S-23,Traffic Hazard,Traffic hazard marks,Imperviousness (IMD),23.0,16.93,3-2,23,#8c62aa
H-13,Traffic Hazard,Traffic hazard marks,Imperviousness (IMD),,8.3,1-1,0,#e8e8e8
AC-11,Traffic Hazard,Traffic hazard marks,Imperviousness (IMD),35.0,43.77,3-3,35,#3b4994
T-11,Traffic Hazard,Traffic hazard marks,Imperviousness (IMD),96.0,74.43,3-3,96,#3b4994
F-14,Traffic Hazard,Traffic hazard marks,Imperviousness (IMD),,1.84,1-1,0,#e8e8e8
Z-15,Traffic Hazard,Traffic hazard marks,Imperviousness (IMD),26.0,49.53,3-3,26,#3b4994
J-15,Traffic Hazard,Traffic hazard marks,Imperviousness (IMD),3.0,40.15,2-3,3,#5698b9
K-7,Traffic Hazard,Traffic hazard marks,Imperviousness (IMD),,0.0,1-1,0,#e8e8e8
Y-10,Traffic Hazard,Traffic hazard marks,Imperviousness (IMD),11.0,55.6,2-3,11,#5698b9
AD-12,Traffic Hazard,Traffic hazard marks,Imperviousness (IMD),53.0,38.51,3-3,53,#3b4994
E-10,Traffic Hazard,Traffic hazard marks,Imperviousness (IMD),,0.0,1-1,0,#e8e8e8
U-15,Traffic Hazard,Traffic hazard marks,Imperviousness (IMD),47.0,64.89,3-3,47,#3b4994
L-14,Traffic Hazard,Traffic hazard marks,Imperviousness (IMD),6.0,17.41,2-2,6,#a5b4c2
AE-5,Traffic Hazard,Traffic hazard marks,Imperviousness (IMD),2.0,47.04,2-3,2,#5698b9
AH-7,Traffic Hazard,Traffic hazard marks,Imperviousness (IMD),,5.29,1-1,0,#e8e8e8
AA-17,Traffic Hazard,Traffic hazard marks,Imperviousness (IMD),88.0,59.08,3-3,88,#3b4994
R-15,Traffic Hazard,Traffic hazard marks,Imperviousness (IMD),35.0,51.61,3-3,35,#3b4994
AA-10,Traffic Hazard,Traffic hazard marks,Imperviousness (IMD),10.0,26.66,2-2,10,#a5b4c2
U-13,Traffic Hazard,Traffic hazard marks,Imperviousness (IMD),72.0,66.16,3-3,72,#3b4994
AJ-8,Traffic Hazard,Traffic hazard marks,Imperviousness (IMD),,1.22,1-1,0,#e8e8e8
Y-3,Traffic Hazard,Traffic hazard marks,Imperviousness (IMD),,0.01,1-1,0,#e8e8e8
P-18,Traffic Hazard,Traffic hazard marks,Imperviousness (IMD),,15.82,1-2,0,#ace4e4
L-18,Traffic Hazard,Traffic hazard marks,Imperviousness (IMD),,2.22,1-1,0,#e8e8e8
AL-19,Traffic Hazard,Traffic hazard marks,Imperviousness (IMD),,0.09,1-1,0,#e8e8e8
I-13,Traffic Hazard,Traffic hazard marks,Imperviousness (IMD),43.0,47.01,3-3,43,#3b4994
M-16,Traffic Hazard,Traffic hazard marks,Imperviousness (IMD),12.0,22.54,3-2,12,#8c62aa
S-17,Traffic Hazard,Traffic hazard marks,Imperviousness (IMD),10.0,36.29,2-3,10,#5698b9
W-10,Traffic Hazard,Traffic hazard marks,Imperviousness (IMD),29.0,50.5,3-3,29,#3b4994
W-8,Traffic Hazard,Traffic hazard marks,Imperviousness (IMD),23.0,45.39,3-3,23,#3b4994
T-12,Traffic Hazard,Traffic hazard marks,Imperviousness (IMD),131.0,74.22,3-3,131,#3b4994
AG-7,Traffic Hazard,Traffic hazard marks,Imperviousness (IMD),,8.94,1-1,0,#e8e8e8
X-11,Traffic Hazard,Traffic hazard marks,Imperviousness (IMD),42.0,56.68,3-3,42,#3b4994
I-18,Traffic Hazard,Traffic hazard marks,Imperviousness (IMD),,29.18,1-2,0,#ace4e4
O-6,Traffic Hazard,Traffic hazard marks,Imperviousness (IMD),8.0,32.49,2-2,8,#a5b4c2
T-22,Traffic Hazard,Traffic hazard marks,Imperviousness (IMD),1.0,7.87,1-1,1,#e8e8e8
O-23,Traffic Hazard,Traffic hazard marks,Imperviousness (IMD),8.0,17.51,2-2,8,#a5b4c2
K-8,Traffic Hazard,Traffic hazard marks,Imperviousness (IMD),1.0,5.18,1-1,1,#e8e8e8
AE-12,Traffic Hazard,Traffic hazard marks,Imperviousness (IMD),,11.11,1-2,0,#ace4e4
Q-26,Traffic Hazard,Traffic hazard marks,Imperviousness (IMD),,7.56,1-1,0,#e8e8e8
AH-14,Traffic Hazard,Traffic hazard marks,Imperviousness (IMD),1.0,0.18,1-1,1,#e8e8e8
M-15,Traffic Hazard,Traffic hazard marks,Imperviousness (IMD),42.0,61.46,3-3,42,#3b4994
G-15,Traffic Hazard,Traffic hazard marks,Imperviousness (IMD),1.0,24.74,1-2,1,#ace4e4
E-14,Traffic Hazard,Traffic hazard marks,Imperviousness (IMD),,0.03,1-1,0,#e8e8e8
O-26,Traffic Hazard,Traffic hazard marks,Imperviousness (IMD),,9.64,1-1,0,#e8e8e8
AA-9,Traffic Hazard,Traffic hazard marks,Imperviousness (IMD),87.0,58.68,3-3,87,#3b4994
W-5,Traffic Hazard,Traffic hazard marks,Imperviousness (IMD),,31.52,1-2,0,#ace4e4
Z-13,Traffic Hazard,Traffic hazard marks,Imperviousness (IMD),6.0,53.72,2-3,6,#5698b9
AG-14,Traffic Hazard,Traffic hazard marks,Imperviousness (IMD),2.0,0.02,2-1,2,#dfb0d6
W-18,Traffic Hazard,Traffic hazard marks,Imperviousness (IMD),1.0,5.89,1-1,1,#e8e8e8
W-11,Traffic Hazard,Traffic hazard marks,Imperviousness (IMD),86.0,72.05,3-3,86,#3b4994
AH-21,Traffic Hazard,Traffic hazard marks,Imperviousness (IMD),,9.63,1-1,0,#e8e8e8
AG-9,Traffic Hazard,Traffic hazard marks,Imperviousness (IMD),8.0,53.3,2-3,8,#5698b9
X-12,Traffic Hazard,Traffic hazard marks,Imperviousness (IMD),21.0,57.11,3-3,21,#3b4994
AD-20,Traffic Hazard,Traffic hazard marks,Imperviousness (IMD),,13.89,1-2,0,#ace4e4
Y-18,Traffic Hazard,Traffic hazard marks,Imperviousness (IMD),115.0,28.58,3-2,115,#8c62aa
R-23,Traffic Hazard,Traffic hazard marks,Imperviousness (IMD),1.0,0.26,1-1,1,#e8e8e8
Y-12,Traffic Hazard,Traffic hazard marks,Imperviousness (IMD),55.0,59.76,3-3,55,#3b4994
P-22,Traffic Hazard,Traffic hazard marks,Imperviousness (IMD),3.0,10.85,2-2,3,#a5b4c2
AC-6,Traffic Hazard,Traffic hazard marks,Imperviousness (IMD),3.0,24.48,2-2,3,#a5b4c2
AJ-15,Traffic Hazard,Traffic hazard marks,Imperviousness (IMD),,1.18,1-1,0,#e8e8e8
J-14,Traffic Hazard,Traffic hazard marks,Imperviousness (IMD),81.0,63.57,3-3,81,#3b4994
Q-13,Traffic Hazard,Traffic hazard marks,Imperviousness (IMD),113.0,63.43,3-3,113,#3b4994
AE-14,Traffic Hazard,Traffic hazard marks,Imperviousness (IMD),10.0,24.71,2-2,10,#a5b4c2
L-21,Traffic Hazard,Traffic hazard marks,Imperviousness (IMD),1.0,13.24,1-2,1,#ace4e4
AH-9,Traffic Hazard,Traffic hazard marks,Imperviousness (IMD),24.0,63.07,3-3,24,#3b4994
P-21,Traffic Hazard,Traffic hazard marks,Imperviousness (IMD),1.0,10.77,1-2,1,#ace4e4
AH-19,Traffic Hazard,Traffic hazard marks,Imperviousness (IMD),,22.75,1-2,0,#ace4e4
T-17,Traffic Hazard,Traffic hazard marks,Imperviousness (IMD),6.0,47.25,2-3,6,#5698b9
J-8,Traffic Hazard,Traffic hazard marks,Imperviousness (IMD),,2.34,1-1,0,#e8e8e8
AF-9,Traffic Hazard,Traffic hazard marks,Imperviousness (IMD),37.0,48.15,3-3,37,#3b4994
AC-10,Traffic Hazard,Traffic hazard marks,Imperviousness (IMD),31.0,15.37,3-2,31,#8c62aa
Z-3,Traffic Hazard,Traffic hazard marks,Imperviousness (IMD),1.0,3.06,1-1,1,#e8e8e8
U-4,Traffic Hazard,Traffic hazard marks,Imperviousness (IMD),7.0,8.55,2-1,7,#dfb0d6
AE-18,Traffic Hazard,Traffic hazard marks,Imperviousness (IMD),3.0,14.92,2-2,3,#a5b4c2
M-20,Traffic Hazard,Traffic hazard marks,Imperviousness (IMD),1.0,15.97,1-2,1,#ace4e4
Q-6,Traffic Hazard,Traffic hazard marks,Imperviousness (IMD),1.0,6.3,1-1,1,#e8e8e8
L-24,Traffic Hazard,Traffic hazard marks,Imperviousness (IMD),,3.16,1-1,0,#e8e8e8
AA-3,Traffic Hazard,Traffic hazard marks,Imperviousness (IMD),7.0,12.02,2-2,7,#a5b4c2
AD-11,Traffic Hazard,Traffic hazard marks,Imperviousness (IMD),18.0,16.95,3-2,18,#8c62aa
X-10,Traffic Hazard,Traffic hazard marks,Imperviousness (IMD),23.0,83.06,3-3,23,#3b4994
K-21,Traffic Hazard,Traffic hazard marks,Imperviousness (IMD),,0.07,1-1,0,#e8e8e8
V-24,Traffic Hazard,Traffic hazard marks,Imperviousness (IMD),,2.71,1-1,0,#e8e8e8
N-19,Traffic Hazard,Traffic hazard marks,Imperviousness (IMD),,22.94,1-2,0,#ace4e4
G-16,Traffic Hazard,Traffic hazard marks,Imperviousness (IMD),,12.87,1-2,0,#ace4e4
U-16,Traffic Hazard,Traffic hazard marks,Imperviousness (IMD),34.0,54.17,3-3,34,#3b4994
Z-12,Traffic Hazard,Traffic hazard marks,Imperviousness (IMD),13.0,55.21,3-3,13,#3b4994
M-9,Traffic Hazard,Traffic hazard marks,Imperviousness (IMD),6.0,9.44,2-1,6,#dfb0d6
J-16,Traffic Hazard,Traffic hazard marks,Imperviousness (IMD),18.0,40.4,3-3,18,#3b4994
G-10,Traffic Hazard,Traffic hazard marks,Imperviousness (IMD),,21.33,1-2,0,#ace4e4
AB-14,Traffic Hazard,Traffic hazard marks,Imperviousness (IMD),15.0,75.67,3-3,15,#3b4994
AH-8,Traffic Hazard,Traffic hazard marks,Imperviousness (IMD),5.0,75.23,2-3,5,#5698b9
L-16,Traffic Hazard,Traffic hazard marks,Imperviousness (IMD),47.0,46.01,3-3,47,#3b4994
AI-8,Traffic Hazard,Traffic hazard marks,Imperviousness (IMD),23.0,35.52,3-3,23,#3b4994
AL-11,Traffic Hazard,Traffic hazard marks,Imperviousness (IMD),1.0,21.94,1-2,1,#ace4e4
AF-11,Traffic Hazard,Traffic hazard marks,Imperviousness (IMD),6.0,5.64,2-1,6,#dfb0d6
K-20,Traffic Hazard,Traffic hazard marks,Imperviousness (IMD),1.0,3.12,1-1,1,#e8e8e8
M-8,Traffic Hazard,Traffic hazard marks,Imperviousness (IMD),,10.27,1-1,0,#e8e8e8
AA-2,Traffic Hazard,Traffic hazard marks,Imperviousness (IMD),,0.99,1-1,0,#e8e8e8
AF-6,Traffic Hazard,Traffic hazard marks,Imperviousness (IMD),,3.43,1-1,0,#e8e8e8
AB-6,Traffic Hazard,Traffic hazard marks,Imperviousness (IMD),4.0,6.95,2-1,4,#dfb0d6
AB-16,Traffic Hazard,Traffic hazard marks,Imperviousness (IMD),14.0,19.19,3-2,14,#8c62aa
S-19,Traffic Hazard,Traffic hazard marks,Imperviousness (IMD),22.0,46.81,3-3,22,#3b4994
AG-8,Traffic Hazard,Traffic hazard marks,Imperviousness (IMD),18.0,84.5,3-3,18,#3b4994
Q-20,Traffic Hazard,Traffic hazard marks,Imperviousness (IMD),51.0,28.52,3-2,51,#8c62aa
AA-5,Traffic Hazard,Traffic hazard marks,Imperviousness (IMD),4.0,41.62,2-3,4,#5698b9
S-11,Traffic Hazard,Traffic hazard marks,Imperviousness (IMD),71.0,97.03,3-3,71,#3b4994
J-10,Traffic Hazard,Traffic hazard marks,Imperviousness (IMD),,0.0,1-1,0,#e8e8e8
I-20,Traffic Hazard,Traffic hazard marks,Imperviousness (IMD),,16.36,1-2,0,#ace4e4
AI-11,Traffic Hazard,Traffic hazard marks,Imperviousness (IMD),,5.42,1-1,0,#e8e8e8
Y-7,Traffic Hazard,Traffic hazard marks,Imperviousness (IMD),11.0,39.25,2-3,11,#5698b9
AL-17,Traffic Hazard,Traffic hazard marks,Imperviousness (IMD),,22.56,1-2,0,#ace4e4
AB-11,Traffic Hazard,Traffic hazard marks,Imperviousness (IMD),49.0,39.77,3-3,49,#3b4994
R-5,Traffic Hazard,Traffic hazard marks,Imperviousness (IMD),,0.0,1-1,0,#e8e8e8
R-6,Traffic Hazard,Traffic hazard marks,Imperviousness (IMD),,3.62,1-1,0,#e8e8e8
Q-7,Traffic Hazard,Traffic hazard marks,Imperviousness (IMD),1.0,23.7,1-2,1,#ace4e4
Y-5,Traffic Hazard,Traffic hazard marks,Imperviousness (IMD),35.0,26.48,3-2,35,#8c62aa
AD-19,Traffic Hazard,Traffic hazard marks,Imperviousness (IMD),,1.03,1-1,0,#e8e8e8
T-9,Traffic Hazard,Traffic hazard marks,Imperviousness (IMD),26.0,49.71,3-3,26,#3b4994
N-17,Traffic Hazard,Traffic hazard marks,Imperviousness (IMD),1.0,8.63,1-1,1,#e8e8e8
AJ-21,Traffic Hazard,Traffic hazard marks,Imperviousness (IMD),,0.08,1-1,0,#e8e8e8
T-14,Traffic Hazard,Traffic hazard marks,Imperviousness (IMD),49.0,71.11,3-3,49,#3b4994
U-21,Traffic Hazard,Traffic hazard marks,Imperviousness (IMD),5.0,9.62,2-1,5,#dfb0d6
J-18,Traffic Hazard,Traffic hazard marks,Imperviousness (IMD),,14.46,1-2,0,#ace4e4
K-18,Traffic Hazard,Traffic hazard marks,Imperviousness (IMD),,2.18,1-1,0,#e8e8e8
E-9,Traffic Hazard,Traffic hazard marks,Imperviousness (IMD),,26.18,1-2,0,#ace4e4
K-19,Traffic Hazard,Traffic hazard marks,Imperviousness (IMD),,1.05,1-1,0,#e8e8e8
AC-15,Traffic Hazard,Traffic hazard marks,Imperviousness (IMD),16.0,36.99,3-3,16,#3b4994
F-10,Traffic Hazard,Traffic hazard marks,Imperviousness (IMD),,30.39,1-2,0,#ace4e4
K-13,Traffic Hazard,Traffic hazard marks,Imperviousness (IMD),31.0,31.07,3-2,31,#8c62aa
U-17,Traffic Hazard,Traffic hazard marks,Imperviousness (IMD),42.0,45.04,3-3,42,#3b4994
Q-22,Traffic Hazard,Traffic hazard marks,Imperviousness (IMD),7.0,16.15,2-2,7,#a5b4c2
V-8,Traffic Hazard,Traffic hazard marks,Imperviousness (IMD),62.0,56.08,3-3,62,#3b4994
V-16,Traffic Hazard,Traffic hazard marks,Imperviousness (IMD),38.0,70.93,3-3,38,#3b4994
AG-16,Traffic Hazard,Traffic hazard marks,Imperviousness (IMD),,10.97,1-2,0,#ace4e4
M-21,Traffic Hazard,Traffic hazard marks,Imperviousness (IMD),1.0,9.98,1-1,1,#e8e8e8
O-16,Traffic Hazard,Traffic hazard marks,Imperviousness (IMD),1.0,14.63,1-2,1,#ace4e4
AK-20,Traffic Hazard,Traffic hazard marks,Imperviousness (IMD),,10.59,1-2,0,#ace4e4
Z-4,Traffic Hazard,Traffic hazard marks,Imperviousness (IMD),4.0,22.07,2-2,4,#a5b4c2
G-9,Traffic Hazard,Traffic hazard marks,Imperviousness (IMD),,80.34,1-3,0,#5ac8c8
AH-12,Traffic Hazard,Traffic hazard marks,Imperviousness (IMD),8.0,28.62,2-2,8,#a5b4c2
AB-4,Traffic Hazard,Traffic hazard marks,Imperviousness (IMD),2.0,15.93,2-2,2,#a5b4c2
W-15,Traffic Hazard,Traffic hazard marks,Imperviousness (IMD),13.0,63.43,3-3,13,#3b4994
K-12,Traffic Hazard,Traffic hazard marks,Imperviousness (IMD),40.0,41.92,3-3,40,#3b4994
R-7,Traffic Hazard,Traffic hazard marks,Imperviousness (IMD),2.0,48.23,2-3,2,#5698b9
AG-20,Traffic Hazard,Traffic hazard marks,Imperviousness (IMD),,1.72,1-1,0,#e8e8e8
AC-14,Traffic Hazard,Traffic hazard marks,Imperviousness (IMD),116.0,40.71,3-3,116,#3b4994
Q-23,Traffic Hazard,Traffic hazard marks,Imperviousness (IMD),10.0,22.56,2-2,10,#a5b4c2
AA-11,Traffic Hazard,Traffic hazard marks,Imperviousness (IMD),3.0,29.37,2-2,3,#a5b4c2
AH-18,Traffic Hazard,Traffic hazard marks,Imperviousness (IMD),,1.11,1-1,0,#e8e8e8
AB-9,Traffic Hazard,Traffic hazard marks,Imperviousness (IMD),21.0,14.27,3-2,21,#8c62aa
AK-17,Traffic Hazard,Traffic hazard marks,Imperviousness (IMD),,0.0,1-1,0,#e8e8e8
T-8,Traffic Hazard,Traffic hazard marks,Imperviousness (IMD),6.0,25.02,2-2,6,#a5b4c2
N-21,Traffic Hazard,Traffic hazard marks,Imperviousness (IMD),,7.02,1-1,0,#e8e8e8
X-17,Traffic Hazard,Traffic hazard marks,Imperviousness (IMD),61.0,66.39,3-3,61,#3b4994
O-12,Traffic Hazard,Traffic hazard marks,Imperviousness (IMD),8.0,39.1,2-3,8,#5698b9
I-16,Traffic Hazard,Traffic hazard marks,Imperviousness (IMD),1.0,7.26,1-1,1,#e8e8e8
R-22,Traffic Hazard,Traffic hazard marks,Imperviousness (IMD),7.0,22.35,2-2,7,#a5b4c2
S-14,Traffic Hazard,Traffic hazard marks,Imperviousness (IMD),57.0,63.56,3-3,57,#3b4994
T-7,Traffic Hazard,Traffic hazard marks,Imperviousness (IMD),12.0,32.27,3-2,12,#8c62aa
V-23,Traffic Hazard,Traffic hazard marks,Imperviousness (IMD),,4.75,1-1,0,#e8e8e8
T-24,Traffic Hazard,Traffic hazard marks,Imperviousness (IMD),1.0,0.79,1-1,1,#e8e8e8
S-13,Traffic Hazard,Traffic hazard marks,Imperviousness (IMD),114.0,63.05,3-3,114,#3b4994
AJ-18,Traffic Hazard,Traffic hazard marks,Imperviousness (IMD),,0.0,1-1,1,#e8e8e8
AK-8,Traffic Hazard,Traffic hazard marks,Imperviousness (IMD),,9.31,1-1,0,#e8e8e8
H-18,Traffic Hazard,Traffic hazard marks,Imperviousness (IMD),,35.28,1-3,0,#5ac8c8
AM-12,Traffic Hazard,Traffic hazard marks,Imperviousness (IMD),,2.78,1-1,0,#e8e8e8
AF-10,Traffic Hazard,Traffic hazard marks,Imperviousness (IMD),9.0,19.49,2-2,9,#a5b4c2
N-13,Traffic Hazard,Traffic hazard marks,Imperviousness (IMD),15.0,29.65,3-2,15,#8c62aa
I-15,Traffic Hazard,Traffic hazard marks,Imperviousness (IMD),4.0,41.44,2-3,4,#5698b9
D-9,Traffic Hazard,Traffic hazard marks,Imperviousness (IMD),,0.0,1-1,0,#e8e8e8
N-15,Traffic Hazard,Traffic hazard marks,Imperviousness (IMD),10.0,44.01,2-3,10,#5698b9
S-7,Traffic Hazard,Traffic hazard marks,Imperviousness (IMD),31.0,45.49,3-3,31,#3b4994
S-12,Traffic Hazard,Traffic hazard marks,Imperviousness (IMD),241.0,93.13,3-3,241,#3b4994
P-19,Traffic Hazard,Traffic hazard marks,Imperviousness (IMD),4.0,20.86,2-2,4,#a5b4c2
L-17,Traffic Hazard,Traffic hazard marks,Imperviousness (IMD),19.0,33.87,3-2,19,#8c62aa
P-11,Traffic Hazard,Traffic hazard marks,Imperviousness (IMD),23.0,51.79,3-3,23,#3b4994
AG-13,Traffic Hazard,Traffic hazard marks,Imperviousness (IMD),,0.43,1-1,0,#e8e8e8
AN-12,Traffic Hazard,Traffic hazard marks,Imperviousness (IMD),,0.29,1-1,0,#e8e8e8
AJ-13,Traffic Hazard,Traffic hazard marks,Imperviousness (IMD),35.0,29.1,3-2,35,#8c62aa
K-15,Traffic Hazard,Traffic hazard marks,Imperviousness (IMD),8.0,52.81,2-3,8,#5698b9
AH-11,Traffic Hazard,Traffic hazard marks,Imperviousness (IMD),7.0,18.07,2-2,7,#a5b4c2
AC-16,Traffic Hazard,Traffic hazard marks,Imperviousness (IMD),10.0,52.33,2-3,10,#5698b9
S-4,Traffic Hazard,Traffic hazard marks,Imperviousness (IMD),,0.21,1-1,0,#e8e8e8
AJ-11,Traffic Hazard,Traffic hazard marks,Imperviousness (IMD),,0.02,1-1,0,#e8e8e8
AC-7,Traffic Hazard,Traffic hazard marks,Imperviousness (IMD),1.0,30.03,1-2,1,#ace4e4
R-10,Traffic Hazard,Traffic hazard marks,Imperviousness (IMD),15.0,40.5,3-3,15,#3b4994
AH-17,Traffic Hazard,Traffic hazard marks,Imperviousness (IMD),,0.38,1-1,0,#e8e8e8
AD-7,Traffic Hazard,Traffic hazard marks,Imperviousness (IMD),1.0,6.76,1-1,1,#e8e8e8
N-22,Traffic Hazard,Traffic hazard marks,Imperviousness (IMD),61.0,57.21,3-3,61,#3b4994
Q-9,Traffic Hazard,Traffic hazard marks,Imperviousness (IMD),64.0,63.28,3-3,64,#3b4994
V-6,Traffic Hazard,Traffic hazard marks,Imperviousness (IMD),,1.93,1-1,0,#e8e8e8
P-16,Traffic Hazard,Traffic hazard marks,Imperviousness (IMD),1.0,4.65,1-1,1,#e8e8e8
AG-19,Traffic Hazard,Traffic hazard marks,Imperviousness (IMD),,14.45,1-2,0,#ace4e4
X-22,Traffic Hazard,Traffic hazard marks,Imperviousness (IMD),,10.67,1-2,0,#ace4e4
O-18,Traffic Hazard,Traffic hazard marks,Imperviousness (IMD),,6.12,1-1,0,#e8e8e8
G-14,Traffic Hazard,Traffic hazard marks,Imperviousness (IMD),2.0,3.03,2-1,2,#dfb0d6
Y-6,Traffic Hazard,Traffic hazard marks,Imperviousness (IMD),49.0,51.98,3-3,49,#3b4994
G-11,Traffic Hazard,Traffic hazard marks,Imperviousness (IMD),,9.32,1-1,0,#e8e8e8
P-10,Traffic Hazard,Traffic hazard marks,Imperviousness (IMD),37.0,50.25,3-3,37,#3b4994
X-4,Traffic Hazard,Traffic hazard marks,Imperviousness (IMD),6.0,12.53,2-2,6,#a5b4c2
O-5,Traffic Hazard,Traffic hazard marks,Imperviousness (IMD),,5.02,1-1,0,#e8e8e8
AB-5,Traffic Hazard,Traffic hazard marks,Imperviousness (IMD),10.0,15.0,2-2,10,#a5b4c2
R-11,Traffic Hazard,Traffic hazard marks,Imperviousness (IMD),88.0,41.53,3-3,88,#3b4994
Q-21,Traffic Hazard,Traffic hazard marks,Imperviousness (IMD),6.0,21.13,2-2,6,#a5b4c2
U-9,Traffic Hazard,Traffic hazard marks,Imperviousness (IMD),47.0,81.27,3-3,47,#3b4994
AA-6,Traffic Hazard,Traffic hazard marks,Imperviousness (IMD),31.0,14.49,3-2,31,#8c62aa
AF-13,Traffic Hazard,Traffic hazard marks,Imperviousness (IMD),,5.38,1-1,0,#e8e8e8
L-9,Traffic Hazard,Traffic hazard marks,Imperviousness (IMD),1.0,28.29,1-2,1,#ace4e4
AM-13,Traffic Hazard,Traffic hazard marks,Imperviousness (IMD),8.0,28.64,2-2,8,#a5b4c2
O-8,Traffic Hazard,Traffic hazard marks,Imperviousness (IMD),,3.74,1-1,0,#e8e8e8
K-14,Traffic Hazard,Traffic hazard marks,Imperviousness (IMD),4.0,54.92,2-3,4,#5698b9
P-9,Traffic Hazard,Traffic hazard marks,Imperviousness (IMD),9.0,50.28,2-3,9,#5698b9
P-12,Traffic Hazard,Traffic hazard marks,Imperviousness (IMD),21.0,53.04,3-3,21,#3b4994
AF-5,Traffic Hazard,Traffic hazard marks,Imperviousness (IMD),2.0,47.33,2-3,2,#5698b9
O-13,Traffic Hazard,Traffic hazard marks,Imperviousness (IMD),38.0,45.56,3-3,38,#3b4994
AI-17,Traffic Hazard,Traffic hazard marks,Imperviousness (IMD),,1.42,1-1,0,#e8e8e8
H-16,Traffic Hazard,Traffic hazard marks,Imperviousness (IMD),,10.18,1-1,0,#e8e8e8
AK-9,Traffic Hazard,Traffic hazard marks,Imperviousness (IMD),,8.41,1-1,0,#e8e8e8
W-22,Traffic Hazard,Traffic hazard marks,Imperviousness (IMD),,1.38,1-1,0,#e8e8e8
AE-8,Traffic Hazard,Traffic hazard marks,Imperviousness (IMD),,10.51,1-2,0,#ace4e4
X-6,Traffic Hazard,Traffic hazard marks,Imperviousness (IMD),1.0,17.9,1-2,1,#ace4e4
H-11,Traffic Hazard,Traffic hazard marks,Imperviousness (IMD),,33.43,1-2,0,#ace4e4
V-12,Traffic Hazard,Traffic hazard marks,Imperviousness (IMD),130.0,51.01,3-3,130,#3b4994
T-20,Traffic Hazard,Traffic hazard marks,Imperviousness (IMD),39.0,10.98,3-2,39,#8c62aa
AO-11,Traffic Hazard,Traffic hazard marks,Imperviousness (IMD),,0.0,1-1,0,#e8e8e8
K-10,Traffic Hazard,Traffic hazard marks,Imperviousness (IMD),2.0,3.43,2-1,2,#dfb0d6
AB-19,Traffic Hazard,Traffic hazard marks,Imperviousness (IMD),2.0,11.72,2-2,2,#a5b4c2
AE-11,Traffic Hazard,Traffic hazard marks,Imperviousness (IMD),66.0,29.13,3-2,66,#8c62aa
Q-16,Traffic Hazard,Traffic hazard marks,Imperviousness (IMD),11.0,34.49,2-2,11,#a5b4c2
Z-18,Traffic Hazard,Traffic hazard marks,Imperviousness (IMD),57.0,53.22,3-3,57,#3b4994
AC-13,Traffic Hazard,Traffic hazard marks,Imperviousness (IMD),21.0,38.61,3-3,21,#3b4994
AE-10,Traffic Hazard,Traffic hazard marks,Imperviousness (IMD),42.0,10.85,3-2,42,#8c62aa
T-5,Traffic Hazard,Traffic hazard marks,Imperviousness (IMD),9.0,15.25,2-2,9,#a5b4c2
P-20,Traffic Hazard,Traffic hazard marks,Imperviousness (IMD),,22.08,1-2,0,#ace4e4
AJ-16,Traffic Hazard,Traffic hazard marks,Imperviousness (IMD),,0.0,1-1,0,#e8e8e8
AG-17,Traffic Hazard,Traffic hazard marks,Imperviousness (IMD),13.0,35.14,3-3,13,#3b4994
T-19,Traffic Hazard,Traffic hazard marks,Imperviousness (IMD),37.0,47.65,3-3,37,#3b4994
I-10,Traffic Hazard,Traffic hazard marks,Imperviousness (IMD),3.0,30.17,2-2,3,#a5b4c2
AL-13,Traffic Hazard,Traffic hazard marks,Imperviousness (IMD),11.0,35.52,2-3,11,#5698b9
T-18,Traffic Hazard,Traffic hazard marks,Imperviousness (IMD),17.0,34.93,3-3,17,#3b4994
Q-24,Traffic Hazard,Traffic hazard marks,Imperviousness (IMD),,21.84,1-2,0,#ace4e4
AJ-17,Traffic Hazard,Traffic hazard marks,Imperviousness (IMD),1.0,0.79,1-1,1,#e8e8e8
W-2,Traffic Hazard,Traffic hazard marks,Imperviousness (IMD),,13.04,1-2,0,#ace4e4
V-11,Traffic Hazard,Traffic hazard marks,Imperviousness (IMD),85.0,55.21,3-3,85,#3b4994
M-23,Traffic Hazard,Traffic hazard marks,Imperviousness (IMD),3.0,6.21,2-1,3,#dfb0d6
H-12,Traffic Hazard,Traffic hazard marks,Imperviousness (IMD),,13.88,1-2,0,#ace4e4
R-16,Traffic Hazard,Traffic hazard marks,Imperviousness (IMD),28.0,38.82,3-3,28,#3b4994
K-9,Traffic Hazard,Traffic hazard marks,Imperviousness (IMD),,21.94,1-2,0,#ace4e4
AC-5,Traffic Hazard,Traffic hazard marks,Imperviousness (IMD),1.0,3.72,1-1,1,#e8e8e8
T-23,Traffic Hazard,Traffic hazard marks,Imperviousness (IMD),2.0,4.49,2-1,2,#dfb0d6
J-9,Traffic Hazard,Traffic hazard marks,Imperviousness (IMD),,0.35,1-1,0,#e8e8e8
T-13,Traffic Hazard,Traffic hazard marks,Imperviousness (IMD),189.0,85.38,3-3,189,#3b4994
AI-19,Traffic Hazard,Traffic hazard marks,Imperviousness (IMD),2.0,27.01,2-2,2,#a5b4c2
P-24,Traffic Hazard,Traffic hazard marks,Imperviousness (IMD),1.0,56.43,1-3,1,#5ac8c8
Z-9,Traffic Hazard,Traffic hazard marks,Imperviousness (IMD),34.0,54.56,3-3,34,#3b4994
AM-10,Traffic Hazard,Traffic hazard marks,Imperviousness (IMD),,17.57,1-2,0,#ace4e4
P-6,Traffic Hazard,Traffic hazard marks,Imperviousness (IMD),1.0,33.24,1-2,1,#ace4e4
AF-8,Traffic Hazard,Traffic hazard marks,Imperviousness (IMD),,18.71,1-2,0,#ace4e4
AJ-10,Traffic Hazard,Traffic hazard marks,Imperviousness (IMD),,1.91,1-1,0,#e8e8e8
X-18,Traffic Hazard,Traffic hazard marks,Imperviousness (IMD),112.0,52.97,3-3,112,#3b4994
X-5,Traffic Hazard,Traffic hazard marks,Imperviousness (IMD),4.0,20.42,2-2,4,#a5b4c2
W-21,Traffic Hazard,Traffic hazard marks,Imperviousness (IMD),1.0,18.03,1-2,1,#ace4e4
AA-13,Traffic Hazard,Traffic hazard marks,Imperviousness (IMD),,64.03,1-3,0,#5ac8c8
O-19,Traffic Hazard,Traffic hazard marks,Imperviousness (IMD),,9.74,1-1,0,#e8e8e8
AC-18,Traffic Hazard,Traffic hazard marks,Imperviousness (IMD),2.0,12.36,2-2,2,#a5b4c2
AC-4,Traffic Hazard,Traffic hazard marks,Imperviousness (IMD),,1.76,1-1,0,#e8e8e8
AI-18,Traffic Hazard,Traffic hazard marks,Imperviousness (IMD),5.0,0.81,2-1,5,#dfb0d6
AB-15,Traffic Hazard,Traffic hazard marks,Imperviousness (IMD),22.0,68.5,3-3,22,#3b4994
L-26,Traffic Hazard,Traffic hazard marks,Imperviousness (IMD),1.0,16.24,1-2,1,#ace4e4
M-14,Traffic Hazard,Traffic hazard marks,Imperviousness (IMD),6.0,24.51,2-2,6,#a5b4c2
U-18,Traffic Hazard,Traffic hazard marks,Imperviousness (IMD),9.0,48.49,2-3,9,#5698b9
N-9,Traffic Hazard,Traffic hazard marks,Imperviousness (IMD),4.0,8.83,2-1,4,#dfb0d6
P-14,Traffic Hazard,Traffic hazard marks,Imperviousness (IMD),10.0,39.95,2-3,10,#5698b9
E-8,Traffic Hazard,Traffic hazard marks,Imperviousness (IMD),,0.0,1-1,0,#e8e8e8
Y-9,Traffic Hazard,Traffic hazard marks,Imperviousness (IMD),61.0,68.08,3-3,61,#3b4994
N-20,Traffic Hazard,Traffic hazard marks,Imperviousness (IMD),2.0,4.29,2-1,2,#dfb0d6
J-20,Traffic Hazard,Traffic hazard marks,Imperviousness (IMD),,3.61,1-1,0,#e8e8e8
N-12,Traffic Hazard,Traffic hazard marks,Imperviousness (IMD),21.0,39.27,3-3,21,#3b4994
W-20,Traffic Hazard,Traffic hazard marks,Imperviousness (IMD),4.0,28.88,2-2,4,#a5b4c2
AC-9,Traffic Hazard,Traffic hazard marks,Imperviousness (IMD),104.0,50.2,3-3,104,#3b4994
F-9,Traffic Hazard,Traffic hazard marks,Imperviousness (IMD),,49.85,1-3,0,#5ac8c8
L-19,Traffic Hazard,Traffic hazard marks,Imperviousness (IMD),,5.69,1-1,0,#e8e8e8
AA-14,Traffic Hazard,Traffic hazard marks,Imperviousness (IMD),2.0,50.39,2-3,2,#5698b9
Y-21,Traffic Hazard,Traffic hazard marks,Imperviousness (IMD),,30.8,1-2,0,#ace4e4
AE-19,Traffic Hazard,Traffic hazard marks,Imperviousness (IMD),6.0,23.47,2-2,6,#a5b4c2
AI-10,Traffic Hazard,Traffic hazard marks,Imperviousness (IMD),1.0,8.08,1-1,1,#e8e8e8
O-21,Traffic Hazard,Traffic hazard marks,Imperviousness (IMD),4.0,55.82,2-3,4,#5698b9
Q-5,Traffic Hazard,Traffic hazard marks,Imperviousness (IMD),,1.6,1-1,0,#e8e8e8
AD-8,Traffic Hazard,Traffic hazard marks,Imperviousness (IMD),,45.47,1-3,0,#5ac8c8
O-14,Traffic Hazard,Traffic hazard marks,Imperviousness (IMD),10.0,46.2,2-3,10,#5698b9
AF-7,Traffic Hazard,Traffic hazard marks,Imperviousness (IMD),,0.0,1-1,0,#e8e8e8
AI-9,Traffic Hazard,Traffic hazard marks,Imperviousness (IMD),1.0,10.62,1-2,1,#ace4e4
Q-19,Traffic Hazard,Traffic hazard marks,Imperviousness (IMD),15.0,49.51,3-3,15,#3b4994
Y-17,Traffic Hazard,Traffic hazard marks,Imperviousness (IMD),33.0,61.84,3-3,33,#3b4994
V-14,Traffic Hazard,Traffic hazard marks,Imperviousness (IMD),65.0,67.31,3-3,65,#3b4994
R-12,Traffic Hazard,Traffic hazard marks,Imperviousness (IMD),159.0,66.02,3-3,159,#3b4994
AC-19,Traffic Hazard,Traffic hazard marks,Imperviousness (IMD),,14.29,1-2,0,#ace4e4
V-15,Traffic Hazard,Traffic hazard marks,Imperviousness (IMD),19.0,59.85,3-3,19,#3b4994
AD-13,Traffic Hazard,Traffic hazard marks,Imperviousness (IMD),7.0,8.86,2-1,7,#dfb0d6
AH-20,Traffic Hazard,Traffic hazard marks,Imperviousness (IMD),1.0,4.77,1-1,1,#e8e8e8
AE-9,Traffic Hazard,Traffic hazard marks,Imperviousness (IMD),173.0,73.42,3-3,173,#3b4994
P-13,Traffic Hazard,Traffic hazard marks,Imperviousness (IMD),46.0,48.23,3-3,46,#3b4994
V-9,Traffic Hazard,Traffic hazard marks,Imperviousness (IMD),42.0,38.3,3-3,42,#3b4994
X-7,Traffic Hazard,Traffic hazard marks,Imperviousness (IMD),13.0,38.57,3-3,13,#3b4994
W-4,Traffic Hazard,Traffic hazard marks,Imperviousness (IMD),,3.89,1-1,0,#e8e8e8
AJ-9,Traffic Hazard,Traffic hazard marks,Imperviousness (IMD),1.0,4.74,1-1,1,#e8e8e8
V-5,Traffic Hazard,Traffic hazard marks,Imperviousness (IMD),,0.86,1-1,0,#e8e8e8
AH-10,Traffic Hazard,Traffic hazard marks,Imperviousness (IMD),9.0,23.61,2-2,9,#a5b4c2
Y-16,Traffic Hazard,Traffic hazard marks,Imperviousness (IMD),33.0,42.37,3-3,33,#3b4994
S-22,Traffic Hazard,Traffic hazard marks,Imperviousness (IMD),,1.94,1-1,0,#e8e8e8
AA-8,Traffic Hazard,Traffic hazard marks,Imperviousness (IMD),3.0,26.48,2-2,3,#a5b4c2
AG-12,Traffic Hazard,Traffic hazard marks,Imperviousness (IMD),2.0,21.71,2-2,2,#a5b4c2
V-20,Traffic Hazard,Traffic hazard marks,Imperviousness (IMD),95.0,75.15,3-3,95,#3b4994
U-23,Traffic Hazard,Traffic hazard marks,Imperviousness (IMD),,0.0,1-1,0,#e8e8e8
G-13,Traffic Hazard,Traffic hazard marks,Imperviousness (IMD),2.0,12.29,2-2,2,#a5b4c2
AG-15,Traffic Hazard,Traffic hazard marks,Imperviousness (IMD),,0.08,1-1,0,#e8e8e8
AE-6,Traffic Hazard,Traffic hazard marks,Imperviousness (IMD),1.0,7.06,1-1,1,#e8e8e8
AF-16,Traffic Hazard,Traffic hazard marks,Imperviousness (IMD),,6.07,1-1,0,#e8e8e8
AI-21,Traffic Hazard,Traffic hazard marks,Imperviousness (IMD),,0.0,1-1,0,#e8e8e8
V-22,Traffic Hazard,Traffic hazard marks,Imperviousness (IMD),20.0,13.33,3-2,20,#8c62aa
L-12,Traffic Hazard,Traffic hazard marks,Imperviousness (IMD),11.0,14.75,2-2,11,#a5b4c2
S-8,Traffic Hazard,Traffic hazard marks,Imperviousness (IMD),4.0,19.12,2-2,4,#a5b4c2
H-17,Traffic Hazard,Traffic hazard marks,Imperviousness (IMD),1.0,8.08,1-1,1,#e8e8e8
U-5,Traffic Hazard,Traffic hazard marks,Imperviousness (IMD),118.0,34.71,3-2,118,#8c62aa
W-16,Traffic Hazard,Traffic hazard marks,Imperviousness (IMD),17.0,48.01,3-3,17,#3b4994
R-24,Traffic Hazard,Traffic hazard marks,Imperviousness (IMD),,0.26,1-1,0,#e8e8e8
AL-12,Traffic Hazard,Traffic hazard marks,Imperviousness (IMD),4.0,2.41,2-1,4,#dfb0d6
M-6,Traffic Hazard,Traffic hazard marks,Imperviousness (IMD),,0.0,1-1,0,#e8e8e8
M-11,Traffic Hazard,Traffic hazard marks,Imperviousness (IMD),15.0,47.68,3-3,15,#3b4994
AB-20,Traffic Hazard,Traffic hazard marks,Imperviousness (IMD),,52.32,1-3,0,#5ac8c8
AB-7,Traffic Hazard,Traffic hazard marks,Imperviousness (IMD),3.0,48.22,2-3,3,#5698b9
J-13,Traffic Hazard,Traffic hazard marks,Imperviousness (IMD),47.0,57.9,3-3,47,#3b4994
O-22,Traffic Hazard,Traffic hazard marks,Imperviousness (IMD),4.0,7.21,2-1,4,#dfb0d6
F-11,Traffic Hazard,Traffic hazard marks,Imperviousness (IMD),,0.0,1-1,0,#e8e8e8
T-15,Traffic Hazard,Traffic hazard marks,Imperviousness (IMD),68.0,78.21,3-3,68,#3b4994
O-10,Traffic Hazard,Traffic hazard marks,Imperviousness (IMD),23.0,52.74,3-3,23,#3b4994
K-17,Traffic Hazard,Traffic hazard marks,Imperviousness (IMD),2.0,7.95,2-1,2,#dfb0d6
AK-10,Traffic Hazard,Traffic hazard marks,Imperviousness (IMD),,12.76,1-2,0,#ace4e4
T-4,Traffic Hazard,Traffic hazard marks,Imperviousness (IMD),,0.0,1-1,0,#e8e8e8
AN-11,Traffic Hazard,Traffic hazard marks,Imperviousness (IMD),,0.0,1-1,0,#e8e8e8
M-22,Traffic Hazard,Traffic hazard marks,Imperviousness (IMD),17.0,22.74,3-2,17,#8c62aa
AB-13,Traffic Hazard,Traffic hazard marks,Imperviousness (IMD),7.0,50.48,2-3,7,#5698b9
J-12,Traffic Hazard,Traffic hazard marks,Imperviousness (IMD),8.0,44.21,2-3,8,#5698b9
H-10,Traffic Hazard,Traffic hazard marks,Imperviousness (IMD),,33.62,1-2,0,#ace4e4
P-5,Traffic Hazard,Traffic hazard marks,Imperviousness (IMD),,0.58,1-1,0,#e8e8e8
AH-16,Traffic Hazard,Traffic hazard marks,Imperviousness (IMD),,2.63,1-1,0,#e8e8e8
U-10,Traffic Hazard,Traffic hazard marks,Imperviousness (IMD),38.0,68.81,3-3,38,#3b4994
R-14,Traffic Hazard,Traffic hazard marks,Imperviousness (IMD),81.0,56.44,3-3,81,#3b4994
O-17,Traffic Hazard,Traffic hazard marks,Imperviousness (IMD),29.0,43.99,3-3,29,#3b4994
O-7,Traffic Hazard,Traffic hazard marks,Imperviousness (IMD),,34.36,1-2,0,#ace4e4
F-13,Traffic Hazard,Traffic hazard marks,Imperviousness (IMD),1.0,1.05,1-1,1,#e8e8e8
AO-12,Traffic Hazard,Traffic hazard marks,Imperviousness (IMD),,0.13,1-1,0,#e8e8e8
N-10,Traffic Hazard,Traffic hazard marks,Imperviousness (IMD),9.0,26.29,2-2,9,#a5b4c2
AK-12,Traffic Hazard,Traffic hazard marks,Imperviousness (IMD),43.0,24.1,3-2,43,#8c62aa
X-14,Traffic Hazard,Traffic hazard marks,Imperviousness (IMD),36.0,55.6,3-3,36,#3b4994
T-16,Traffic Hazard,Traffic hazard marks,Imperviousness (IMD),26.0,63.98,3-3,26,#3b4994
AL-10,Traffic Hazard,Traffic hazard marks,Imperviousness (IMD),,17.3,1-2,0,#ace4e4
AC-17,Traffic Hazard,Traffic hazard marks,Imperviousness (IMD),17.0,14.9,3-2,17,#8c62aa
V-21,Traffic Hazard,Traffic hazard marks,Imperviousness (IMD),42.0,27.47,3-2,42,#8c62aa
N-16,Traffic Hazard,Traffic hazard marks,Imperviousness (IMD),2.0,15.52,2-2,2,#a5b4c2
AJ-19,Traffic Hazard,Traffic hazard marks,Imperviousness (IMD),,7.3,1-1,0,#e8e8e8
AD-5,Traffic Hazard,Traffic hazard marks,Imperviousness (IMD),,7.16,1-1,0,#e8e8e8
AG-11,Traffic Hazard,Traffic hazard marks,Imperviousness (IMD),2.0,16.5,2-2,2,#a5b4c2
S-16,Traffic Hazard,Traffic hazard marks,Imperviousness (IMD),23.0,57.62,3-3,23,#3b4994
AA-4,Traffic Hazard,Traffic hazard marks,Imperviousness (IMD),6.0,31.41,2-2,6,#a5b4c2
J-11,Traffic Hazard,Traffic hazard marks,Imperviousness (IMD),5.0,38.28,2-3,5,#5698b9
V-3,Traffic Hazard,Traffic hazard marks,Imperviousness (IMD),,2.29,1-1,0,#e8e8e8
S-10,Traffic Hazard,Traffic hazard marks,Imperviousness (IMD),49.0,65.28,3-3,49,#3b4994
W-6,Traffic Hazard,Traffic hazard marks,Imperviousness (IMD),5.0,26.9,2-2,5,#a5b4c2
N-18,Traffic Hazard,Traffic hazard marks,Imperviousness (IMD),,30.1,1-2,0,#ace4e4
AD-16,Traffic Hazard,Traffic hazard marks,Imperviousness (IMD),38.0,69.31,3-3,38,#3b4994
Q-25,Traffic Hazard,Traffic hazard marks,Imperviousness (IMD),,1.0,1-1,0,#e8e8e8
AE-7,Traffic Hazard,Traffic hazard marks,Imperviousness (IMD),1.0,19.39,1-2,1,#ace4e4
M-10,Traffic Hazard,Traffic hazard marks,Imperviousness (IMD),18.0,53.69,3-3,18,#3b4994
U-12,Traffic Hazard,Traffic hazard marks,Imperviousness (IMD),115.0,80.86,3-3,115,#3b4994
K-24,Traffic Hazard,Traffic hazard marks,Imperviousness (IMD),,11.96,1-2,0,#ace4e4
X-21,Traffic Hazard,Traffic hazard marks,Imperviousness (IMD),1.0,20.55,1-2,1,#ace4e4
O-25,Traffic Hazard,Traffic hazard marks,Imperviousness (IMD),1.0,10.92,1-2,1,#ace4e4
N-11,Traffic Hazard,Traffic hazard marks,Imperviousness (IMD),20.0,52.81,3-3,20,#3b4994
Y-11,Traffic Hazard,Traffic hazard marks,Imperviousness (IMD),21.0,47.05,3-3,21,#3b4994
I-12,Traffic Hazard,Traffic hazard marks,Imperviousness (IMD),6.0,34.54,2-2,6,#a5b4c2
M-18,Traffic Hazard,Traffic hazard marks,Imperviousness (IMD),,18.4,1-2,0,#ace4e4
AD-17,Traffic Hazard,Traffic hazard marks,Imperviousness (IMD),31.0,26.91,3-2,31,#8c62aa
N-26,Traffic Hazard,Traffic hazard marks,Imperviousness (IMD),,6.03,1-1,0,#e8e8e8
W-14,Traffic Hazard,Traffic hazard marks,Imperviousness (IMD),21.0,63.44,3-3,21,#3b4994
H-9,Traffic Hazard,Traffic hazard marks,Imperviousness (IMD),,33.91,1-2,0,#ace4e4
AC-8,Traffic Hazard,Traffic hazard marks,Imperviousness (IMD),8.0,9.11,2-1,8,#dfb0d6
AL-14,Traffic Hazard,Traffic hazard marks,Imperviousness (IMD),3.0,4.14,2-1,3,#dfb0d6
P-26,Traffic Hazard,Traffic hazard marks,Imperviousness (IMD),,7.1,1-1,0,#e8e8e8
P-8,Traffic Hazard,Traffic hazard marks,Imperviousness (IMD),2.0,13.99,2-2,2,#a5b4c2
AF-17,Traffic Hazard,Traffic hazard marks,Imperviousness (IMD),6.0,43.29,2-3,6,#5698b9
Y-20,Traffic Hazard,Traffic hazard marks,Imperviousness (IMD),,3.67,1-1,0,#e8e8e8
AG-10,Traffic Hazard,Traffic hazard marks,Imperviousness (IMD),1.0,18.0,1-2,1,#ace4e4
L-15,Traffic Hazard,Traffic hazard marks,Imperviousness (IMD),26.0,63.18,3-3,26,#3b4994
AK-11,Traffic Hazard,Traffic hazard marks,Imperviousness (IMD),3.0,7.15,2-1,3,#dfb0d6
X-16,Traffic Hazard,Traffic hazard marks,Imperviousness (IMD),24.0,47.69,3-3,24,#3b4994
AA-19,Traffic Hazard,Traffic hazard marks,Imperviousness (IMD),,7.12,1-1,0,#e8e8e8
D-10,Traffic Hazard,Traffic hazard marks,Imperviousness (IMD),,28.36,1-2,0,#ace4e4
S-15,Traffic Hazard,Traffic hazard marks,Imperviousness (IMD),12.0,49.94,3-3,12,#3b4994
Q-14,Traffic Hazard,Traffic hazard marks,Imperviousness (IMD),8.0,40.84,2-3,8,#5698b9
Y-15,Traffic Hazard,Traffic hazard marks,Imperviousness (IMD),3.0,15.04,2-2,3,#a5b4c2
Z-5,Traffic Hazard,Traffic hazard marks,Imperviousness (IMD),16.0,56.35,3-3,16,#3b4994
AK-19,Traffic Hazard,Traffic hazard marks,Imperviousness (IMD),1.0,3.18,1-1,1,#e8e8e8
AG-18,Traffic Hazard,Traffic hazard marks,Imperviousness (IMD),4.0,10.39,2-1,4,#dfb0d6
Z-10,Traffic Hazard,Traffic hazard marks,Imperviousness (IMD),34.0,65.91,3-3,34,#3b4994
AC-3,Traffic Hazard,Traffic hazard marks,Imperviousness (IMD),,0.0,1-1,0,#e8e8e8
U-7,Traffic Hazard,Traffic hazard marks,Imperviousness (IMD),42.0,61.58,3-3,42,#3b4994
X-20,Traffic Hazard,Traffic hazard marks,Imperviousness (IMD),1.0,18.9,1-2,1,#ace4e4
AA-7,Traffic Hazard,Traffic hazard marks,Imperviousness (IMD),,28.28,1-2,0,#ace4e4
AE-4,Traffic Hazard,Traffic hazard marks,Imperviousness (IMD),2.0,28.42,2-2,2,#a5b4c2
AD-14,Traffic Hazard,Traffic hazard marks,Imperviousness (IMD),4.0,5.2,2-1,4,#dfb0d6
AJ-20,Traffic Hazard,Traffic hazard marks,Imperviousness (IMD),,1.1,1-1,0,#e8e8e8
O-9,Traffic Hazard,Traffic hazard marks,Imperviousness (IMD),14.0,31.87,3-2,14,#8c62aa
S-20,Traffic Hazard,Traffic hazard marks,Imperviousness (IMD),18.0,31.94,3-2,18,#8c62aa
P-23,Traffic Hazard,Traffic hazard marks,Imperviousness (IMD),7.0,15.84,2-2,7,#a5b4c2
J-21,Traffic Hazard,Traffic hazard marks,Imperviousness (IMD),,0.13,1-1,0,#e8e8e8
AI-20,Traffic Hazard,Traffic hazard marks,Imperviousness (IMD),,0.13,1-1,0,#e8e8e8
W-7,Traffic Hazard,Traffic hazard marks,Imperviousness (IMD),30.0,53.14,3-3,30,#3b4994
AF-14,Traffic Hazard,Traffic hazard marks,Imperviousness (IMD),6.0,25.12,2-2,6,#a5b4c2
AC-12,Traffic Hazard,Traffic hazard marks,Imperviousness (IMD),21.0,26.04,3-2,21,#8c62aa
N-24,Traffic Hazard,Traffic hazard marks,Imperviousness (IMD),,2.45,1-1,0,#e8e8e8
W-17,Traffic Hazard,Traffic hazard marks,Imperviousness (IMD),11.0,18.13,2-2,11,#a5b4c2
I-19,Traffic Hazard,Traffic hazard marks,Imperviousness (IMD),,0.0,1-1,0,#e8e8e8
Q-12,Traffic Hazard,Traffic hazard marks,Imperviousness (IMD),28.0,41.87,3-3,28,#3b4994
AK-15,Traffic Hazard,Traffic hazard marks,Imperviousness (IMD),,0.0,1-1,0,#e8e8e8
N-6,Traffic Hazard,Traffic hazard marks,Imperviousness (IMD),2.0,0.02,2-1,2,#dfb0d6
S-18,Traffic Hazard,Traffic hazard marks,Imperviousness (IMD),11.0,28.83,2-2,11,#a5b4c2
P-15,Traffic Hazard,Traffic hazard marks,Imperviousness (IMD),6.0,20.7,2-2,6,#a5b4c2
Z-20,Traffic Hazard,Traffic hazard marks,Imperviousness (IMD),2.0,10.66,2-2,2,#a5b4c2
AD-10,Traffic Hazard,Traffic hazard marks,Imperviousness (IMD),153.0,51.77,3-3,153,#3b4994
V-10,Traffic Hazard,Traffic hazard marks,Imperviousness (IMD),29.0,47.97,3-3,29,#3b4994
J-19,Traffic Hazard,Traffic hazard marks,Imperviousness (IMD),1.0,7.97,1-1,1,#e8e8e8
V-13,Traffic Hazard,Traffic hazard marks,Imperviousness (IMD),79.0,70.84,3-3,79,#3b4994
Y-2,Traffic Hazard,Traffic hazard marks,Imperviousness (IMD),,0.08,1-1,0,#e8e8e8
U-11,Traffic Hazard,Traffic hazard marks,Imperviousness (IMD),98.0,69.66,3-3,98,#3b4994
Q-10,Traffic Hazard,Traffic hazard marks,Imperviousness (IMD),161.0,73.67,3-3,161,#3b4994
AI-16,Traffic Hazard,Traffic hazard marks,Imperviousness (IMD),5.0,7.82,2-1,5,#dfb0d6
M-12,Traffic Hazard,Traffic hazard marks,Imperviousness (IMD),43.0,29.86,3-2,43,#8c62aa
R-18,Traffic Hazard,Traffic hazard marks,Imperviousness (IMD),10.0,32.27,2-2,10,#a5b4c2
Q-18,Traffic Hazard,Traffic hazard marks,Imperviousness (IMD),15.0,27.9,3-2,15,#8c62aa
R-19,Traffic Hazard,Traffic hazard marks,Imperviousness (IMD),30.0,36.71,3-3,30,#3b4994
AF-19,Traffic Hazard,Traffic hazard marks,Imperviousness (IMD),,3.14,1-1,0,#e8e8e8
Z-19,Traffic Hazard,Traffic hazard marks,Imperviousness (IMD),2.0,30.26,2-2,2,#a5b4c2
H-15,Traffic Hazard,Traffic hazard marks,Imperviousness (IMD),15.0,57.1,3-3,15,#3b4994
M-25,Traffic Hazard,Traffic hazard marks,Imperviousness (IMD),,1.88,1-1,0,#e8e8e8
AB-12,Traffic Hazard,Traffic hazard marks,Imperviousness (IMD),4.0,51.63,2-3,4,#5698b9
AI-15,Traffic Hazard,Traffic hazard marks,Imperviousness (IMD),,6.59,1-1,0,#e8e8e8
R-8,Traffic Hazard,Traffic hazard marks,Imperviousness (IMD),13.0,23.73,3-2,13,#8c62aa
R-13,Traffic Hazard,Traffic hazard marks,Imperviousness (IMD),107.0,69.97,3-3,107,#3b4994
V-4,Traffic Hazard,Traffic hazard marks,Imperviousness (IMD),,0.03,1-1,0,#e8e8e8
Q-11,Traffic Hazard,Traffic hazard marks,Imperviousness (IMD),18.0,55.26,3-3,18,#3b4994
H-14,Traffic Hazard,Traffic hazard marks,Imperviousness (IMD),27.0,29.16,3-2,27,#8c62aa
Y-19,Traffic Hazard,Traffic hazard marks,Imperviousness (IMD),1.0,8.76,1-1,1,#e8e8e8
W-19,Traffic Hazard,Traffic hazard marks,Imperviousness (IMD),4.0,60.53,2-3,4,#5698b9
AK-13,Traffic Hazard,Traffic hazard marks,Imperviousness (IMD),8.0,16.34,2-2,8,#a5b4c2
W-12,Traffic Hazard,Traffic hazard marks,Imperviousness (IMD),44.0,45.65,3-3,44,#3b4994
U-14,Traffic Hazard,Traffic hazard marks,Imperviousness (IMD),59.0,65.09,3-3,59,#3b4994
W-9,Traffic Hazard,Traffic hazard marks,Imperviousness (IMD),117.0,64.05,3-3,117,#3b4994
AN-13,Traffic Hazard,Traffic hazard marks,Imperviousness (IMD),,0.0,1-1,0,#e8e8e8
AF-18,Traffic Hazard,Traffic hazard marks,Imperviousness (IMD),3.0,27.06,2-2,3,#a5b4c2
O-20,Traffic Hazard,Traffic hazard marks,Imperviousness (IMD),2.0,13.75,2-2,2,#a5b4c2
T-10,Traffic Hazard,Traffic hazard marks,Imperviousness (IMD),100.0,82.69,3-3,100,#3b4994
AB-8,Traffic Hazard,Traffic hazard marks,Imperviousness (IMD),,28.12,1-2,0,#ace4e4
N-25,Traffic Hazard,Traffic hazard marks,Imperviousness (IMD),,29.65,1-2,0,#ace4e4
U-6,Traffic Hazard,Traffic hazard marks,Imperviousness (IMD),73.0,56.52,3-3,73,#3b4994
X-8,Traffic Hazard,Traffic hazard marks,Imperviousness (IMD),26.0,52.3,3-3,26,#3b4994
I-17,Traffic Hazard,Traffic hazard marks,Imperviousness (IMD),2.0,26.11,2-2,2,#a5b4c2
V-19,Traffic Hazard,Traffic hazard marks,Imperviousness (IMD),1.0,45.22,1-3,1,#5ac8c8
S-24,Traffic Hazard,Traffic hazard marks,Imperviousness (IMD),,6.69,1-1,0,#e8e8e8
K-25,Traffic Hazard,Traffic hazard marks,Imperviousness (IMD),,1.25,1-1,0,#e8e8e8
AF-15,Traffic Hazard,Traffic hazard marks,Imperviousness (IMD),,1.36,1-1,0,#e8e8e8
Z-14,Traffic Hazard,Traffic hazard marks,Imperviousness (IMD),10.0,36.16,2-3,10,#5698b9
M-17,Traffic Hazard,Traffic hazard marks,Imperviousness (IMD),1.0,6.67,1-1,1,#e8e8e8
Y-14,Traffic Hazard,Traffic hazard marks,Imperviousness (IMD),63.0,63.83,3-3,63,#3b4994
Z-21,Traffic Hazard,Traffic hazard marks,Imperviousness (IMD),,31.66,1-2,0,#ace4e4
AD-4,Traffic Hazard,Traffic hazard marks,Imperviousness (IMD),,0.0,1-1,0,#e8e8e8
AD-18,Traffic Hazard,Traffic hazard marks,Imperviousness (IMD),,13.61,1-2,0,#ace4e4
Y-4,Traffic Hazard,Traffic hazard marks,Imperviousness (IMD),,5.24,1-1,0,#e8e8e8
N-5,Traffic Hazard,Traffic hazard marks,Imperviousness (IMD),,0.0,1-1,0,#e8e8e8
M-19,Traffic Hazard,Traffic hazard marks,Imperviousness (IMD),,9.43,1-1,0,#e8e8e8
AK-14,Traffic Hazard,Traffic hazard marks,Imperviousness (IMD),,0.0,1-1,0,#e8e8e8
Y-8,Waste Bin,Waste bin count,Population density,21.0,53.0,3-3,21,#3b4994
S-9,Waste Bin,Waste bin count,Population density,8.0,11.3,3-2,8,#8c62aa
AJ-14,Waste Bin,Waste bin count,Population density,4.0,12.1,2-2,4,#a5b4c2
T-6,Waste Bin,Waste bin count,Population density,27.0,34.7,3-3,27,#3b4994
P-25,Waste Bin,Waste bin count,Population density,,9.3,1-2,0,#ace4e4
V-17,Waste Bin,Waste bin count,Population density,,6.7,1-2,0,#ace4e4
Z-11,Waste Bin,Waste bin count,Population density,,16.5,1-2,0,#ace4e4
X-19,Waste Bin,Waste bin count,Population density,1.0,33.9,2-3,1,#5698b9
AE-17,Waste Bin,Waste bin count,Population density,2.0,11.3,2-2,2,#a5b4c2
Z-7,Waste Bin,Waste bin count,Population density,17.0,52.2,3-3,17,#3b4994
R-9,Waste Bin,Waste bin count,Population density,2.0,13.9,2-2,2,#a5b4c2
AB-10,Waste Bin,Waste bin count,Population density,87.0,50.1,3-3,87,#3b4994
AJ-12,Waste Bin,Waste bin count,Population density,8.0,20.8,3-2,8,#8c62aa
M-24,Waste Bin,Waste bin count,Population density,,1.4,1-1,0,#e8e8e8
M-13,Waste Bin,Waste bin count,Population density,2.0,23.3,2-2,2,#a5b4c2
R-20,Waste Bin,Waste bin count,Population density,56.0,79.3,3-3,56,#3b4994
AB-18,Waste Bin,Waste bin count,Population density,6.0,11.1,2-2,6,#a5b4c2
Y-13,Waste Bin,Waste bin count,Population density,29.0,82.5,3-3,29,#3b4994
U-19,Waste Bin,Waste bin count,Population density,39.0,62.9,3-3,39,#3b4994
K-16,Waste Bin,Waste bin count,Population density,9.0,59.0,3-3,9,#3b4994
X-13,Waste Bin,Waste bin count,Population density,75.0,104.1,3-3,75,#3b4994
L-25,Waste Bin,Waste bin count,Population density,,2.5,1-1,0,#e8e8e8
U-20,Waste Bin,Waste bin count,Population density,1.0,7.2,2-2,1,#a5b4c2
P-17,Waste Bin,Waste bin count,Population density,11.0,44.1,3-3,11,#3b4994
I-14,Waste Bin,Waste bin count,Population density,8.0,32.5,3-3,8,#3b4994
AH-15,Waste Bin,Waste bin count,Population density,,0.6,1-1,0,#e8e8e8
I-7,Waste Bin,Waste bin count,Population density,,2.3,1-1,0,#e8e8e8
G-8,Waste Bin,Waste bin count,Population density,,3.0,1-1,0,#e8e8e8
X-3,Waste Bin,Waste bin count,Population density,7.0,3.9,3-1,7,#be64ac
O-11,Waste Bin,Waste bin count,Population density,29.0,88.8,3-3,29,#3b4994
Q-15,Waste Bin,Waste bin count,Population density,1.0,12.0,2-2,1,#a5b4c2
Q-8,Waste Bin,Waste bin count,Population density,,19.2,1-2,0,#ace4e4
U-8,Waste Bin,Waste bin count,Population density,27.0,46.3,3-3,27,#3b4994
I-8,Waste Bin,Waste bin count,Population density,1.0,6.8,2-2,1,#a5b4c2
L-10,Waste Bin,Waste bin count,Population density,,1.4,1-1,0,#e8e8e8
AE-15,Waste Bin,Waste bin count,Population density,1.0,5.9,2-2,1,#a5b4c2
AE-16,Waste Bin,Waste bin count,Population density,,22.7,1-2,0,#ace4e4
AD-9,Waste Bin,Waste bin count,Population density,19.0,26.4,3-3,19,#3b4994
Z-16,Waste Bin,Waste bin count,Population density,24.0,63.0,3-3,24,#3b4994
W-3,Waste Bin,Waste bin count,Population density,11.0,6.0,3-2,11,#8c62aa
U-22,Waste Bin,Waste bin count,Population density,,1.6,1-1,0,#e8e8e8
J-17,Waste Bin,Waste bin count,Population density,1.0,38.8,2-3,1,#5698b9
AF-12,Waste Bin,Waste bin count,Population density,,3.7,1-1,0,#e8e8e8
L-22,Waste Bin,Waste bin count,Population density,,0.3,1-1,0,#e8e8e8
P-7,Waste Bin,Waste bin count,Population density,1.0,34.5,2-3,1,#5698b9
AF-20,Waste Bin,Waste bin count,Population density,,0.0,1-1,0,#e8e8e8
AI-7,Waste Bin,Waste bin count,Population density,,2.0,1-1,0,#e8e8e8
AK-16,Waste Bin,Waste bin count,Population density,,0.7,1-1,0,#e8e8e8
AM-11,Waste Bin,Waste bin count,Population density,,0.2,1-1,0,#e8e8e8
S-21,Waste Bin,Waste bin count,Population density,,2.6,1-1,0,#e8e8e8
W-13,Waste Bin,Waste bin count,Population density,35.0,111.8,3-3,35,#3b4994
AI-14,Waste Bin,Waste bin count,Population density,,5.7,1-2,0,#ace4e4
K-11,Waste Bin,Waste bin count,Population density,8.0,32.7,3-3,8,#3b4994
S-6,Waste Bin,Waste bin count,Population density,1.0,22.2,2-2,1,#a5b4c2
R-17,Waste Bin,Waste bin count,Population density,17.0,40.9,3-3,17,#3b4994
S-5,Waste Bin,Waste bin count,Population density,2.0,5.1,2-2,2,#a5b4c2
Z-17,Waste Bin,Waste bin count,Population density,23.0,99.1,3-3,23,#3b4994
AD-6,Waste Bin,Waste bin count,Population density,,2.4,1-1,0,#e8e8e8
N-7,Waste Bin,Waste bin count,Population density,,1.9,1-1,0,#e8e8e8
H-8,Waste Bin,Waste bin count,Population density,,0.0,1-1,0,#e8e8e8
AB-17,Waste Bin,Waste bin count,Population density,7.0,8.1,3-2,7,#8c62aa
X-9,Waste Bin,Waste bin count,Population density,11.0,31.8,3-3,11,#3b4994
L-13,Waste Bin,Waste bin count,Population density,25.0,11.0,3-2,25,#8c62aa
Z-8,Waste Bin,Waste bin count,Population density,,4.9,1-2,0,#ace4e4
Z-6,Waste Bin,Waste bin count,Population density,62.0,56.3,3-3,62,#3b4994
L-20,Waste Bin,Waste bin count,Population density,,0.1,1-1,0,#e8e8e8
K-23,Waste Bin,Waste bin count,Population density,,0.0,1-1,0,#e8e8e8
AD-15,Waste Bin,Waste bin count,Population density,7.0,7.1,3-2,7,#8c62aa
F-15,Waste Bin,Waste bin count,Population density,,0.0,1-1,0,#e8e8e8
AA-20,Waste Bin,Waste bin count,Population density,,0.0,1-1,0,#e8e8e8
V-7,Waste Bin,Waste bin count,Population density,10.0,31.6,3-3,10,#3b4994
AA-15,Waste Bin,Waste bin count,Population density,12.0,43.1,3-3,12,#3b4994
R-21,Waste Bin,Waste bin count,Population density,28.0,27.0,3-3,28,#3b4994
AA-18,Waste Bin,Waste bin count,Population density,9.0,13.1,3-2,9,#8c62aa
O-15,Waste Bin,Waste bin count,Population density,,7.0,1-2,0,#ace4e4
T-21,Waste Bin,Waste bin count,Population density,,5.5,1-2,0,#ace4e4
L-11,Waste Bin,Waste bin count,Population density,3.0,18.4,2-2,3,#a5b4c2
X-15,Waste Bin,Waste bin count,Population density,15.0,88.4,3-3,15,#3b4994
I-9,Waste Bin,Waste bin count,Population density,,0.6,1-1,0,#e8e8e8
O-24,Waste Bin,Waste bin count,Population density,1.0,9.0,2-2,1,#a5b4c2
AI-12,Waste Bin,Waste bin count,Population density,2.0,3.5,2-1,2,#dfb0d6
L-23,Waste Bin,Waste bin count,Population density,,0.2,1-1,0,#e8e8e8
J-7,Waste Bin,Waste bin count,Population density,,0.3,1-1,0,#e8e8e8
AI-13,Waste Bin,Waste bin count,Population density,2.0,0.5,2-1,2,#dfb0d6
AH-13,Waste Bin,Waste bin count,Population density,,1.1,1-1,0,#e8e8e8
AA-16,Waste Bin,Waste bin count,Population density,14.0,20.5,3-2,14,#8c62aa
N-14,Waste Bin,Waste bin count,Population density,20.0,28.2,3-3,20,#3b4994
V-18,Waste Bin,Waste bin count,Population density,6.0,10.6,2-2,6,#a5b4c2
N-23,Waste Bin,Waste bin count,Population density,1.0,7.5,2-2,1,#a5b4c2
Q-17,Waste Bin,Waste bin count,Population density,12.0,13.8,3-2,12,#8c62aa
AK-18,Waste Bin,Waste bin count,Population density,,1.3,1-1,0,#e8e8e8
I-11,Waste Bin,Waste bin count,Population density,,3.8,1-1,0,#e8e8e8
N-8,Waste Bin,Waste bin count,Population density,,0.3,1-1,0,#e8e8e8
AA-12,Waste Bin,Waste bin count,Population density,,30.4,1-3,0,#5ac8c8
AE-13,Waste Bin,Waste bin count,Population density,,0.7,1-1,0,#e8e8e8
S-23,Waste Bin,Waste bin count,Population density,12.0,8.4,3-2,12,#8c62aa
H-13,Waste Bin,Waste bin count,Population density,,0.6,1-1,0,#e8e8e8
AC-11,Waste Bin,Waste bin count,Population density,16.0,23.1,3-2,16,#8c62aa
T-11,Waste Bin,Waste bin count,Population density,19.0,68.3,3-3,19,#3b4994
F-14,Waste Bin,Waste bin count,Population density,,0.9,1-1,0,#e8e8e8
Z-15,Waste Bin,Waste bin count,Population density,10.0,60.0,3-3,10,#3b4994
J-15,Waste Bin,Waste bin count,Population density,,19.5,1-2,0,#ace4e4
K-7,Waste Bin,Waste bin count,Population density,,0.0,1-1,0,#e8e8e8
Y-10,Waste Bin,Waste bin count,Population density,2.0,30.3,2-3,2,#5698b9
AD-12,Waste Bin,Waste bin count,Population density,50.0,32.3,3-3,50,#3b4994
U-15,Waste Bin,Waste bin count,Population density,10.0,96.3,3-3,10,#3b4994
L-14,Waste Bin,Waste bin count,Population density,,9.8,1-2,0,#ace4e4
AE-5,Waste Bin,Waste bin count,Population density,2.0,36.6,2-3,2,#5698b9
AA-17,Waste Bin,Waste bin count,Population density,72.0,100.6,3-3,72,#3b4994
R-15,Waste Bin,Waste bin count,Population density,9.0,26.1,3-3,9,#3b4994
AA-10,Waste Bin,Waste bin count,Population density,3.0,12.0,2-2,3,#a5b4c2
U-13,Waste Bin,Waste bin count,Population density,137.0,120.6,3-3,137,#3b4994
AJ-8,Waste Bin,Waste bin count,Population density,,0.0,1-1,0,#e8e8e8
Y-3,Waste Bin,Waste bin count,Population density,,0.0,1-1,0,#e8e8e8
P-18,Waste Bin,Waste bin count,Population density,,5.5,1-2,0,#ace4e4
L-18,Waste Bin,Waste bin count,Population density,,0.2,1-1,0,#e8e8e8
AL-19,Waste Bin,Waste bin count,Population density,,0.0,1-1,0,#e8e8e8
I-13,Waste Bin,Waste bin count,Population density,31.0,30.9,3-3,31,#3b4994
M-16,Waste Bin,Waste bin count,Population density,15.0,14.8,3-2,15,#8c62aa
S-17,Waste Bin,Waste bin count,Population density,5.0,30.4,2-3,5,#5698b9
W-10,Waste Bin,Waste bin count,Population density,11.0,33.7,3-3,11,#3b4994
W-8,Waste Bin,Waste bin count,Population density,28.0,61.9,3-3,28,#3b4994
T-12,Waste Bin,Waste bin count,Population density,34.0,101.2,3-3,34,#3b4994
AG-7,Waste Bin,Waste bin count,Population density,,2.7,1-1,0,#e8e8e8
X-11,Waste Bin,Waste bin count,Population density,19.0,64.7,3-3,19,#3b4994
I-18,Waste Bin,Waste bin count,Population density,,6.5,1-2,0,#ace4e4
O-6,Waste Bin,Waste bin count,Population density,5.0,23.2,2-2,5,#a5b4c2
T-22,Waste Bin,Waste bin count,Population density,1.0,5.2,2-2,1,#a5b4c2
O-23,Waste Bin,Waste bin count,Population density,,10.1,1-2,0,#ace4e4
K-8,Waste Bin,Waste bin count,Population density,,2.7,1-1,0,#e8e8e8
AE-12,Waste Bin,Waste bin count,Population density,4.0,2.0,2-1,4,#dfb0d6
Q-26,Waste Bin,Waste bin count,Population density,,3.4,1-1,0,#e8e8e8
AH-14,Waste Bin,Waste bin count,Population density,,0.1,1-1,0,#e8e8e8
M-15,Waste Bin,Waste bin count,Population density,38.0,73.1,3-3,38,#3b4994
G-15,Waste Bin,Waste bin count,Population density,,1.9,1-1,0,#e8e8e8
E-14,Waste Bin,Waste bin count,Population density,,3.7,1-1,0,#e8e8e8
O-26,Waste Bin,Waste bin count,Population density,,0.0,1-1,0,#e8e8e8
AA-9,Waste Bin,Waste bin count,Population density,30.0,27.7,3-3,30,#3b4994
W-5,Waste Bin,Waste bin count,Population density,2.0,20.4,2-2,2,#a5b4c2
Z-13,Waste Bin,Waste bin count,Population density,2.0,29.4,2-3,2,#5698b9
AG-14,Waste Bin,Waste bin count,Population density,,0.1,1-1,0,#e8e8e8
W-18,Waste Bin,Waste bin count,Population density,,9.1,1-2,0,#ace4e4
W-11,Waste Bin,Waste bin count,Population density,51.0,63.8,3-3,51,#3b4994
AH-21,Waste Bin,Waste bin count,Population density,,1.3,1-1,0,#e8e8e8
AG-9,Waste Bin,Waste bin count,Population density,25.0,59.5,3-3,25,#3b4994
X-12,Waste Bin,Waste bin count,Population density,12.0,66.1,3-3,12,#3b4994
AD-20,Waste Bin,Waste bin count,Population density,,1.6,1-1,0,#e8e8e8
Y-18,Waste Bin,Waste bin count,Population density,1.0,16.7,2-2,1,#a5b4c2
R-23,Waste Bin,Waste bin count,Population density,,0.1,1-1,0,#e8e8e8
Y-12,Waste Bin,Waste bin count,Population density,51.0,90.3,3-3,51,#3b4994
P-22,Waste Bin,Waste bin count,Population density,,1.2,1-1,0,#e8e8e8
AC-6,Waste Bin,Waste bin count,Population density,1.0,26.0,2-3,1,#5698b9
AJ-15,Waste Bin,Waste bin count,Population density,,0.9,1-1,0,#e8e8e8
J-14,Waste Bin,Waste bin count,Population density,63.0,58.1,3-3,63,#3b4994
Q-13,Waste Bin,Waste bin count,Population density,63.0,88.3,3-3,63,#3b4994
AE-14,Waste Bin,Waste bin count,Population density,,18.1,1-2,0,#ace4e4
L-21,Waste Bin,Waste bin count,Population density,,3.6,1-1,0,#e8e8e8
AH-9,Waste Bin,Waste bin count,Population density,28.0,59.3,3-3,28,#3b4994
P-21,Waste Bin,Waste bin count,Population density,,4.2,1-2,0,#ace4e4
AH-19,Waste Bin,Waste bin count,Population density,,11.3,1-2,0,#ace4e4
T-17,Waste Bin,Waste bin count,Population density,6.0,36.5,2-3,6,#5698b9
J-8,Waste Bin,Waste bin count,Population density,1.0,1.5,2-1,1,#dfb0d6
AF-9,Waste Bin,Waste bin count,Population density,4.0,29.3,2-3,4,#5698b9
AC-10,Waste Bin,Waste bin count,Population density,7.0,6.6,3-2,7,#8c62aa
Z-3,Waste Bin,Waste bin count,Population density,,0.7,1-1,0,#e8e8e8
U-4,Waste Bin,Waste bin count,Population density,4.0,6.5,2-2,4,#a5b4c2
AE-18,Waste Bin,Waste bin count,Population density,,8.0,1-2,0,#ace4e4
M-20,Waste Bin,Waste bin count,Population density,1.0,11.9,2-2,1,#a5b4c2
Q-6,Waste Bin,Waste bin count,Population density,,3.2,1-1,0,#e8e8e8
L-24,Waste Bin,Waste bin count,Population density,,2.3,1-1,0,#e8e8e8
AA-3,Waste Bin,Waste bin count,Population density,2.0,6.9,2-2,2,#a5b4c2
AD-11,Waste Bin,Waste bin count,Population density,12.0,8.6,3-2,12,#8c62aa
X-10,Waste Bin,Waste bin count,Population density,20.0,89.9,3-3,20,#3b4994
K-21,Waste Bin,Waste bin count,Population density,,0.1,1-1,0,#e8e8e8
V-24,Waste Bin,Waste bin count,Population density,,19.5,1-2,0,#ace4e4
N-19,Waste Bin,Waste bin count,Population density,,25.0,1-2,0,#ace4e4
G-16,Waste Bin,Waste bin count,Population density,,1.2,1-1,0,#e8e8e8
U-16,Waste Bin,Waste bin count,Population density,18.0,61.4,3-3,18,#3b4994
Z-12,Waste Bin,Waste bin count,Population density,3.0,29.8,2-3,3,#5698b9
M-9,Waste Bin,Waste bin count,Population density,,7.6,1-2,0,#ace4e4
J-16,Waste Bin,Waste bin count,Population density,17.0,26.7,3-3,17,#3b4994
G-10,Waste Bin,Waste bin count,Population density,,0.3,1-1,0,#e8e8e8
AB-14,Waste Bin,Waste bin count,Population density,1.0,21.7,2-2,1,#a5b4c2
AH-8,Waste Bin,Waste bin count,Population density,,37.4,1-3,0,#5ac8c8
L-16,Waste Bin,Waste bin count,Population density,41.0,55.2,3-3,41,#3b4994
AI-8,Waste Bin,Waste bin count,Population density,2.0,14.2,2-2,2,#a5b4c2
AL-11,Waste Bin,Waste bin count,Population density,,36.1,1-3,0,#5ac8c8
AF-11,Waste Bin,Waste bin count,Population density,1.0,1.4,2-1,1,#dfb0d6
K-20,Waste Bin,Waste bin count,Population density,,0.8,1-1,0,#e8e8e8
M-8,Waste Bin,Waste bin count,Population density,,3.4,1-1,0,#e8e8e8
AA-2,Waste Bin,Waste bin count,Population density,,0.6,1-1,0,#e8e8e8
AF-6,Waste Bin,Waste bin count,Population density,,1.6,1-1,0,#e8e8e8
AB-6,Waste Bin,Waste bin count,Population density,,5.7,1-2,0,#ace4e4
AB-16,Waste Bin,Waste bin count,Population density,14.0,25.8,3-2,14,#8c62aa
S-19,Waste Bin,Waste bin count,Population density,51.0,64.6,3-3,51,#3b4994
AG-8,Waste Bin,Waste bin count,Population density,1.0,41.2,2-3,1,#5698b9
Q-20,Waste Bin,Waste bin count,Population density,6.0,11.4,2-2,6,#a5b4c2
AA-5,Waste Bin,Waste bin count,Population density,7.0,29.8,3-3,7,#3b4994
S-11,Waste Bin,Waste bin count,Population density,48.0,172.1,3-3,48,#3b4994
J-10,Waste Bin,Waste bin count,Population density,,0.1,1-1,0,#e8e8e8
I-20,Waste Bin,Waste bin count,Population density,,4.2,1-2,0,#ace4e4
AI-11,Waste Bin,Waste bin count,Population density,,0.9,1-1,0,#e8e8e8
Y-7,Waste Bin,Waste bin count,Population density,11.0,67.9,3-3,11,#3b4994
AB-11,Waste Bin,Waste bin count,Population density,25.0,30.3,3-3,25,#3b4994
R-5,Waste Bin,Waste bin count,Population density,,0.1,1-1,0,#e8e8e8
R-6,Waste Bin,Waste bin count,Population density,,2.6,1-1,0,#e8e8e8
Q-7,Waste Bin,Waste bin count,Population density,2.0,9.0,2-2,2,#a5b4c2
Y-5,Waste Bin,Waste bin count,Population density,,10.1,1-2,0,#ace4e4
AD-19,Waste Bin,Waste bin count,Population density,,0.3,1-1,0,#e8e8e8
T-9,Waste Bin,Waste bin count,Population density,6.0,22.0,2-2,6,#a5b4c2
N-17,Waste Bin,Waste bin count,Population density,3.0,5.0,2-2,3,#a5b4c2
AJ-21,Waste Bin,Waste bin count,Population density,,1.5,1-1,0,#e8e8e8
T-14,Waste Bin,Waste bin count,Population density,51.0,120.9,3-3,51,#3b4994
U-21,Waste Bin,Waste bin count,Population density,5.0,3.2,2-1,5,#dfb0d6
J-18,Waste Bin,Waste bin count,Population density,,13.0,1-2,0,#ace4e4
K-18,Waste Bin,Waste bin count,Population density,,0.4,1-1,0,#e8e8e8
E-9,Waste Bin,Waste bin count,Population density,,0.3,1-1,0,#e8e8e8
K-19,Waste Bin,Waste bin count,Population density,,0.8,1-1,0,#e8e8e8
AC-15,Waste Bin,Waste bin count,Population density,10.0,30.0,3-3,10,#3b4994
F-10,Waste Bin,Waste bin count,Population density,,1.1,1-1,0,#e8e8e8
K-13,Waste Bin,Waste bin count,Population density,14.0,28.0,3-3,14,#3b4994
U-17,Waste Bin,Waste bin count,Population density,13.0,32.6,3-3,13,#3b4994
Q-22,Waste Bin,Waste bin count,Population density,,2.7,1-1,0,#e8e8e8
V-8,Waste Bin,Waste bin count,Population density,19.0,70.9,3-3,19,#3b4994
V-16,Waste Bin,Waste bin count,Population density,21.0,60.6,3-3,21,#3b4994
AG-16,Waste Bin,Waste bin count,Population density,,1.2,1-1,0,#e8e8e8
M-21,Waste Bin,Waste bin count,Population density,1.0,4.8,2-2,1,#a5b4c2
O-16,Waste Bin,Waste bin count,Population density,11.0,18.1,3-2,11,#8c62aa
AK-20,Waste Bin,Waste bin count,Population density,,3.9,1-1,0,#e8e8e8
Z-4,Waste Bin,Waste bin count,Population density,4.0,12.2,2-2,4,#a5b4c2
G-9,Waste Bin,Waste bin count,Population density,,25.7,1-2,0,#ace4e4
AH-12,Waste Bin,Waste bin count,Population density,,10.8,1-2,0,#ace4e4
AB-4,Waste Bin,Waste bin count,Population density,1.0,5.9,2-2,1,#a5b4c2
W-15,Waste Bin,Waste bin count,Population density,4.0,53.0,2-3,4,#5698b9
K-12,Waste Bin,Waste bin count,Population density,36.0,30.9,3-3,36,#3b4994
R-7,Waste Bin,Waste bin count,Population density,7.0,55.5,3-3,7,#3b4994
AG-20,Waste Bin,Waste bin count,Population density,,0.1,1-1,0,#e8e8e8
AC-14,Waste Bin,Waste bin count,Population density,33.0,22.9,3-2,33,#8c62aa
Q-23,Waste Bin,Waste bin count,Population density,2.0,13.7,2-2,2,#a5b4c2
AA-11,Waste Bin,Waste bin count,Population density,,18.7,1-2,0,#ace4e4
AH-18,Waste Bin,Waste bin count,Population density,1.0,0.5,2-1,1,#dfb0d6
AB-9,Waste Bin,Waste bin count,Population density,4.0,8.1,2-2,4,#a5b4c2
AK-17,Waste Bin,Waste bin count,Population density,,0.0,1-1,0,#e8e8e8
T-8,Waste Bin,Waste bin count,Population density,4.0,23.9,2-2,4,#a5b4c2
N-21,Waste Bin,Waste bin count,Population density,2.0,3.7,2-1,2,#dfb0d6
X-17,Waste Bin,Waste bin count,Population density,5.0,65.7,2-3,5,#5698b9
O-12,Waste Bin,Waste bin count,Population density,14.0,54.7,3-3,14,#3b4994
I-16,Waste Bin,Waste bin count,Population density,,0.6,1-1,0,#e8e8e8
R-22,Waste Bin,Waste bin count,Population density,4.0,30.3,2-3,4,#5698b9
S-14,Waste Bin,Waste bin count,Population density,57.0,127.0,3-3,57,#3b4994
T-7,Waste Bin,Waste bin count,Population density,13.0,35.0,3-3,13,#3b4994
V-23,Waste Bin,Waste bin count,Population density,,1.0,1-1,0,#e8e8e8
T-24,Waste Bin,Waste bin count,Population density,,1.1,1-1,0,#e8e8e8
S-13,Waste Bin,Waste bin count,Population density,33.0,65.6,3-3,33,#3b4994
AJ-18,Waste Bin,Waste bin count,Population density,,0.0,1-1,0,#e8e8e8
AK-8,Waste Bin,Waste bin count,Population density,,1.8,1-1,0,#e8e8e8
AM-12,Waste Bin,Waste bin count,Population density,1.0,2.0,2-1,1,#dfb0d6
AF-10,Waste Bin,Waste bin count,Population density,9.0,3.7,3-1,9,#be64ac
N-13,Waste Bin,Waste bin count,Population density,3.0,16.6,2-2,3,#a5b4c2
I-15,Waste Bin,Waste bin count,Population density,1.0,10.2,2-2,1,#a5b4c2
N-15,Waste Bin,Waste bin count,Population density,7.0,34.5,3-3,7,#3b4994
S-7,Waste Bin,Waste bin count,Population density,26.0,54.2,3-3,26,#3b4994
S-12,Waste Bin,Waste bin count,Population density,48.0,161.1,3-3,48,#3b4994
P-19,Waste Bin,Waste bin count,Population density,,16.6,1-2,0,#ace4e4
L-17,Waste Bin,Waste bin count,Population density,20.0,26.6,3-3,20,#3b4994
P-11,Waste Bin,Waste bin count,Population density,6.0,53.4,2-3,6,#5698b9
AG-13,Waste Bin,Waste bin count,Population density,,0.0,1-1,0,#e8e8e8
AN-12,Waste Bin,Waste bin count,Population density,,0.0,1-1,0,#e8e8e8
AJ-13,Waste Bin,Waste bin count,Population density,14.0,18.9,3-2,14,#8c62aa
K-15,Waste Bin,Waste bin count,Population density,20.0,51.7,3-3,20,#3b4994
AH-11,Waste Bin,Waste bin count,Population density,,3.3,1-1,0,#e8e8e8
AC-16,Waste Bin,Waste bin count,Population density,26.0,112.1,3-3,26,#3b4994
S-4,Waste Bin,Waste bin count,Population density,,0.1,1-1,0,#e8e8e8
AJ-11,Waste Bin,Waste bin count,Population density,2.0,0.1,2-1,2,#dfb0d6
AC-7,Waste Bin,Waste bin count,Population density,,14.9,1-2,0,#ace4e4
R-10,Waste Bin,Waste bin count,Population density,11.0,52.2,3-3,11,#3b4994
AH-17,Waste Bin,Waste bin count,Population density,,0.2,1-1,0,#e8e8e8
AD-7,Waste Bin,Waste bin count,Population density,,1.2,1-1,0,#e8e8e8
N-22,Waste Bin,Waste bin count,Population density,50.0,40.4,3-3,50,#3b4994
Q-9,Waste Bin,Waste bin count,Population density,57.0,82.2,3-3,57,#3b4994
V-6,Waste Bin,Waste bin count,Population density,,2.4,1-1,0,#e8e8e8
P-16,Waste Bin,Waste bin count,Population density,1.0,1.7,2-1,1,#dfb0d6
AG-19,Waste Bin,Waste bin count,Population density,,5.1,1-2,0,#ace4e4
X-22,Waste Bin,Waste bin count,Population density,,0.3,1-1,0,#e8e8e8
O-18,Waste Bin,Waste bin count,Population density,,4.3,1-2,0,#ace4e4
G-14,Waste Bin,Waste bin count,Population density,,1.1,1-1,0,#e8e8e8
Y-6,Waste Bin,Waste bin count,Population density,28.0,36.4,3-3,28,#3b4994
G-11,Waste Bin,Waste bin count,Population density,,0.5,1-1,0,#e8e8e8
P-10,Waste Bin,Waste bin count,Population density,13.0,71.8,3-3,13,#3b4994
X-4,Waste Bin,Waste bin count,Population density,5.0,2.9,2-1,5,#dfb0d6
O-5,Waste Bin,Waste bin count,Population density,,2.6,1-1,0,#e8e8e8
AB-5,Waste Bin,Waste bin count,Population density,,8.7,1-2,0,#ace4e4
R-11,Waste Bin,Waste bin count,Population density,5.0,34.6,2-3,5,#5698b9
Q-21,Waste Bin,Waste bin count,Population density,2.0,7.1,2-2,2,#a5b4c2
U-9,Waste Bin,Waste bin count,Population density,29.0,94.3,3-3,29,#3b4994
AA-6,Waste Bin,Waste bin count,Population density,7.0,2.9,3-1,7,#be64ac
AF-13,Waste Bin,Waste bin count,Population density,,1.1,1-1,0,#e8e8e8
L-9,Waste Bin,Waste bin count,Population density,1.0,19.0,2-2,1,#a5b4c2
AM-13,Waste Bin,Waste bin count,Population density,3.0,17.9,2-2,3,#a5b4c2
O-8,Waste Bin,Waste bin count,Population density,,2.2,1-1,0,#e8e8e8
K-14,Waste Bin,Waste bin count,Population density,1.0,16.7,2-2,1,#a5b4c2
P-9,Waste Bin,Waste bin count,Population density,7.0,47.2,3-3,7,#3b4994
P-12,Waste Bin,Waste bin count,Population density,12.0,48.6,3-3,12,#3b4994
AF-5,Waste Bin,Waste bin count,Population density,1.0,21.6,2-2,1,#a5b4c2
O-13,Waste Bin,Waste bin count,Population density,46.0,58.1,3-3,46,#3b4994
AI-17,Waste Bin,Waste bin count,Population density,,0.5,1-1,0,#e8e8e8
H-16,Waste Bin,Waste bin count,Population density,,4.0,1-2,0,#ace4e4
AK-9,Waste Bin,Waste bin count,Population density,,3.5,1-1,0,#e8e8e8
W-22,Waste Bin,Waste bin count,Population density,,0.3,1-1,0,#e8e8e8
AE-8,Waste Bin,Waste bin count,Population density,,3.2,1-1,0,#e8e8e8
X-6,Waste Bin,Waste bin count,Population density,1.0,14.6,2-2,1,#a5b4c2
H-11,Waste Bin,Waste bin count,Population density,,6.9,1-2,0,#ace4e4
V-12,Waste Bin,Waste bin count,Population density,41.0,61.2,3-3,41,#3b4994
T-20,Waste Bin,Waste bin count,Population density,10.0,10.0,3-2,10,#8c62aa
AO-11,Waste Bin,Waste bin count,Population density,,0.0,1-1,0,#e8e8e8
K-10,Waste Bin,Waste bin count,Population density,,0.5,1-1,0,#e8e8e8
AB-19,Waste Bin,Waste bin count,Population density,1.0,3.8,2-1,1,#dfb0d6
AE-11,Waste Bin,Waste bin count,Population density,15.0,10.6,3-2,15,#8c62aa
Q-16,Waste Bin,Waste bin count,Population density,1.0,29.6,2-3,1,#5698b9
Z-18,Waste Bin,Waste bin count,Population density,30.0,86.9,3-3,30,#3b4994
AC-13,Waste Bin,Waste bin count,Population density,56.0,27.9,3-3,56,#3b4994
AE-10,Waste Bin,Waste bin count,Population density,56.0,3.6,3-1,56,#be64ac
T-5,Waste Bin,Waste bin count,Population density,30.0,12.3,3-2,30,#8c62aa
P-20,Waste Bin,Waste bin count,Population density,,12.9,1-2,0,#ace4e4
AJ-16,Waste Bin,Waste bin count,Population density,,0.0,1-1,0,#e8e8e8
AG-17,Waste Bin,Waste bin count,Population density,5.0,16.4,2-2,5,#a5b4c2
T-19,Waste Bin,Waste bin count,Population density,28.0,78.9,3-3,28,#3b4994
I-10,Waste Bin,Waste bin count,Population density,,6.3,1-2,0,#ace4e4
AL-13,Waste Bin,Waste bin count,Population density,16.0,35.0,3-3,16,#3b4994
T-18,Waste Bin,Waste bin count,Population density,14.0,39.5,3-3,14,#3b4994
Q-24,Waste Bin,Waste bin count,Population density,,15.1,1-2,0,#ace4e4
AJ-17,Waste Bin,Waste bin count,Population density,,0.6,1-1,0,#e8e8e8
V-11,Waste Bin,Waste bin count,Population density,91.0,66.8,3-3,91,#3b4994
M-23,Waste Bin,Waste bin count,Population density,,8.8,1-2,0,#ace4e4
H-12,Waste Bin,Waste bin count,Population density,,1.1,1-1,0,#e8e8e8
R-16,Waste Bin,Waste bin count,Population density,15.0,33.2,3-3,15,#3b4994
K-9,Waste Bin,Waste bin count,Population density,4.0,16.1,2-2,4,#a5b4c2
AC-5,Waste Bin,Waste bin count,Population density,,0.5,1-1,0,#e8e8e8
T-23,Waste Bin,Waste bin count,Population density,,1.2,1-1,0,#e8e8e8
J-9,Waste Bin,Waste bin count,Population density,,0.1,1-1,0,#e8e8e8
T-13,Waste Bin,Waste bin count,Population density,95.0,168.5,3-3,95,#3b4994
AI-19,Waste Bin,Waste bin count,Population density,2.0,14.7,2-2,2,#a5b4c2
P-24,Waste Bin,Waste bin count,Population density,5.0,57.2,2-3,5,#5698b9
Z-9,Waste Bin,Waste bin count,Population density,17.0,26.1,3-3,17,#3b4994
AM-10,Waste Bin,Waste bin count,Population density,,13.9,1-2,0,#ace4e4
P-6,Waste Bin,Waste bin count,Population density,4.0,17.0,2-2,4,#a5b4c2
AF-8,Waste Bin,Waste bin count,Population density,,1.9,1-1,0,#e8e8e8
AJ-10,Waste Bin,Waste bin count,Population density,,0.7,1-1,0,#e8e8e8
X-18,Waste Bin,Waste bin count,Population density,42.0,56.2,3-3,42,#3b4994
X-5,Waste Bin,Waste bin count,Population density,,11.0,1-2,0,#ace4e4
W-21,Waste Bin,Waste bin count,Population density,1.0,4.2,2-2,1,#a5b4c2
AA-13,Waste Bin,Waste bin count,Population density,,19.0,1-2,0,#ace4e4
O-19,Waste Bin,Waste bin count,Population density,1.0,4.1,2-2,1,#a5b4c2
AC-18,Waste Bin,Waste bin count,Population density,,5.3,1-2,0,#ace4e4
AC-4,Waste Bin,Waste bin count,Population density,,0.3,1-1,0,#e8e8e8
AI-18,Waste Bin,Waste bin count,Population density,,0.8,1-1,0,#e8e8e8
AB-15,Waste Bin,Waste bin count,Population density,19.0,55.4,3-3,19,#3b4994
L-26,Waste Bin,Waste bin count,Population density,1.0,21.0,2-2,1,#a5b4c2
M-14,Waste Bin,Waste bin count,Population density,7.0,20.8,3-2,7,#8c62aa
U-18,Waste Bin,Waste bin count,Population density,17.0,72.2,3-3,17,#3b4994
N-9,Waste Bin,Waste bin count,Population density,1.0,4.3,2-2,1,#a5b4c2
P-14,Waste Bin,Waste bin count,Population density,20.0,63.5,3-3,20,#3b4994
E-8,Waste Bin,Waste bin count,Population density,,0.4,1-1,0,#e8e8e8
Y-9,Waste Bin,Waste bin count,Population density,34.0,69.3,3-3,34,#3b4994
N-20,Waste Bin,Waste bin count,Population density,1.0,1.2,2-1,1,#dfb0d6
J-20,Waste Bin,Waste bin count,Population density,,1.6,1-1,0,#e8e8e8
N-12,Waste Bin,Waste bin count,Population density,21.0,66.9,3-3,21,#3b4994
W-20,Waste Bin,Waste bin count,Population density,1.0,16.2,2-2,1,#a5b4c2
AC-9,Waste Bin,Waste bin count,Population density,39.0,63.0,3-3,39,#3b4994
F-9,Waste Bin,Waste bin count,Population density,,1.5,1-1,0,#e8e8e8
L-19,Waste Bin,Waste bin count,Population density,,1.3,1-1,0,#e8e8e8
AA-14,Waste Bin,Waste bin count,Population density,4.0,25.8,2-2,4,#a5b4c2
Y-21,Waste Bin,Waste bin count,Population density,1.0,22.7,2-2,1,#a5b4c2
AE-19,Waste Bin,Waste bin count,Population density,1.0,17.3,2-2,1,#a5b4c2
AI-10,Waste Bin,Waste bin count,Population density,,2.2,1-1,0,#e8e8e8
O-21,Waste Bin,Waste bin count,Population density,2.0,21.2,2-2,2,#a5b4c2
Q-5,Waste Bin,Waste bin count,Population density,,1.0,1-1,0,#e8e8e8
AD-8,Waste Bin,Waste bin count,Population density,2.0,20.3,2-2,2,#a5b4c2
O-14,Waste Bin,Waste bin count,Population density,2.0,27.3,2-3,2,#5698b9
AF-7,Waste Bin,Waste bin count,Population density,,0.0,1-1,0,#e8e8e8
AI-9,Waste Bin,Waste bin count,Population density,1.0,2.7,2-1,1,#dfb0d6
Q-19,Waste Bin,Waste bin count,Population density,8.0,26.1,3-3,8,#3b4994
Y-17,Waste Bin,Waste bin count,Population density,20.0,77.8,3-3,20,#3b4994
V-14,Waste Bin,Waste bin count,Population density,30.0,92.6,3-3,30,#3b4994
R-12,Waste Bin,Waste bin count,Population density,29.0,89.5,3-3,29,#3b4994
AC-19,Waste Bin,Waste bin count,Population density,,5.8,1-2,0,#ace4e4
V-15,Waste Bin,Waste bin count,Population density,11.0,47.8,3-3,11,#3b4994
AD-13,Waste Bin,Waste bin count,Population density,,3.3,1-1,0,#e8e8e8
AH-20,Waste Bin,Waste bin count,Population density,,2.8,1-1,0,#e8e8e8
AE-9,Waste Bin,Waste bin count,Population density,79.0,50.3,3-3,79,#3b4994
P-13,Waste Bin,Waste bin count,Population density,13.0,72.0,3-3,13,#3b4994
V-9,Waste Bin,Waste bin count,Population density,13.0,29.2,3-3,13,#3b4994
X-7,Waste Bin,Waste bin count,Population density,7.0,28.3,3-3,7,#3b4994
W-4,Waste Bin,Waste bin count,Population density,,0.4,1-1,0,#e8e8e8
AJ-9,Waste Bin,Waste bin count,Population density,,0.5,1-1,0,#e8e8e8
V-5,Waste Bin,Waste bin count,Population density,,0.1,1-1,0,#e8e8e8
AH-10,Waste Bin,Waste bin count,Population density,5.0,13.2,2-2,5,#a5b4c2
Y-16,Waste Bin,Waste bin count,Population density,12.0,57.5,3-3,12,#3b4994
S-22,Waste Bin,Waste bin count,Population density,,0.3,1-1,0,#e8e8e8
AA-8,Waste Bin,Waste bin count,Population density,,4.7,1-2,0,#ace4e4
AG-12,Waste Bin,Waste bin count,Population density,,7.4,1-2,0,#ace4e4
V-20,Waste Bin,Waste bin count,Population density,69.0,68.7,3-3,69,#3b4994
U-23,Waste Bin,Waste bin count,Population density,,2.5,1-1,0,#e8e8e8
G-13,Waste Bin,Waste bin count,Population density,9.0,4.3,3-2,9,#8c62aa
AG-15,Waste Bin,Waste bin count,Population density,,0.0,1-1,0,#e8e8e8
AE-6,Waste Bin,Waste bin count,Population density,,0.4,1-1,0,#e8e8e8
AF-16,Waste Bin,Waste bin count,Population density,,2.6,1-1,0,#e8e8e8
AI-21,Waste Bin,Waste bin count,Population density,,0.0,1-1,0,#e8e8e8
V-22,Waste Bin,Waste bin count,Population density,7.0,6.9,3-2,7,#8c62aa
L-12,Waste Bin,Waste bin count,Population density,1.0,13.4,2-2,1,#a5b4c2
S-8,Waste Bin,Waste bin count,Population density,1.0,13.2,2-2,1,#a5b4c2
H-17,Waste Bin,Waste bin count,Population density,,0.2,1-1,0,#e8e8e8
U-5,Waste Bin,Waste bin count,Population density,48.0,17.3,3-2,48,#8c62aa
W-16,Waste Bin,Waste bin count,Population density,3.0,59.7,2-3,3,#5698b9
R-24,Waste Bin,Waste bin count,Population density,,0.1,1-1,0,#e8e8e8
AL-12,Waste Bin,Waste bin count,Population density,,1.7,1-1,0,#e8e8e8
M-11,Waste Bin,Waste bin count,Population density,22.0,60.3,3-3,22,#3b4994
AB-20,Waste Bin,Waste bin count,Population density,,10.3,1-2,0,#ace4e4
AB-7,Waste Bin,Waste bin count,Population density,2.0,25.8,2-2,2,#a5b4c2
J-13,Waste Bin,Waste bin count,Population density,12.0,48.2,3-3,12,#3b4994
O-22,Waste Bin,Waste bin count,Population density,1.0,3.2,2-1,1,#dfb0d6
F-11,Waste Bin,Waste bin count,Population density,,0.0,1-1,0,#e8e8e8
T-15,Waste Bin,Waste bin count,Population density,41.0,98.3,3-3,41,#3b4994
O-10,Waste Bin,Waste bin count,Population density,8.0,72.9,3-3,8,#3b4994
K-17,Waste Bin,Waste bin count,Population density,,2.4,1-1,0,#e8e8e8
AK-10,Waste Bin,Waste bin count,Population density,2.0,10.3,2-2,2,#a5b4c2
T-4,Waste Bin,Waste bin count,Population density,,0.0,1-1,0,#e8e8e8
AN-11,Waste Bin,Waste bin count,Population density,,0.0,1-1,0,#e8e8e8
M-22,Waste Bin,Waste bin count,Population density,3.0,13.1,2-2,3,#a5b4c2
AB-13,Waste Bin,Waste bin count,Population density,2.0,19.4,2-2,2,#a5b4c2
J-12,Waste Bin,Waste bin count,Population density,6.0,28.3,2-3,6,#5698b9
H-10,Waste Bin,Waste bin count,Population density,,2.6,1-1,0,#e8e8e8
AH-16,Waste Bin,Waste bin count,Population density,,0.6,1-1,0,#e8e8e8
U-10,Waste Bin,Waste bin count,Population density,29.0,57.8,3-3,29,#3b4994
R-14,Waste Bin,Waste bin count,Population density,27.0,39.7,3-3,27,#3b4994
O-17,Waste Bin,Waste bin count,Population density,30.0,57.1,3-3,30,#3b4994
O-7,Waste Bin,Waste bin count,Population density,,19.3,1-2,0,#ace4e4
F-13,Waste Bin,Waste bin count,Population density,,0.4,2-1,0,#dfb0d6
N-10,Waste Bin,Waste bin count,Population density,,40.6,2-3,0,#5698b9
AK-12,Waste Bin,Waste bin count,Population density,10.0,17.8,3-2,10,#8c62aa
X-14,Waste Bin,Waste bin count,Population density,6.0,37.0,2-3,6,#5698b9
T-16,Waste Bin,Waste bin count,Population density,35.0,95.0,3-3,35,#3b4994
AL-10,Waste Bin,Waste bin count,Population density,,19.7,2-2,0,#a5b4c2
AC-17,Waste Bin,Waste bin count,Population density,1.0,10.5,2-2,1,#a5b4c2
V-21,Waste Bin,Waste bin count,Population density,19.0,26.5,3-3,19,#3b4994
N-16,Waste Bin,Waste bin count,Population density,,4.8,2-2,0,#a5b4c2
AJ-19,Waste Bin,Waste bin count,Population density,,2.8,2-1,0,#dfb0d6
AD-5,Waste Bin,Waste bin count,Population density,,5.1,2-2,0,#a5b4c2
AG-11,Waste Bin,Waste bin count,Population density,3.0,4.7,2-2,3,#a5b4c2
S-16,Waste Bin,Waste bin count,Population density,26.0,92.5,3-3,26,#3b4994
AA-4,Waste Bin,Waste bin count,Population density,7.0,27.9,3-3,7,#3b4994
J-11,Waste Bin,Waste bin count,Population density,11.0,21.6,3-2,11,#8c62aa
V-3,Waste Bin,Waste bin count,Population density,,0.0,2-1,0,#dfb0d6
S-10,Waste Bin,Waste bin count,Population density,54.0,79.8,3-3,54,#3b4994
W-6,Waste Bin,Waste bin count,Population density,1.0,28.4,2-3,1,#5698b9
N-18,Waste Bin,Waste bin count,Population density,2.0,35.4,2-3,2,#5698b9
AD-16,Waste Bin,Waste bin count,Population density,7.0,44.0,3-3,7,#3b4994
Q-25,Waste Bin,Waste bin count,Population density,,3.9,2-1,0,#dfb0d6
AE-7,Waste Bin,Waste bin count,Population density,,16.1,2-2,0,#a5b4c2
M-10,Waste Bin,Waste bin count,Population density,8.0,44.4,3-3,8,#3b4994
U-12,Waste Bin,Waste bin count,Population density,143.0,193.1,3-3,143,#3b4994
K-24,Waste Bin,Waste bin count,Population density,,14.9,2-2,0,#a5b4c2
X-21,Waste Bin,Waste bin count,Population density,,2.7,2-1,0,#dfb0d6
O-25,Waste Bin,Waste bin count,Population density,,7.6,2-2,0,#a5b4c2
N-11,Waste Bin,Waste bin count,Population density,16.0,53.7,3-3,16,#3b4994
Y-11,Waste Bin,Waste bin count,Population density,1.0,44.6,2-3,1,#5698b9
I-12,Waste Bin,Waste bin count,Population density,1.0,6.4,2-2,1,#a5b4c2
M-18,Waste Bin,Waste bin count,Population density,1.0,7.7,2-2,1,#a5b4c2
AD-17,Waste Bin,Waste bin count,Population density,6.0,20.5,2-2,6,#a5b4c2
N-26,Waste Bin,Waste bin count,Population density,,6.3,2-2,0,#a5b4c2
W-14,Waste Bin,Waste bin count,Population density,7.0,27.7,3-3,7,#3b4994
H-9,Waste Bin,Waste bin count,Population density,,5.0,2-2,0,#a5b4c2
AC-8,Waste Bin,Waste bin count,Population density,1.0,5.3,2-2,1,#a5b4c2
AL-14,Waste Bin,Waste bin count,Population density,,4.6,2-2,0,#a5b4c2
P-26,Waste Bin,Waste bin count,Population density,,2.7,2-1,0,#dfb0d6
P-8,Waste Bin,Waste bin count,Population density,,10.9,2-2,0,#a5b4c2
AF-17,Waste Bin,Waste bin count,Population density,5.0,20.5,2-2,5,#a5b4c2
Y-20,Waste Bin,Waste bin count,Population density,,1.0,2-1,0,#dfb0d6
AG-10,Waste Bin,Waste bin count,Population density,,6.4,2-2,0,#a5b4c2
L-15,Waste Bin,Waste bin count,Population density,15.0,52.6,3-3,15,#3b4994
AK-11,Waste Bin,Waste bin count,Population density,,3.7,2-1,0,#dfb0d6
X-16,Waste Bin,Waste bin count,Population density,9.0,78.6,3-3,9,#3b4994
AA-19,Waste Bin,Waste bin count,Population density,,1.2,2-1,0,#dfb0d6
D-10,Waste Bin,Waste bin count,Population density,,0.3,2-1,0,#dfb0d6
S-15,Waste Bin,Waste bin count,Population density,12.0,57.5,3-3,12,#3b4994
Q-14,Waste Bin,Waste bin count,Population density,9.0,44.3,3-3,9,#3b4994
Y-15,Waste Bin,Waste bin count,Population density,,23.5,2-2,0,#a5b4c2
Z-5,Waste Bin,Waste bin count,Population density,9.0,33.5,3-3,9,#3b4994
AK-19,Waste Bin,Waste bin count,Population density,,1.7,2-1,0,#dfb0d6
AG-18,Waste Bin,Waste bin count,Population density,,7.1,2-2,0,#a5b4c2
Z-10,Waste Bin,Waste bin count,Population density,28.0,30.0,3-3,28,#3b4994
AC-3,Waste Bin,Waste bin count,Population density,,0.0,2-1,0,#dfb0d6
U-7,Waste Bin,Waste bin count,Population density,31.0,72.5,3-3,31,#3b4994
X-20,Waste Bin,Waste bin count,Population density,,14.8,2-2,0,#a5b4c2
AA-7,Waste Bin,Waste bin count,Population density,,8.2,2-2,0,#a5b4c2
AE-4,Waste Bin,Waste bin count,Population density,,54.3,2-3,0,#5698b9
AD-14,Waste Bin,Waste bin count,Population density,,0.7,2-1,0,#dfb0d6
AJ-20,Waste Bin,Waste bin count,Population density,,0.5,2-1,0,#dfb0d6
O-9,Waste Bin,Waste bin count,Population density,9.0,30.7,3-3,9,#3b4994
S-20,Waste Bin,Waste bin count,Population density,27.0,32.7,3-3,27,#3b4994
P-23,Waste Bin,Waste bin count,Population density,,17.7,2-2,0,#a5b4c2
J-21,Waste Bin,Waste bin count,Population density,,0.0,2-1,0,#dfb0d6
AI-20,Waste Bin,Waste bin count,Population density,,0.0,2-1,0,#dfb0d6
W-7,Waste Bin,Waste bin count,Population density,33.0,68.4,3-3,33,#3b4994
AF-14,Waste Bin,Waste bin count,Population density,1.0,9.0,2-2,1,#a5b4c2
AC-12,Waste Bin,Waste bin count,Population density,11.0,17.0,3-2,11,#8c62aa
N-24,Waste Bin,Waste bin count,Population density,,1.5,2-1,0,#dfb0d6
W-17,Waste Bin,Waste bin count,Population density,5.0,18.4,2-2,5,#a5b4c2
I-19,Waste Bin,Waste bin count,Population density,,0.0,2-1,0,#dfb0d6
Q-12,Waste Bin,Waste bin count,Population density,12.0,48.8,3-3,12,#3b4994
AK-15,Waste Bin,Waste bin count,Population density,,0.0,2-1,0,#dfb0d6
N-6,Waste Bin,Waste bin count,Population density,,0.3,2-1,0,#dfb0d6
S-18,Waste Bin,Waste bin count,Population density,4.0,36.3,2-3,4,#5698b9
P-15,Waste Bin,Waste bin count,Population density,,9.5,2-2,0,#a5b4c2
Z-20,Waste Bin,Waste bin count,Population density,1.0,1.0,2-1,1,#dfb0d6
AD-10,Waste Bin,Waste bin count,Population density,199.0,65.6,3-3,199,#3b4994
V-10,Waste Bin,Waste bin count,Population density,4.0,22.5,2-2,4,#a5b4c2
J-19,Waste Bin,Waste bin count,Population density,,3.1,2-1,0,#dfb0d6
V-13,Waste Bin,Waste bin count,Population density,51.0,121.3,3-3,51,#3b4994
U-11,Waste Bin,Waste bin count,Population density,83.0,125.2,3-3,83,#3b4994
Q-10,Waste Bin,Waste bin count,Population density,69.0,119.0,3-3,69,#3b4994
AI-16,Waste Bin,Waste bin count,Population density,4.0,2.9,2-1,4,#dfb0d6
M-12,Waste Bin,Waste bin count,Population density,2.0,12.3,2-2,2,#a5b4c2
R-18,Waste Bin,Waste bin count,Population density,6.0,29.1,2-3,6,#5698b9
Q-18,Waste Bin,Waste bin count,Population density,1.0,6.6,2-2,1,#a5b4c2
R-19,Waste Bin,Waste bin count,Population density,9.0,35.3,3-3,9,#3b4994
AF-19,Waste Bin,Waste bin count,Population density,,2.2,2-1,0,#dfb0d6
Z-19,Waste Bin,Waste bin count,Population density,4.0,15.5,2-2,4,#a5b4c2
H-15,Waste Bin,Waste bin count,Population density,17.0,17.5,3-2,17,#8c62aa
M-25,Waste Bin,Waste bin count,Population density,,2.2,2-1,0,#dfb0d6
AB-12,Waste Bin,Waste bin count,Population density,,26.1,2-3,0,#5698b9
AI-15,Waste Bin,Waste bin count,Population density,,2.2,2-1,0,#dfb0d6
R-8,Waste Bin,Waste bin count,Population density,4.0,13.5,2-2,4,#a5b4c2
R-13,Waste Bin,Waste bin count,Population density,61.0,91.0,3-3,61,#3b4994
V-4,Waste Bin,Waste bin count,Population density,,0.0,2-1,0,#dfb0d6
Q-11,Waste Bin,Waste bin count,Population density,16.0,64.9,3-3,16,#3b4994
H-14,Waste Bin,Waste bin count,Population density,6.0,21.3,3-2,6,#8c62aa
Y-19,Waste Bin,Waste bin count,Population density,2.0,5.0,2-2,2,#a5b4c2
W-19,Waste Bin,Waste bin count,Population density,1.0,44.1,2-3,1,#5698b9
AK-13,Waste Bin,Waste bin count,Population density,2.0,10.7,2-2,2,#a5b4c2
W-12,Waste Bin,Waste bin count,Population density,6.0,31.6,3-3,6,#3b4994
U-14,Waste Bin,Waste bin count,Population density,40.0,86.3,3-3,40,#3b4994
W-9,Waste Bin,Waste bin count,Population density,59.0,73.3,3-3,59,#3b4994
AN-13,Waste Bin,Waste bin count,Population density,,0.0,2-1,0,#dfb0d6
AF-18,Waste Bin,Waste bin count,Population density,3.0,17.5,2-2,3,#a5b4c2
O-20,Waste Bin,Waste bin count,Population density,,10.9,2-2,0,#a5b4c2
T-10,Waste Bin,Waste bin count,Population density,29.0,76.1,3-3,29,#3b4994
AB-8,Waste Bin,Waste bin count,Population density,,3.1,2-1,0,#dfb0d6
N-25,Waste Bin,Waste bin count,Population density,,21.3,2-2,0,#a5b4c2
U-6,Waste Bin,Waste bin count,Population density,52.0,23.8,3-2,52,#8c62aa
X-8,Waste Bin,Waste bin count,Population density,41.0,89.8,3-3,41,#3b4994
I-17,Waste Bin,Waste bin count,Population density,,6.4,2-2,0,#a5b4c2
V-19,Waste Bin,Waste bin count,Population density,19.0,35.8,3-3,19,#3b4994
S-24,Waste Bin,Waste bin count,Population density,,7.5,2-2,0,#a5b4c2
K-25,Waste Bin,Waste bin count,Population density,,4.8,2-2,0,#a5b4c2
AF-15,Waste Bin,Waste bin count,Population density,,2.1,2-1,0,#dfb0d6
Z-14,Waste Bin,Waste bin count,Population density,7.0,26.6,3-3,7,#3b4994
M-17,Waste Bin,Waste bin count,Population density,,6.1,2-2,0,#a5b4c2
Y-14,Waste Bin,Waste bin count,Population density,43.0,75.7,3-3,43,#3b4994
Z-21,Waste Bin,Waste bin count,Population density,1.0,19.0,2-2,1,#a5b4c2
AD-4,Waste Bin,Waste bin count,Population density,,0.0,2-1,0,#dfb0d6
AD-18,Waste Bin,Waste bin count,Population density,,4.7,2-2,0,#a5b4c2
Y-4,Waste Bin,Waste bin count,Population density,,4.1,2-2,0,#a5b4c2
M-19,Waste Bin,Waste bin count,Population density,,5.6,2-2,0,#a5b4c2
AK-14,Waste Bin,Waste bin count,Population density,,0.0,2-1,0,#dfb0d6
